CCCCCCCCCCCCCCCC(=O)OC[C@H](COP(=O)(O)OCCN)OC(=O)CCCCC/C=C\C/C=C\C/C=C\C/C=C\CCCCC	9546817	SQGZFCFLUVPOSZ-IVQYLSTHSA-N	C43H78NO8P
CCCCCCCC/C=C/CCCCCCCC(=O)OC[C@H](COP(=O)(O)OCCN)OC(=O)CCC/C=C/C/C=C/C/C=C/CCCCCCCC	134750446	MQXKQCUGNLVKIN-TXVVAUKGSA-N	C43H78NO8P
CCCCCCCC/C=C/CCCCCCCC(=O)O[C@H](COC(=O)CCC/C=C/C/C=C/C/C=C/CCCCCCCC)COP(=O)(O)OCCN	134724488	CNGGAQLBGKHOCL-DEJNTPPBSA-N	C43H78NO8P
CCCCCCCCC/C=C/CCCCCCCC(=O)OCC(COP(=O)([O-])OCC[N+](C)(C)C)OC(=O)CCCCCCC/C=C/C=C/C=C/CC	134769491	UBANJWAHIWGNET-YAQGSQFBSA-N	C43H78NO8P
CCCCC/C=C/CCCCCCCC(=O)OC[C@H](COP(=O)([O-])OCC[N+](C)(C)C)OC(=O)CCCCCC/C=C/C/C=C/C/C=C/CCCCC	134775051	WAJMRNCBPDLVAS-YLGXXXCDSA-N	C43H78NO8P
CCCCC/C=C/C/C=C/CCCCCCCC(=O)OC[C@H](COP(=O)([O-])OCC[N+](C)(C)C)OC(=O)CCCCCCC/C=C/C/C=C/CCCC	134732307	GGKVFGLINBBXFU-GKTRWSFJSA-N	C43H78NO8P
CCCCCCCCCCC/C=C/C/C=C/CCCC(=O)OC[C@H](COP(=O)(O)OCCN)OC(=O)CCCCCCC/C=C/C/C=C/CCCCC	134720598	BEAASWYXNXFGML-CCPNWNBZSA-N	C43H78NO8P
CCCCCCCCCCCCCCCC(=O)OCC(COP(=O)(O)OCCN(C)C)OC(=O)CCC/C=C\C/C=C\C/C=C\C/C=C\CCCCC	131821061	VHCNCVSGVXOBHX-HNBVIXCXSA-N	C43H78NO8P
CCCCCCC/C=C/CCCCCCCC(=O)O[C@H](COC(=O)CCCC/C=C/C/C=C/C/C=C/CCCCC)COP(=O)([O-])OCC[N+](C)(C)C	134723200	CBNLUEASHNZUAJ-BTRDHBAZSA-N	C43H78NO8P
CCCCCC/C=C/CCCCCCCCCCCC(=O)O[C@H](COC(=O)CCCCCCC/C=C/C/C=C/C/C=C/CC)COP(=O)(O)OCCN	134722029	BQWYIOBCOLPPAC-CHPGKVHISA-N	C43H78NO8P
CCCCCCCCCCCCCCCCC(=O)OC[C@H](COP(=O)([O-])OCC[N+](C)(C)C)OC(=O)CCCC/C=C/C/C=C/C/C=C/C/C=C/CC	134750156	MOCVVIONFSWTPR-OJXKTGGTSA-N	C43H78NO8P
CCCCCCCCCCCCCCCCCC(=O)OCC(COP(=O)(O)OCCN(C)C)OC(=O)CCCC/C=C\C/C=C\C/C=C\C/C=C\CC	131821102	CNSOBPKPDNMLHH-LGUFLKDESA-N	C43H78NO8P
CCCCCCCCCCCCC(=O)OCC(COP(=O)([O-])OCC[N+](C)(C)C)OC(=O)CCCCCCCC/C=C\C/C=C\C/C=C\C/C=C\CC	138258252	RZXDMHBSFNDSON-DRJPRSGJSA-N	C43H78NO8P
CCCCCC/C=C\CCCCCCCC(=O)OC(COC(=O)CCCCCC/C=C\C/C=C\C/C=C\CCCCC)COP(=O)(O)OCCN(C)C	131821407	CAQUBGJGGIAYJD-OOCOTUSUSA-N	C43H78NO8P
CCCCCCCCCCCCCCCCCC(=O)C(CN)OP(=O)(O)OC[C@@H](CO)OC(=O)CCC/C=C\C/C=C\C/C=C\C/C=C\CCCCC	144057363	FLYZOXKZUDZSSO-KDUNOKKISA-N	C43H78NO8P
CCCCCCCCCCCCCCCC(=O)OCC(COP(=O)(O)OCCN(C)C)OC(=O)CCCCCC/C=C\C/C=C\C/C=C\C/C=C\CC	131823340	LIIHDRINQJPFJK-BUPHOURSSA-N	C43H78NO8P
CCCCC/C=C/C/C=C/C/C=C/CCCCCCC(=O)OC[C@H](COP(=O)(O)OCCN)OC(=O)CCCCCCCCCCC/C=C/CCCC	134739540	IVAKCGZEDIQKHK-BVUULYRGSA-N	C43H78NO8P
CCCCCCCCCCCCCCCCCC(=O)OC[C@H](COP(=O)(O)OCCN)OC(=O)CCCC=CCC=CCC=CCC=CCCCCC	53652586	ANRKEHNWXKCXDB-VQJSHJPSSA-N	C43H78NO8P
CCCCCC/C=C\CCCCCCCC(=O)OCC(COP(=O)(O)OCCN)OC(=O)CCCCCCCC/C=C\C/C=C\C/C=C\CCCCC	138188092	JQKIMGMIMCFLFR-PHLVFGIESA-N	C43H78NO8P
CCCCCC/C=C/CCCCCCCCCC(=O)OC[C@H](COP(=O)(O)OCCN)OC(=O)CCCCCC/C=C/C/C=C/C/C=C/CCCCC	134723529	CEEXFPAPVYIDPW-GQQNYAIESA-N	C43H78NO8P
CCCCCCCCCCCCC/C=C/C=C/C(=O)O[C@H](COC(=O)CCCCCCC/C=C/C/C=C/CCCC)COP(=O)([O-])OCC[N+](C)(C)C	134774109	VRTOFVVRSJKREU-LYODCSLYSA-N	C43H78NO8P
CCCCCCCCCCCCCCCCCC(=O)C([C@H](CO)OC(=O)CCC/C=C\C/C=C\C/C=C\C/C=C\CCCCC)OP(=O)(O)OCCN	88540248	SYNWDMFLFPSOKW-CQSCOXPRSA-N	C43H78NO8P
CCCCC/C=C\C/C=C\C/C=C\CCCCCCCCC(=O)OC(COC(=O)CCCCCCC/C=C\CCC)COP(=O)([O-])OCC[N+](C)(C)C	138272431	ULLCASTWWOUBJG-USMVDYLDSA-N	C43H78NO8P
CCCCCCCCCCCCC/C=C/C=C/C(=O)O[C@H](COC(=O)CCC/C=C/C/C=C/CCCCCCCCCCC)COP(=O)(O)OCCN	134746271	LERLSGLNWPIACI-LBMROACVSA-N	C43H78NO8P
CCCCCCCC/C=C\CCCCCCCCOCC(COP(=O)(O)OCCN)OC(=O)CCCC(/C=C/C=C/C/C=C/C/C=C/CCCCC)O	138130343	BTKOXANTQWEJKT-SBSOYIPYSA-N	C43H78NO8P
CCCCCCCC/C=C\CCCCCCCCCC(=O)OC[C@H](COP(=O)([O-])OCC[NH3+])OC(=O)CCCCCCC/C=C\C/C=C\C/C=C\CC	102514973	YOMRACGWJSDOIN-ZJCFFPDTSA-N	C43H78NO8P
CCCCCCCC/C=C/CCCCCCCCCC(=O)O[C@H](COC(=O)CCCC/C=C/C/C=C/C/C=C/CCCCC)COP(=O)(O)OCCN	134740517	JDMYIRPBIXAKJM-HLCJHQPKSA-N	C43H78NO8P
CCCCCCC/C=C/CCCCCCCC(=O)OC[C@H](COP(=O)([O-])OCC[N+](C)(C)C)OC(=O)CCCCCCC/C=C/C/C=C/C/C=C/CC	134765982	SBSLJONYGWEPSB-PJVSSPPVSA-N	C43H78NO8P
CCCCCCCCCCCCCCC(=O)OC[C@H](COP(=O)([O-])OCC[N+](C)(C)C)OC(=O)CCCCCC/C=C\C/C=C\C/C=C\C/C=C\CC	53478649	JSXZJOMDSXRJMT-WRMCHHCUSA-N	C43H78NO8P
CCCCCCCCCCCCCCCCCC(=O)OC[C@@H](COP(=O)(O)OCCN)OC(=O)CCC/C=C/C/C=C/C/C=C/C/C=C/CCCCC	21158855	ANRKEHNWXKCXDB-NQPPUBLRSA-N	C43H78NO8P
CCCCC/C=C/C/C=C\CCCCCCCC(=O)OC[C@H](COP(=O)([O-])OCC[N+](C)(C)C)OC(=O)CCCCCCC/C=C\C=C\CCCCC	24778971	XUJBWPUCSCILEN-SXIIZDQKSA-N	C43H78NO8P
CCCCCCCCCCCCCCCC/C=C\OCC(COP(=O)(O)OCCN)OC(=O)CCC/C=C\C/C=C\C=C\[C@H](C/C=C\CCCCC)O	101494181	MGODIQYTYGWFSP-UPGASKKFSA-N	C43H78NO8P
CCCCCCCCCCCCCCCCCC(=O)OCC(COP(=O)([O-])OCC[NH3+])OC(=O)CCCC=CCC=CCC=CCC=CCCCCC	75228680	ANRKEHNWXKCXDB-UHFFFAOYSA-N	C43H78NO8P
CCCCCCCCCCCCCCCCCC(=O)OCC(COP(=O)(O)OCCN)OC(=O)CCCCCC/C=C\C/C=C\C/C=C\C/C=C\CC	138303640	YEHAZLUVAZKVRO-ZKVKLVECSA-N	C43H78NO8P
CCCCCCCCCCCCC/C=C/C=C/C(=O)OC[C@H](COP(=O)(O)OCCN)OC(=O)CCC/C=C/C/C=C/CCCCCCCCCCC	134739333	ITIDVZCFXXEGTQ-YXBFDRORSA-N	C43H78NO8P
CCCCCCCCCCCCC(=O)OC[C@H](COP(=O)([O-])OCC[N+](C)(C)C)OC(=O)CCCCC/C=C\C/C=C\C/C=C\C/C=C\CCCCC	52922204	OROZWUJCDDCYAU-IPUAOQJZSA-N	C43H78NO8P
CCCCCCCCCCCCCCC(=O)OCC(COP(=O)([O-])OCC[N+](C)(C)C)OC(=O)CCC/C=C\C/C=C\C/C=C\C/C=C\CCCCC	24778669	ZSWHHKKYMMYPPD-YRLGDIEZSA-N	C43H78NO8P
CCCCCCCCCCCCCCCCCC(=O)OC[C@H](COP(=O)(O)OCCN)OC(=O)CCC/C=C/C/C=C\C/C=C/C/C=C/CCCCC	123132887	ANRKEHNWXKCXDB-WVRCMVPBSA-N	C43H78NO8P
CCCCCCCCCCCCCC(=O)OC[C@H](COP(=O)(O)OCCN)OC(=O)CCC/C=C/C/C=C/C/C=C/C/C=C/CCCCCCCCC	134738516	IMBIENOFYODYLF-OTABARCVSA-N	C43H78NO8P
CCCCCCCC/C=C\CCCCCCCC(=O)OCC(COP(=O)(O)OCCN(C)C)OC(=O)CCCCCCC/C=C\C/C=C\C/C=C\CC	131821154	QDVRQNUXWDFBQB-KMJQZFAUSA-N	C43H78NO8P
CCCCCCCCCCC/C=C/CCCCC(=O)O[C@H](COC(=O)CCCCCC/C=C/C/C=C/C/C=C/CCCCC)COP(=O)(O)OCCN	134726071	DBOUFARLWAUJLY-IAIUDARDSA-N	C43H78NO8P
CCCCCCCCCCCCCCCCC(=O)OC[C@H](COP(=O)([O-])OCC[N+](C)(C)C)OC(=O)CCCCCCC/C=C/C=C/C=C/C=C/CC	134761315	QLNPJHOXMNZQDN-MCQHBJGISA-N	C43H78NO8P
CCCCCCCCCCCCCCCC/C=C\OCC(COP(=O)(O)OCCN)OC(=O)CCC/C=C\C/C=C\C=C\C(C/C=C\CCCCC)O	134749381	MGODIQYTYGWFSP-CLUXBNISSA-N	C43H78NO8P
CCCCCC/C=C\C/C=C\CCCCCCCC(=O)OC(COC(=O)CCCCCCC/C=C\C/C=C\CCC)COP(=O)([O-])OCC[N+](C)(C)C	138230699	OSVUXQCKPLJLSA-UCHXSRIUSA-N	C43H78NO8P
CCCCCCC/C=C\CCCCCCCC(=O)O[C@H](COC(=O)CCCC/C=C\C/C=C\C/C=C\CCCCC)COP(=O)([O-])OCC[N+](C)(C)C	52922777	CBNLUEASHNZUAJ-TWCRUOQOSA-N	C43H78NO8P
CCCCCCCC/C=C/C/C=C/C/C=C/CCCC(=O)O[C@H](COC(=O)CCCCCCCCCCCCCCCC=C)COP(=O)(O)OCCN	134775182	WBLLYFYMLVMXKH-RHRNHXDQSA-N	C43H78NO8P
CCCCCCCCCCC/C=C/CCCCC(=O)O[C@H](COC(=O)CCC/C=C/C/C=C/C/C=C/CCCCCCCC)COP(=O)(O)OCCN	134755513	OLBALZJTKMXKEY-ASXGSTMMSA-N	C43H78NO8P
CCCCCCCC/C=C\CCCCCCCCOCC(COP(=O)(O)OCCN)OC(=O)CCC/C=C\C/C=C\CC1C(O1)C/C=C/CCCCC	138182597	IZBRKLGFNOLNAY-QQYOMSMWSA-N	C43H78NO8P
CCCCCCCC/C=C/C/C=C/C/C=C/CCCC(=O)O[C@H](COC(=O)CCCCCCCCC/C=C/CCCCCC)COP(=O)(O)OCCN	134734465	HBFLSLPWIYZXSD-NYCKUJPMSA-N	C43H78NO8P
CCCCCCCCCCCCC/C=C/C=C/C(=O)OC[C@H](COP(=O)(O)OCCN)OC(=O)CCCCCCCCC/C=C/C/C=C/CCCCC	134759945	PZPKBEIPRTVACB-DIXHVLHWSA-N	C43H78NO8P
CCCCCCCCCCC(=O)OC[C@H](COP(=O)([O-])OCC[N+](C)(C)C)OC(=O)CCC/C=C/C/C=C/C/C=C/C/C=C/CCCCCCCCC	134720897	BGVYCOAXLBCZLT-IRVLTJKKSA-N	C43H78NO8P
CCCCCCCC/C=C\C/C=C\C/C=C\CCCC(=O)OCC(COP(=O)(O)OCCN(C)C)OC(=O)CCCCCCC/C=C\CCCCCC	131821379	STSZHHBNDFKPLN-FWQHIMQNSA-N	C43H78NO8P
CCCCCCCC/C=C/C/C=C/C/C=C/CCCC(=O)OC[C@H](COP(=O)(O)OCCN)OC(=O)CCCCCCCCC/C=C/CCCCCC	134734877	HEZIDBZRKDQQLI-FXOPCYRUSA-N	C43H78NO8P
CCCCCCCCCCCCCCCCCC(=O)OC[C@H](COP(=O)(O)OCCN)OC(=O)CCCCC/C=C/C/C=C/C/C=C/C/C=C/CCC	134731323	FXZLQKYZGJHRAP-UZFIHAFVSA-N	C43H78NO8P
CCCCCCCC/C=C/CCCCCCCCCC(=O)OC[C@H](COP(=O)(O)OCCN)OC(=O)CCCCCCC/C=C/C/C=C/C/C=C/CC	134782064	YOMRACGWJSDOIN-BPICMGEZSA-N	C43H78NO8P
CCCCCCCCCCCCCCCCCCOCC(COP(=O)(O)OCCN)OC(=O)CCCC(/C=C/C=C\C/C=C\C/C=C\C/C=C\CC)O	138288654	WJVGNYDJFAQTFQ-KLZLKEPISA-N	C43H78NO8P
CCCCCCC/C=C\CCCCCCCC(=O)O[C@H](COC(=O)CCCCCCC/C=C\C/C=C\C/C=C\CC)COP(=O)([O-])OCC[N+](C)(C)C	52922839	MHTCDFONKZYJSF-VRLJBTQQSA-N	C43H78NO8P
CCCCC/C=C/C/C=C/CCCCCCCC(=O)O[C@H](COC(=O)CCCCCCC/C=C/C/C=C/CCCC)COP(=O)([O-])OCC[N+](C)(C)C	134779624	XSAUCFBUCBKVEB-GKTRWSFJSA-N	C43H78NO8P
CCCCCCCCCCCCCCCCCCC(=O)OCC(COP(=O)([O-])OCC[N+](C)(C)C)OC(=O)CC/C=C\C/C=C\C/C=C\C/C=C\CC	138171676	HROMGAHKPUZIGR-PWHLJHMMSA-N	C43H78NO8P
CCCCCCCC/C=C\C/C=C\C/C=C\CCCC(=O)OC(COC(=O)CCCCCCC/C=C\CCCCCC)COP(=O)(O)OCCN(C)C	131821080	PHYBNZNOVYHZOQ-WDNAJWMMSA-N	C43H78NO8P
CCCCCCCC/C=C\CCCCCCCC(=O)OC(COC(=O)CCCC/C=C\C/C=C\C/C=C\CCCCC)COP(=O)(O)OCCN(C)C	131821209	JPQRJDWITZAQPJ-LQKOBSLESA-N	C43H78NO8P
CCCCCCCCCCC/C=C/C/C=C/CCCC(=O)O[C@H](COC(=O)CCCCCCC/C=C/C=C/CCCCCC)COP(=O)(O)OCCN	134773604	VMTGSFLWXAWVKE-JXWGUJERSA-N	C43H78NO8P
CCCCC/C=C\C/C=C\CCCCCCCCCC(=O)OC[C@H](COP(=O)([O-])OCC[NH3+])OC(=O)CCCCCCC/C=C\C/C=C\CCCCC	102515334	WRUBGMUVEQZROH-OOFVPZMUSA-N	C43H78NO8P
CCCCCCCC/C=C/C/C=C/CCCCC(=O)OC[C@H](COP(=O)(O)OCCN)OC(=O)CCCCCCCCC/C=C/C/C=C/CCCCC	134751381	MYYONTXLFHXZHA-UPELJPGZSA-N	C43H78NO8P
CCCCCCCCCCCCCCCCC(=O)OC[C@H](COP(=O)([O-])OCC[N+](C)(C)C)OC(=O)CCCC/C=C\C/C=C\C/C=C\C/C=C\CC	52922495	MOCVVIONFSWTPR-XCDXPQOWSA-N	C43H78NO8P
CCCCCCCCCC/C=C/CCCCCC(=O)OC[C@H](COP(=O)(O)OCCN)OC(=O)CCCCCC/C=C/C/C=C/C/C=C/CCCCC	134751507	NAEJJTNXCHTZBS-SJEJASQQSA-N	C43H78NO8P
CCCCCCCCCCCCCCCCCC(=O)OC[C@H](COP(=O)(O)OCCN)OC(=O)CCC/C=C\C/C=C\C/C=C/C/C=C\CCCCC	73659094	ANRKEHNWXKCXDB-HECUKLRTSA-N	C43H78NO8P
CCCCCCCC/C=C\CCCCCCCC(=O)OC(COC(=O)CCCCCCC/C=C\C/C=C\C/C=C\CC)COP(=O)(O)OCCN(C)C	131821238	HSGYUKMNAHIAOS-KVXNSCJWSA-N	C43H78NO8P
CCCCCC/C=C/C=C/CCCCCCCC(=O)OC[C@H](COP(=O)([O-])OCC[N+](C)(C)C)OC(=O)CCCCCCC/C=C/C/C=C/CCCC	134766917	SKDGAKRSZOLHDJ-QERLYBIOSA-N	C43H78NO8P
CCCCCCCC/C=C/C/C=C/CCCCC(=O)O[C@H](COC(=O)CCCCCCCCC/C=C/C/C=C/CCCCC)COP(=O)(O)OCCN	134725019	CRYZJAXVPNAIBZ-SWIPLSRXSA-N	C43H78NO8P
CCCCC/C=C\CCCCCCCC(=O)OC[C@H](COP(=O)([O-])OCC[N+](C)(C)C)OC(=O)CCCCCC/C=C\C/C=C\C/C=C\CCCCC	52922388	WAJMRNCBPDLVAS-UEBFWZTFSA-N	C43H78NO8P
CCCCC/C=C/C/C=C/C/C=C/CCCCCCC(=O)O[C@H](COC(=O)CCCCCCCCCCCCCCCC=C)COP(=O)(O)OCCN	134735241	HHWPRRDQVQNNSM-XZPUQEOUSA-N	C43H78NO8P
CCCCC/C=C\CCCCCCCC(=O)O[C@H](COC(=O)CCCCCC/C=C\C/C=C\C/C=C\CCCCC)COP(=O)([O-])OCC[N+](C)(C)C	52923219	FIIZWVSBAWLDIK-UEBFWZTFSA-N	C43H78NO8P
CCCCCCCCCCCCCCC(=O)OCC(COP(=O)(O)OCCNC)OC(=O)CCCCC/C=C\C/C=C\C/C=C\C/C=C\CCCCC	131820149	QBHGZBBHPKBYKG-ZDIBONPUSA-N	C43H78NO8P
CCCCCCCCCCCCCCCCCCOCC(COP(=O)(O)OCCN)OC(=O)CCC/C=C\C/C=C\C=C\C(C/C=C\C/C=C\CC)O	134756678	OWDBHKNZTXGSLN-MADFJUMMSA-N	C43H78NO8P
CCCCCCCCCCCCCCCCCCCCCC(=O)OCC(COP(=O)(O)OCCN)OC(=O)CCCCC/C=C/C=C/C=C/C=C/CC	134760660	QFWOSPPXNGBLLP-VIWKQSNLSA-N	C43H78NO8P
CCCCCCCC/C=C\CCCCCCCCCCCC(=O)OCC(COP(=O)(O)OCCN)OC(=O)CCCCC/C=C\C/C=C\C/C=C\CC	138219158	NIWWDRXVTSMNFS-MOUFJLQYSA-N	C43H78NO8P
CCCCCCCCCCCCCCCCCCCC(=O)OC[C@H](COP(=O)(O)OCCN)OC(=O)CCCCCCC/C=C/C=C/C=C/C=C/CC	134730126	FNDRZDOHTHMZKW-SILIGWHTSA-N	C43H78NO8P
CCCCCCCCCCCCCCCCC(=O)O[C@H](COC(=O)CCCC/C=C\C/C=C\C/C=C\C/C=C\CC)COP(=O)([O-])OCC[N+](C)(C)C	52922895	LYNZMLHNPYEREG-ZHMZGHMTSA-N	C43H78NO8P
CCCCCCCCCCCCCCCC/C=C\OC[C@H](COP(=O)(O)OCCN)OC(=O)CCC/C=C\C/C=C\C=C\[C@H](C/C=C\CCCCC)O	52929789	MGODIQYTYGWFSP-RAMILIGYSA-N	C43H78NO8P
CCCCCCCCCC/C=C\C/C=C\CCC(=O)OC(COC(=O)CC/C=C\C/C=C\CCCCCCCCC)COP(=O)([O-])OCC[N+](C)(C)C	134733609	GTDQVCDADITTFR-IXGWNOPWSA-N	C43H78NO8P
CCCCCCCC/C=C/CCCCCCCCCC(=O)O[C@H](COC(=O)CCCCCCC/C=C/C/C=C/C/C=C/CC)COP(=O)(O)OCCN	134758118	PIRHRBPWHDUAHE-BPICMGEZSA-N	C43H78NO8P
CCCCCCCCCCCCCCCCC(=O)O[C@H](COC(=O)CCCC/C=C/C/C=C/C/C=C/C/C=C/CC)COP(=O)([O-])OCC[N+](C)(C)C	134748520	LYNZMLHNPYEREG-UXDHAWAZSA-N	C43H78NO8P
CCCCCCCCCCCCCCCCCCCC(=O)OCC(COP(=O)(O)OCCN)OC(=O)CCCC/C=C\C/C=C\C/C=C\C/C=C\CC	138224165	NYRDUZVMRXFKRA-LGJKDSOTSA-N	C43H78NO8P
CCCCCCCCCCCCCCCCCC(=O)OC[C@H](COP(=O)(O)OCCN)OC(=O)CCC/C=C/C/C=C/C/C=C\C/C=C/CCCCC	134812608	ANRKEHNWXKCXDB-ROWNYWIJSA-N	C43H78NO8P
CCCCCCCCCCC/C=C/C/C=C/CCCC(=O)O[C@H](COC(=O)CCCCCCC/C=C/C/C=C/CCCCC)COP(=O)(O)OCCN	134719635	AVBZSDPCUHAAID-QRLYHGLCSA-N	C43H78NO8P
CCCCCCCC/C=C\CCCCCCCCCC(=O)OC[C@H](COP(=O)(O)OCCN)OC(=O)CCCCCCC/C=C\C/C=C\C/C=C\CC	52924557	YOMRACGWJSDOIN-ZJCFFPDTSA-N	C43H78NO8P
CCCCCCCCCCC/C=C/CCCCC(=O)OC[C@H](COP(=O)(O)OCCN)OC(=O)CCCCCC/C=C/C/C=C/C/C=C/CCCCC	134758795	POXYTWXTBAZWLD-VGWNXWPLSA-N	C43H78NO8P
CCCCC/C=C/C/C=C/C/C=C/CCCCCCC(=O)O[C@H](COC(=O)CCCCCCCCCCC/C=C/CCCC)COP(=O)(O)OCCN	134750802	MUAJVETWGOXGPU-ZAYBZHHYSA-N	C43H78NO8P
CCCCCCCCCCCCCCCC(=O)OC[C@@H](COP(=O)(O)OCCN(C)C)OC(=O)CCC/C=C\C/C=C\C/C=C\C/C=C\CCCCC	9547017	VHCNCVSGVXOBHX-NMAFFUCQSA-N	C43H78NO8P
CCCCCCCC/C=C\CCCCCCCCCC(=O)O[C@H](COC(=O)CCCC/C=C\C/C=C\C/C=C\CCCCC)COP(=O)(O)OCCN	52924400	JDMYIRPBIXAKJM-HCEMQMAESA-N	C43H78NO8P
CCCCCCCC/C=C\C/C=C\C/C=C\CCCC(=O)O[C@H](COC(=O)CCCCCCCCC/C=C\CCCCCC)COP(=O)(O)OCCN	53479633	HBFLSLPWIYZXSD-MRGKWKLGSA-N	C43H78NO8P
CCCCCCCC/C=C\CCCCCCCCCC(=O)OC[C@H](COP(=O)(O)OCCN)OC(=O)CCCC/C=C\C/C=C\C/C=C\CCCCC	52924556	BAORKIQZJCLKSH-JUUFPVJKSA-N	C43H78NO8P
CCCCC/C=C\C/C=C\CCCCCCCCCC(=O)OC[C@H](COP(=O)(O)OCCN)OC(=O)CCCCCCC/C=C\C/C=C\CCCCC	52924585	WRUBGMUVEQZROH-OOFVPZMUSA-N	C43H78NO8P
CCCCCC/C=C/CCCCCCCCCC(=O)O[C@H](COC(=O)CCCCCC/C=C/C/C=C/C/C=C/CCCCC)COP(=O)(O)OCCN	134720040	AZBQETWHIPZCRW-KXENLNTKSA-N	C43H78NO8P
CCCCCC/C=C\C/C=C\CCCCCCCCCC(=O)OC(COC(=O)CCCCCCC/C=C\C/C=C\CCCC)COP(=O)(O)OCCN	138314596	ZMNLXGYYGKHXPN-YGVRUMBCSA-N	C43H78NO8P
CCCCCCCCCCCCCCCCCC(=O)OCC(COP(=O)(O)OCCN)OC(=O)CCC/C=C/C/C=C/C/C=C/C/C=C/CCCCC	9546830	ANRKEHNWXKCXDB-IOLLQWDPSA-N	C43H78NO8P
CCCCCCCCCCCCCCCCCC(=O)C(CN)OP(=O)(O)OC[C@@H](CO)OC(=O)CCCC=CCC=CCC=CCC=CCCCCC	154157316	FLYZOXKZUDZSSO-DWGGQBKHSA-N	C43H78NO8P
CCCCCCCCCCCCCCC(=O)OCC(COP(=O)([O-])OCC[N+](C)(C)C)OC(=O)CCCCCC/C=C\C/C=C\C/C=C\C/C=C\CC	138188911	JSXZJOMDSXRJMT-LTFXTMEVSA-N	C43H78NO8P
CCCCCCCC/C=C/CCCCCCCC(=O)OC[C@H](COP(=O)(O)OCCN)OC(=O)CCCCCC/C=C/C/C=C/C/C=C/CCCCC	134763703	RGWPWGGERDDMEL-WFAAIJNRSA-N	C43H78NO8P
CCCCC/C=C\C/C=C\CCCCCCCCCC(=O)OC(COC(=O)CCCCCCC/C=C\C/C=C\CCCCC)COP(=O)(O)OCCN	138317509	ZVMOCFAAUCJXQU-QWRCKZSHSA-N	C43H78NO8P
CCCCCCCCCCCCC/C=C/CCC(=O)OC[C@H](COP(=O)(O)OCCN)OC(=O)CCC/C=C/C/C=C/C/C=C/CCCCCCCC	134777686	WZNDSUVFOJCGRB-GGFPUIKNSA-N	C43H78NO8P
CCCCCCCCCCCCCC(=O)O[C@@H](COC(=O)CCC/C=C/C/C=C/C/C=C/C/C=C/CCCCCCCCC)COP(=O)(O)OCCN	134723830	CGVWUTCUFBRXMT-WMXQICQPSA-N	C43H78NO8P
CC(C)CCCC(C)C1CCC2C1(CCC3C2CC=C4C3(CCC(C4)OC(=O)NCCCOC(C)(C)COC(C)(C)CC(COP(=O)(C)OC)O)C)C	135219549	CXALNLJPNBVSLO-UHFFFAOYSA-N	C43H78NO8P
CCCCCCCC/C=C/C/C=C/CCC(=O)OC(COC(=O)CCCCCCCCCCCC/C=C/C=C/CCCCC)COP(=O)(O)OCCN	134755956	OPLHWEXHEBNNOJ-FOETZFLPSA-N	C43H78NO8P
CC(C)CCCC(C)C1CCC2C1(CCC3C2CC=C4C3(CCC(C4)OC(=O)NCCCOC(C)(C)CCOC(C)(C)CC(COP(=O)(C)O)O)C)C	126761850	XWDTWOHZLBRRIF-UHFFFAOYSA-N	C43H78NO8P
CCCCCCCCCCCCC/C=C/CCC(=O)O[C@H](COC(=O)CCCCCC/C=C/C/C=C/C/C=C/CCCCC)COP(=O)(O)OCCN	134752355	NHYCZIISNGCYTJ-OLIADBHPSA-N	C43H78NO8P
CCCCCCCCCCCCCCCCCC(=O)OC[C@H](COP(=O)(O)OCCN)OC(=O)CCC/C=C\C/C=C/C/C=C/C/C=C/CCCCC	45253978	ANRKEHNWXKCXDB-KZZJFXNBSA-N	C43H78NO8P
CCCCC/C=C/C/C=C/C/C=C/CCCCCCC(=O)OC[C@H](COP(=O)(O)OCCN)OC(=O)CCCCCCCCCCCCCCCC=C	134768413	SXCLEIPYRIJJHO-QGRHBGCLSA-N	C43H78NO8P
CCCCC/C=C/C/C=C/CCCCCCCCCC(=O)OC[C@H](COP(=O)(O)OCCN)OC(=O)CCCCCCC/C=C/C/C=C/CCCCC	134776894	WRUBGMUVEQZROH-MODXCICJSA-N	C43H78NO8P
CCCCCC/C=C\CCCCCCCC(=O)OC[C@H](COP(=O)(O)OCCN)OC(=O)CCCCCCCC/C=C\C/C=C\C/C=C\CCCCC	53479598	JQKIMGMIMCFLFR-IEECDEBMSA-N	C43H78NO8P
CCCCCCCC/C=C/C/C=C/C/C=C/CCCC(=O)OC[C@@H](COP(=O)([O-])OCC[N+](C)(C)C)OC(=O)CCCCCCC/C=C/CCCCC	134724865	CQTASFFXGVCXGV-VHCGWNQSSA-N	C43H78NO8P
CCCCC/C=C/CCCCCCCC(=O)O[C@@H](COC(=O)CCCCCC/C=C/C/C=C/C/C=C/CCCCC)COP(=O)([O-])OCC[N+](C)(C)C	134729612	FIIZWVSBAWLDIK-UPUNIFQCSA-N	C43H78NO8P
CCCCC/C=C\C/C=C\CCCCCCCC(=O)OC[C@@H](OC(=O)CCCCCCC/C=C\C/C=C\CCCCC)OP(=O)([O-])OCC[N+](C)(C)C	154625766	IRKZFVCSXFMJIX-HYNGKDMNSA-N	C43H78NO8P
CCCCCCCCCCCCCCC(=O)O[C@H](COC(=O)CCC/C=C\C/C=C\C/C=C\C/C=C\CCCCC)COP(=O)([O-])OCC[N+](C)(C)C	52923279	DCYLYWXGIOPMPD-JPHHGWJMSA-N	C43H78NO8P
CCCCCCCCCCCCCCC(=O)OCC(COP(=O)([O-])OCC[N+](C)(C)C)OC(=O)CC/C=C\C/C=C\C/C=C\C/C=C\CCCCCC	134724308	CLOJCJSOXWBGTM-BSBLZQCJSA-N	C43H78NO8P
CCCCCCCCCCCCCCCCCCOCC(COP(=O)(O)OCCN)OC(=O)CCCC1C(O1)/C=C\C=C/C=C/C/C=C/CCCCC	138256484	RUSQCERQVNYBHC-WIEWLYTISA-N	C43H78NO8P
CCCCCCCCCCC/C=C/CCCCC(=O)OC[C@H](COP(=O)(O)OCCN)OC(=O)CCC/C=C/C/C=C/C/C=C/CCCCCCCC	134782339	YREQNIWPOCTCJJ-HFCFGNDRSA-N	C43H78NO8P
CCCCCCCCCCCCCCC(=O)O[C@H](COC(=O)CCCCCC/C=C\C/C=C\C/C=C\C/C=C\CC)COP(=O)([O-])OCC[N+](C)(C)C	53479061	AWUXYTGHWWSMNI-WRMCHHCUSA-N	C43H78NO8P
CCCCC/C=C\CCCCCCCC(=O)OCC(COP(=O)([O-])OCC[N+](C)(C)C)OC(=O)CCCCCCCCC/C=C\C/C=C\C/C=C\CC	138175241	ICNFUYAKIADVFC-BTILKBFRSA-N	C43H78NO8P
CCCCCCCCCCCCCCCCCC(=O)OC[C@H](COP(=O)(O)OCCN)OC(=O)CCC/C=C/C/C=C/C/C=C\C/C=C\CCCCC	44552596	ANRKEHNWXKCXDB-JQZCJHLPSA-N	C43H78NO8P
CCCCCCCC/C=C/CCCCCCCC(=O)O[C@H](COC(=O)CCCCCC/C=C/C/C=C/C/C=C/CCCCC)COP(=O)(O)OCCN	134728758	FAXNOMFRCOIDAY-NYKPTLCGSA-N	C43H78NO8P
CCCCC/C=C\C/C=C\CCCCCCCCCC(=O)O[C@H](COC(=O)CCCCCCC/C=C\C/C=C\CCCCC)COP(=O)(O)OCCN	52924372	ZVMOCFAAUCJXQU-OOFVPZMUSA-N	C43H78NO8P
CCCCCCCCCCCCCCCC/C=C\OCC(COP(=O)(O)OCCN)OC(=O)CCC/C=C\C/C=C\C/C=C\C/C=C\CCCCCO	134729433	FGTFISUIRQWRHZ-CACGPZCKSA-N	C43H78NO8P
CCCCCC/C=C/C=C/CCCCCCCC(=O)O[C@H](COC(=O)CCCCCCCCC/C=C/C/C=C/CCCCC)COP(=O)(O)OCCN	134767394	SOKVQIMDOZBNTD-XBCLBYISSA-N	C43H78NO8P
CCCCCCCCCCC(=O)O[C@@H](COC(=O)CCC/C=C/C/C=C/C/C=C/C/C=C/CCCCCCCCC)COP(=O)([O-])OCC[N+](C)(C)C	134773691	VNRXHBSTYIBHLG-VPLPYSSXSA-N	C43H78NO8P
CCCCCCCCCCCCCCCC/C=C\OCC(COP(=O)(O)OCCN)OC(=O)CCC/C=C\C/C=C\CC1C(O1)C/C=C\CCCCC	134776235	WLNUMGITYHBIGP-UHQQLNJESA-N	C43H78NO8P
CCCCCCCCCCCCCCC(=O)OC(COC(=O)CCCCC/C=C\C/C=C\C/C=C\C/C=C\CCCCC)COP(=O)(O)OCCNC	131820706	LFMJLJWTVXNXBA-ZDIBONPUSA-N	C43H78NO8P
CCCCCCCC/C=C\CCCCCCCC(=O)O[C@H](COC(=O)CCCCCC/C=C\C/C=C\C/C=C\CCCCC)COP(=O)(O)OCCN	52924615	FAXNOMFRCOIDAY-UMHZRRRASA-N	C43H78NO8P
CCCCCCCCCCCC(=O)OCC(COP(=O)(O)OCCN)OC(=O)CCCCCCCCCCCC/C=C\C/C=C\C/C=C\C/C=C\CC	138216182	MZLYGMRBNDTYIT-OFAZCYPNSA-N	C43H78NO8P
CCCCCCCCCC/C=C/CCCCCC(=O)O[C@H](COC(=O)CCC/C=C/C/C=C/C/C=C/CCCCCCCC)COP(=O)(O)OCCN	134736993	HXUSIWPWVNFNEQ-ZIXAGXCYSA-N	C43H78NO8P
CCCCCCCCCCCCC/C=C/C=C/C(=O)O[C@H](COC(=O)CCCCCCCCC/C=C/C/C=C/CCCCC)COP(=O)(O)OCCN	134744537	KOGMHNWDVMIJNT-VTKSJLJCSA-N	C43H78NO8P
CCCCCCCCCCCCCCCCCCCC(=O)O[C@H](COC(=O)CCCC/C=C\C/C=C\C/C=C\C/C=C\CC)COP(=O)(O)OCCN	52924458	HKJCCNCCESQWTM-OUJOQKIDSA-N	C43H78NO8P
CCCCCCCCCCCCCCCC(=O)OC(COC(=O)CCCCCC/C=C\C/C=C\C/C=C\C/C=C\CC)COP(=O)(O)OCCN(C)C	131821462	PBBOYJKOKRZPFS-BUPHOURSSA-N	C43H78NO8P
CCCCCCCC/C=C\CCCCCCCC(=O)OCC(COP(=O)(O)OCCN(C)C)OC(=O)CCCC/C=C\C/C=C\C/C=C\CCCCC	131821153	CUHYMRUSSLKUBB-GDCOHCFNSA-N	C43H78NO8P
CCCCCCCCCCCCCCCCCC(=O)OC[C@@H](COP(=O)(O)OCCN)OC(=O)CCC/C=C\C/C=C\C/C=C\C/C=C\CCCCC	9546819	ANRKEHNWXKCXDB-LBDXQSPWSA-N	C43H78NO8P
CCCCCCCCCCCCCCC(=O)O[C@@H](COC(=O)CCCCC/C=C/C/C=C/C/C=C/C/C=C/CCC)COP(=O)([O-])OCC[N+](C)(C)C	134753091	NOMPJTVGNKNDIX-PMNCODTQSA-N	C43H78NO8P
CCCCCCCCCCCCCC(=O)OC(COC(=O)CCCCC/C=C\C/C=C\C/C=C\C/C=C\CCCCC)COP(=O)(O)OCCN(C)C	131821602	LYSXSMDWVPJWQT-HVPDHYGESA-N	C43H78NO8P
CCCCCCCCCCCCCCCC(=O)OCC(COP(=O)(O)OCCN)OC(=O)CCCCCCCC/C=C\C/C=C\C/C=C\C/C=C\CC	138175392	ICYDFONFTSPCRL-BHYOAKPMSA-N	C43H78NO8P
CCCCCC/C=C/C=C/CCCCCCCC(=O)O[C@H](COC(=O)CCCCCCC/C=C/C/C=C/CCCC)COP(=O)([O-])OCC[N+](C)(C)C	134726822	DIQSENIRNFDTAN-QERLYBIOSA-N	C43H78NO8P
CCCCCC/C=C\CCCCCCCCCC(=O)OCC(COP(=O)(O)OCCN(C)C)OC(=O)CCCC/C=C\C/C=C\C/C=C\CCCCC	131821127	DCXZMFCOAUHUQJ-ARPCXIINSA-N	C43H78NO8P
CCCCC/C=C\C/C=C\CCCCCCCC(=O)OCC(COP(=O)(O)OCCN(C)C)OC(=O)CCCCCCC/C=C\C/C=C\CCCCC	131821181	OUZIZLCUHUZKOQ-KWXKLSQISA-N	C43H78NO8P
CCCCCCCCCCCCCCCCCC(=O)OC(COC(=O)CCC/C=C/C/C=C/C/C=C/C/C=C/CCCCC)COP(=O)(O)OCCN	9546823	FKCXXHSNNJJOHT-LIKLSGJZSA-N	C43H78NO8P
CCCCCCCCCC/C=C/CCCCCC(=O)OC[C@H](COP(=O)(O)OCCN)OC(=O)CCC/C=C/C/C=C/C/C=C/CCCCCCCC	134759257	PTAFZVFTQKUYDL-OWXJVJBASA-N	C43H78NO8P
CCCCCCCC/C=C/CCCCCCCCCC(=O)OC[C@H](COP(=O)(O)OCCN)OC(=O)CCCC/C=C/C/C=C/C/C=C/CCCCC	134720221	BAORKIQZJCLKSH-ZRSLJKSYSA-N	C43H78NO8P
CCCCC/C=C\C/C=C\CCCCCCCCCCCC(=O)OC(COC(=O)CCCCCCC/C=C\C/C=C\CCC)COP(=O)(O)OCCN	138316183	ZRHUEGCWTJZFOZ-ZJCTUUHQSA-N	C43H78NO8P
CCCCCCCCCCCCCCC(=O)OC[C@H](COP(=O)([O-])OCC[N+](C)(C)C)OC(=O)CCCCC/C=C/C/C=C/C/C=C/C/C=C/CCC	134733691	GTWROQGKZXKGIH-UOQVDKQLSA-N	C43H78NO8P
CCCCCCCCCCCCC/C=C/C=C/C(=O)OC[C@H](COP(=O)([O-])OCC[N+](C)(C)C)OC(=O)CCCCCCC/C=C/C/C=C/CCCC	134720731	BFFKIVWDXHBBOX-DNCYBQMKSA-N	C43H78NO8P
CCCCCCCCCCCCCCCCCC(=O)OC[C@H](COP(=O)(O)OCCN)OC(=O)CCC/C=C\C/C=C/C/C=C\C/C=C\CCCCC	53301835	ANRKEHNWXKCXDB-RYPNQYQFSA-N	C43H78NO8P
CCCCCCCCCCCCCCCC(=O)OC(COC(=O)CCC/C=C\C/C=C\C/C=C\C/C=C\CCCCC)COP(=O)(O)OCCN(C)C	131821434	CFDZVHHNVMLPNG-YPBLEIQRSA-N	C43H78NO8P
CCCCCCCCCCC/C=C/C/C=C/CCCC(=O)OC[C@H](COP(=O)(O)OCCN)OC(=O)CCCCCCC/C=C/C=C/CCCCCC	134785428	ZTBICCWROFIFFY-YVXGYECCSA-N	C43H78NO8P
CCCCCC/C=C\CCCCCCCCCC(=O)OC(COC(=O)CCCCCCC/C=C\C/C=C\C/C=C\CC)COP(=O)(O)OCCN(C)C	131821237	ADVITIDKLXPXRP-RUJUTHCMSA-N	C43H78NO8P
CCCCCCCCCCCCCCCCCC(=O)OCC(COP(=O)(O)OCCN)OC(=O)CC/C=C\C/C=C\C/C=C\C/C=C\CCCCCC	134774337	VUDFSDNQOHMQTE-NQWSYULSSA-N	C43H78NO8P
CCCCCCC/C=C/CCCCCCCC(=O)OC[C@H](COP(=O)([O-])OCC[N+](C)(C)C)OC(=O)CCCC/C=C/C/C=C/C/C=C/CCCCC	134726240	DDAWGTLWZAVFDH-NKEFIYQZSA-N	C43H78NO8P
CCCCCCCC/C=C\CCCCCCCC(=O)OC[C@H](COP(=O)(O)OCCN)OC(=O)CCC/C=C\C/C=C\C/C=C\CCCCCCCC	9546816	MQXKQCUGNLVKIN-CWEZSGEASA-N	C43H78NO8P
CCCCCC/C=C\C/C=C\CCCCCCCC(=O)OCC(COP(=O)(O)OCCN)OC(=O)CCCCCCC/C=C\C/C=C\CCCCCC	138277307	VASYAYHJSUUNNT-KWXKLSQISA-N	C43H78NO8P
CCCCCC/C=C\CCCCCCCCCC(=O)O[C@H](COC(=O)CCCCCC/C=C\C/C=C\C/C=C\CCCCC)COP(=O)(O)OCCN	53479775	AZBQETWHIPZCRW-WMCAVMQMSA-N	C43H78NO8P
CCCCCCCCCCCCCCCCCC(=O)OC[C@H](COP(=O)(NCCO)O)OC(=O)CCC/C=C\C/C=C\C/C=C\C/C=C\CCCCC	87281577	BAZGKBXHINOOHU-BHFWLYLHSA-N	C43H78NO8P
CCCCCCCCCCCCCCC(=O)OC[C@H](COP(=O)([O-])OCC[N+](C)(C)C)OC(=O)CCC/C=C/C/C=C/C/C=C/C/C=C/CCCCC	134785404	ZSWHHKKYMMYPPD-BZFOMTPYSA-N	C43H78NO8P
CCCCCC/C=C/CCCCCCCCCCCC(=O)OC[C@H](COP(=O)(O)OCCN)OC(=O)CCCC/C=C/C/C=C/C/C=C/CCCCC	134738278	IJSQJUIKKSQMFM-JCSCSUTESA-N	C43H78NO8P
CCCCC/C=C\C/C=C\CCCCCCCC(=O)OC[C@H](COP(=O)([O-])OCC[N+](C)(C)C)OC(=O)CCCCCCC/C=C\C/C=C\CCCC	52922725	GGKVFGLINBBXFU-GKEUTSOASA-N	C43H78NO8P
CCCCCCCCCCCCCCCCCCCC(=O)OC[C@H](COP(=O)(O)OCCN)OC(=O)CCCC/C=C/C/C=C/C/C=C/C/C=C/CC	134754181	NYRDUZVMRXFKRA-SLCSWFIHSA-N	C43H78NO8P
CCCCCCCCCCCCC/C=C/CCC(=O)OC[C@H](COP(=O)(O)OCCN)OC(=O)CCCCCC/C=C/C/C=C/C/C=C/CCCCC	134718857	ANXOSJHJKWCNIY-LUVHZWIDSA-N	C43H78NO8P
CCCCCCCCCCCCCCCCCC(=O)OC(COC(=O)CCC/C=C\C/C=C\C/C=C\C/C=C\CCCCC)COP(=O)(O)OCCN	20843271	FKCXXHSNNJJOHT-DJTJSCMASA-N	C43H78NO8P
CCCCCCC/C=C\CCCCCCCC(=O)OC[C@H](COP(=O)([O-])OCC[N+](C)(C)C)OC(=O)CCCC/C=C\C/C=C\C/C=C\CCCCC	52922547	DDAWGTLWZAVFDH-PDRBVJKUSA-N	C43H78NO8P
CCCCCCCCCCCCCC(=O)OCC(COP(=O)(O)OCCN(C)C)OC(=O)CCCCC/C=C\C/C=C\C/C=C\C/C=C\CCCCC	131821003	OBQZZRUKJQIELI-HVPDHYGESA-N	C43H78NO8P
CCCCCCCCCCCCCCCC(=O)O[C@H](COC(=O)CCCCC/C=C\C/C=C\C/C=C\C/C=C\CCCCC)COP(=O)(O)OCCN	52924809	JEVQFWZHFCWWMC-JAIMITBRSA-N	C43H78NO8P
CCCCCCCCCCCCCCCCCCC(=O)OCC(COP(=O)([O-])OCC[N+](C)(C)C)OC(=O)CCCCC/C=C/C=C/C=C/C=C/CC	134781128	YGIDMYJYMAGCQA-CAIMMXJASA-N	C43H78NO8P
CCCCCC/C=C\CCCCCCCCCC(=O)OCC(COP(=O)(O)OCCN(C)C)OC(=O)CCCCCCC/C=C\C/C=C\C/C=C\CC	131821128	VSXIALWYRJBSSV-AHDVDYPOSA-N	C43H78NO8P
CCCCCCCCCCCCCCCCCCCC(=O)O[C@H](COC(=O)CCCC/C=C/C/C=C/C/C=C/C/C=C/CC)COP(=O)(O)OCCN	134735530	HKJCCNCCESQWTM-WUZTVJPLSA-N	C43H78NO8P
CCCCCCCCCCCCCCCC/C=C\OCC(COP(=O)(O)OCCN)OC(=O)CCC/C=C\C/C=C\C/C=C\C/C=C\CCC(CC)O	134718784	ANCAYQLYUYMKFT-GZPCIZTNSA-N	C43H78NO8P
CCCCCCCCCCCCCCCCCC(=O)OC[C@H](COP(=O)(O)OCCN)OC(=O)CCC/C=C/C/C=C/C/C=C/C/C=C\CCCCC	45253969	ANRKEHNWXKCXDB-URDNAFHOSA-N	C43H78NO8P
CCCCCCCCCCCCCCCCCCCCCC(=O)OCC(COP(=O)(O)OCCN)OC(=O)CC/C=C\C/C=C\C/C=C\C/C=C\CC	138290713	WQJMXPBPUFDDJK-WNCPSBCRSA-N	C43H78NO8P
CCCCCC/C=C\CCCCCCCC(=O)OCC(COP(=O)(O)OCCN(C)C)OC(=O)CCCCCC/C=C\C/C=C\C/C=C\CCCCC	131821081	GYLCVXKETYQTHG-OOCOTUSUSA-N	C43H78NO8P
CCCCCCCCCCCCCCCCCCCC(=O)OC[C@H](COP(=O)(O)OCCN)OC(=O)CCCC/C=C\C/C=C\C/C=C\C/C=C\CC	9546815	NYRDUZVMRXFKRA-KCHFORSBSA-N	C43H78NO8P
CCCCCCCCCCCCCCCC/C=C\OC[C@H](COP(=O)(O)OCCN)OC(=O)CCC[C@@H](/C=C/C=C\C/C=C\C/C=C\CCCCC)O	52929795	NZGVLVQVZFXVAT-JAFOANHRSA-N	C43H78NO8P
CCCCCCCC/C=C\C/C=C\C/C=C\CCCC(=O)OC[C@H](COP(=O)(O)OCCN)OC(=O)CCCCCCCCC/C=C\CCCCCC	53479748	HEZIDBZRKDQQLI-HAPPWYIRSA-N	C43H78NO8P
CCCCCCCCCCCCCCCCCC(=O)OC[C@H](COP(=O)(O)OCCN)OC(=O)CCC/C=C/C/C=C/C/C=C/C/C=C/CCCCC	9546829	ANRKEHNWXKCXDB-GKGUFKCQSA-N	C43H78NO8P
CCCCCCCCCCC(=O)OCC(COP(=O)([O-])OCC[N+](C)(C)C)OC(=O)CCCCCCCCCC/C=C\C/C=C\C/C=C\C/C=C\CC	138229686	OPOYFJCUCFFDOR-DNAJUZPHSA-N	C43H78NO8P
CCCCCCCCCCCCCCCC/C=C\OC[C@H](COP(=O)(O)OCCN)OC(=O)CCC/C=C\C/C=C\C/C=C\C=C\[C@H](CCCCC)O	52929792	QDGWOVQOWNWSKX-PGVAFJLHSA-N	C43H78NO8P
CCCCCCC/C=C\CCCCCCCC(=O)OC[C@H](COP(=O)([O-])OCC[N+](C)(C)C)OC(=O)CCCCCCC/C=C\C/C=C\C/C=C\CC	52922549	SBSLJONYGWEPSB-VRLJBTQQSA-N	C43H78NO8P
CCCCCCCCCCCCCCCCCC(=O)O[C@H](COC(=O)CCCCCC/C=C\C/C=C\C/C=C\C/C=C\CC)COP(=O)(O)OCCN	53479804	JUYYWEDATPYDSS-FGIXMGIFSA-N	C43H78NO8P
CCCCCCCC/C=C\CCCCCCCCCC(=O)OCC(COP(=O)(O)OCCN)OC(=O)CCCCCCC/C=C\C/C=C\C/C=C\CC	25244407	YOMRACGWJSDOIN-PITZWMLNSA-N	C43H78NO8P
CCCCC/C=C\C/C=C\CCCCCCCC(=O)O[C@H](COC(=O)CCCCCCC/C=C\C/C=C\CCCC)COP(=O)([O-])OCC[N+](C)(C)C	52922605	XSAUCFBUCBKVEB-GKEUTSOASA-N	C43H78NO8P
CCCCCCCCC(=O)OCC(COP(=O)([O-])OCC[N+](C)(C)C)OC(=O)CCCCCCCCCCCC/C=C\C/C=C\C/C=C\C/C=C\CC	138260887	SIBIKXOOSMDGHF-FFSDQCCLSA-N	C43H78NO8P
CCCCCCCCCCCCCCCCCC(=O)O[C@H](COC(=O)CCC/C=C/C/C=C/C/C=C/C/C=C/CCCCC)COP(=O)(O)OCCN	134729806	FKCXXHSNNJJOHT-HSQCFHGCSA-N	C43H78NO8P
CCCCCCCCCCCCCCCC(=O)OCC(COP(=O)(O)OCCN)OC(=O)CCCCC/C=C\C/C=C\C/C=C\C/C=C\CCCCC	9546818	SQGZFCFLUVPOSZ-KXGNKILUSA-N	C43H78NO8P
CCCCCC/C=C/CCCCCCCCCCCC(=O)OC[C@H](COP(=O)(O)OCCN)OC(=O)CCCCCCC/C=C/C/C=C/C/C=C/CC	134764631	RPDCREYMBOEOLQ-CHPGKVHISA-N	C43H78NO8P
CCCCCCCCCCCCCCC(=O)OC[C@H](COP(=O)([O-])OCC[N+](C)(C)C)OC(=O)CCC/C=C\C/C=C\C/C=C\C/C=C\CCCCC	52922330	ZSWHHKKYMMYPPD-MSZSINMWSA-N	C43H78NO8P
CCCCCCCCCCCCCCCCCC(=O)OCC(COP(=O)(O)OCCN)OC(=O)CCCC=CCC=CCC=CCC=CCCCCC	72280040	ANRKEHNWXKCXDB-UHFFFAOYSA-N	C43H78NO8P
CCCCCCCCCCCCCCCCCC(=O)OC[C@H](COP(=O)(O)OCCN)OC(=O)CCC/C=C\C/C=C\C/C=C/C/C=C/CCCCC	145998242	ANRKEHNWXKCXDB-IHVIZKKBSA-N	C43H78NO8P
CCCCCCCC/C=C/C/C=C/C/C=C/CCCC(=O)OC[C@H](COP(=O)(O)OCCN)OC(=O)CCCCCCCCCCC/C=C/CCCC	134745639	KYYQHSIMPPVRHG-JLFWTCHKSA-N	C43H78NO8P
CCCCCCCCCCCCC(=O)OC[C@H](COP(=O)([O-])OCC[N+](C)(C)C)OC(=O)CCCCC/C=C/C/C=C/C/C=C/C/C=C/CCCCC	134756186	OROZWUJCDDCYAU-IPZCCTJNSA-N	C43H78NO8P
CCCCCCCCCC/C=C/CCCCCCCCCC(=O)OCC(COP(=O)(O)OCCN)OC(=O)CCCCCCC/C=C/C=C/C=C/CC	134769945	UETHQWISGLGGOK-JCXRJPGFSA-N	C43H78NO8P
CCCCCC/C=C/C=C/CCCCCCCC(=O)OC[C@H](COP(=O)(O)OCCN)OC(=O)CCCCCCCCC/C=C/C/C=C/CCCCC	134755105	OHCFNDRSPYBDJO-XBCLBYISSA-N	C43H78NO8P
CCCCCCCCCCC/C=C/C/C=C/CCCC(=O)OC[C@H](COP(=O)(O)OCCN)OC(=O)CCCC/C=C/C/C=C/CCCCCCCC	134717615	ACFVJRFFQHHIHU-QUWBMTENSA-N	C43H78NO8P
CCCCCCCCCCCCCCCCC(=O)OCC(COP(=O)([O-])OCC[N+](C)(C)C)OC(=O)CCCC/C=C\C/C=C\C/C=C\C/C=C\CC	138212512	MOCVVIONFSWTPR-LGUFLKDESA-N	C43H78NO8P
CCCCCCCCCCCCC/C=C/CCC(=O)O[C@H](COC(=O)CCC/C=C/C/C=C/C/C=C/CCCCCCCC)COP(=O)(O)OCCN	134776262	WLTMSVXUTAOAIO-ZQJOAKIHSA-N	C43H78NO8P
CCCCCCCCCCCCCCCCCC(=O)O[C@H](COC(=O)CCC/C=C\C/C=C\C/C=C\C/C=C\CCCCC)COP(=O)(O)OCCN	52924644	FKCXXHSNNJJOHT-WKYUVXQZSA-N	C43H78NO8P
CCCCCCCC/C=C/C/C=C/CCCCC(=O)O[C@H](COC(=O)CCCCCCC/C=C/C/C=C/CCCC)COP(=O)([O-])OCC[N+](C)(C)C	134752239	NGUMYPSYUZTKCF-LECROMTNSA-N	C43H78NO8P
CCCCCCCCCCCCCCC(=O)O[C@@H](COC(=O)CCC/C=C/C/C=C/C/C=C/C/C=C/CCCCC)COP(=O)([O-])OCC[N+](C)(C)C	134726226	DCYLYWXGIOPMPD-MDWWGGEXSA-N	C43H78NO8P
CCCCCCCC/C=C\CCCCCCCC(=O)O[C@H](COC(=O)CCCC/C=C/CCC/C=C\C/C=C\CCCCC)COP(=O)(O)OCCN	134814710	GHWQIWQRXYYUAG-MXDFRKLTSA-N	C43H78NO8P
CCCCCCC/C=C/CCCCCCCC(=O)O[C@H](COC(=O)CCCCCCC/C=C/C/C=C/C/C=C/CC)COP(=O)([O-])OCC[N+](C)(C)C	134749506	MHTCDFONKZYJSF-PJVSSPPVSA-N	C43H78NO8P
CCCCCCCCCCCCCCCC(=O)OCC(COP(=O)(O)OCCN)OC(=O)CC/C=C\C/C=C\C/C=C\C/C=C\CCCCCCCC	134776843	WRJMLLZQXDAGES-ASOJYNRJSA-N	C43H78NO8P
CCCCCC/C=C/CCCCCCCCCCCC(=O)O[C@H](COC(=O)CCCC/C=C/C/C=C/C/C=C/CCCCC)COP(=O)(O)OCCN	134745311	KVPJVPTYCRRMOE-DQKIMACZSA-N	C43H78NO8P
CCCCCCCCCCCCCCCCCC(=O)OC[C@H](COP(=O)(O)OCCN)OC(=O)CCC/C=C\C/C=C\C/C=C\C/C=C\CCCCC	5289133	ANRKEHNWXKCXDB-BHFWLYLHSA-N	C43H78NO8P
CCCCCCCCC/C=C\CCCCCCCC(=O)OCC(COP(=O)([O-])OCC[N+](C)(C)C)OC(=O)CCCCC/C=C\C/C=C\C/C=C\CC	138166408	HBCJRGUBVUIFLC-CEHALBJNSA-N	C43H78NO8P
CCCCC/C=C/C/C=C/CCCCCCCCCC(=O)O[C@H](COC(=O)CCCCCCC/C=C/C/C=C/CCCCC)COP(=O)(O)OCCN	134785708	ZVMOCFAAUCJXQU-MODXCICJSA-N	C43H78NO8P
CCCCCCCC/C=C\CCCCCCCCCC(=O)O[C@H](COC(=O)CCCCCCC/C=C\C/C=C\C/C=C\CC)COP(=O)(O)OCCN	52924428	PIRHRBPWHDUAHE-ZJCFFPDTSA-N	C43H78NO8P
CCCCCCCCCC/C=C/CCCCCC(=O)O[C@H](COC(=O)CCCCCC/C=C/C/C=C/C/C=C/CCCCC)COP(=O)(O)OCCN	134721663	BNVWPSFEAIXQDH-XVZFXATMSA-N	C43H78NO8P
CCCCCCCCCCCCC(=O)O[C@@H](COC(=O)CCCCC/C=C/C/C=C/C/C=C/C/C=C/CCCCC)COP(=O)([O-])OCC[N+](C)(C)C	134747438	LOVJAOOPTGDRLF-JTIZEAMUSA-N	C43H78NO8P
CCCCCCCCCCCCCCCCCC(=O)OCC(COP(=O)(O)OCCN)OC(=O)CCC/C=C\C/C=C\C/C=C\C/C=C\CCCCC	6426736	ANRKEHNWXKCXDB-LGHBDAFPSA-N	C43H78NO8P
CCCCCCCC/C=C\CCCCCCCC(=O)OCC(COP(=O)(O)OCCN)OC(=O)CCCCCCCCC/C=C\C/C=C\C/C=C\CC	138151921	FHPKJOCRZAXOEW-ZYKQNZMBSA-N	C43H78NO8P
CCCCCCCCC/C=C/C=C/CCCCCC(=O)OCC(COP(=O)([O-])OCC[N+](C)(C)C)OC(=O)CC/C=C/C/C=C/CCCCCCCC	134779771	XTHVEVKBKCCGOK-FMWDXIERSA-N	C43H78NO8P
CCCCCCCCCCCCCCCCCCCC(=O)O[C@H](COC(=O)CCCCCCC/C=C/C=C/C=C/C=C/CC)COP(=O)(O)OCCN	134758785	POVODSKBLYWBND-SILIGWHTSA-N	C43H78NO8P
CCCCCCCCCCCCCCCCCC(=O)OC[C@H](COP(=O)(NCCO)O)OC(=O)CCCC=CCC=CCC=CCC=CCCCCC	53672706	BAZGKBXHINOOHU-VQJSHJPSSA-N	C43H78NO8P
CCCCCCCCCCCCCCCCC(=O)O[C@H](COC(=O)CCCCCCC/C=C/C=C/C=C/C=C/CC)COP(=O)([O-])OCC[N+](C)(C)C	134784488	ZKXAGZFSZIMVAJ-MCQHBJGISA-N	C43H78NO8P
CCCCCCCCCCCCCCCC(=O)OC[C@H](COP(=O)(O)OCCN)OC(=O)CCCCC/C=C/C/C=C/C/C=C/C/C=C/CCCCC	134767613	SQGZFCFLUVPOSZ-BKEWELDNSA-N	C43H78NO8P
CCCCCCCC/C=C/C/C=C/C/C=C/CCCC(=O)O[C@H](COC(=O)CCCCCCCCCCC/C=C/CCCC)COP(=O)(O)OCCN	134719485	ATSDWSFRTOXIHN-CORVFOBXSA-N	C43H78NO8P
CCCCCCCC/C=C/C/C=C/C/C=C/CCCC(=O)O[C@H](COC(=O)CCCCCCC/C=C/CCCCC)COP(=O)([O-])OCC[N+](C)(C)C	134764377	RMZKJWXAICAYAO-FIEGCSARSA-N	C43H78NO8P
CCCCCCCC/C=C/C/C=C/C/C=C/CCCC(=O)OC[C@H](COP(=O)(O)OCCN)OC(=O)CCCCCCCCCCCCCCCC=C	134764035	RJUUNJYNKJEMJB-BNSXSFDYSA-N	C43H78NO8P
CCCCCCCCCCCCCCCCCC(=O)OC[C@H](COP(=O)([O-])OCC[NH3+])OC(=O)CCC/C=C\C/C=C\C/C=C\C/C=C\CCCCC	46891781	ANRKEHNWXKCXDB-BHFWLYLHSA-N	C43H78NO8P
CCCCCCCC/C=C\CCCCCCCC(=O)OC[C@H](COP(=O)(O)OCCN)OC(=O)CCCCCC/C=C\C/C=C\C/C=C\CCCCC	52924349	RGWPWGGERDDMEL-LMERDAGQSA-N	C43H78NO8P
CCCCCCCCCCC/C=C/C/C=C/CCCC(=O)O[C@H](COC(=O)CCCC/C=C/C/C=C/CCCCCCCC)COP(=O)(O)OCCN	134732667	GKGCOXRHQUAQAL-QNVKHKAQSA-N	C43H78NO8P
CCCCCCCCCCCCCC(=O)OCC(COP(=O)(O)OCCN)OC(=O)CCCCCCCCCC/C=C\C/C=C\C/C=C\C/C=C\CC	138170354	HNLCUVDHYALULG-WNXRHBFNSA-N	C43H78NO8P
CCCCCC/C=C\CCCCCCCCCC(=O)OC(COC(=O)CCCC/C=C\C/C=C\C/C=C\CCCCC)COP(=O)(O)OCCN(C)C	131821208	JZBUJDLSBPKOKB-CMTPGEOKSA-N	C43H78NO8P
CCCCC/C=C\C/C=C\CCCCCCCC(=O)OC(COC(=O)CCCCCCC/C=C\C/C=C\CCCC)COP(=O)([O-])OCC[N+](C)(C)C	138299698	XSAUCFBUCBKVEB-KWXKLSQISA-N	C43H78NO8P
CCCCCCCC/C=C\CCCCCCCC(=O)O[C@H](COC(=O)CCC/C=C\C/C=C\C/C=C\CCCCCCCC)COP(=O)(O)OCCN	53479749	CNGGAQLBGKHOCL-PIBPSNQISA-N	C43H78NO8P
CCCCCCCCCCCCC(=O)O[C@H](COC(=O)CCCCC/C=C\C/C=C\C/C=C\C/C=C\CCCCC)COP(=O)([O-])OCC[N+](C)(C)C	52923611	LOVJAOOPTGDRLF-IPUAOQJZSA-N	C43H78NO8P
CCCCCCCCCCCCCCCCCC(=O)O[C@H](COC(=O)CCCCC/C=C/C/C=C/C/C=C/C/C=C/CCC)COP(=O)(O)OCCN	134736736	HVLXXJQFIFSHQR-NVRHQLCCSA-N	C43H78NO8P
CCCCCCCC/C=C/C/C=C/CCCCC(=O)OC[C@H](COP(=O)([O-])OCC[N+](C)(C)C)OC(=O)CCCCCCC/C=C/C/C=C/CCCC	134770237	UHDNQVAYVMMRNH-DQJOQHEASA-N	C43H78NO8P
CCCCCC/C=C\CCCCCCCCCC(=O)OC[C@H](COP(=O)(O)OCCN)OC(=O)CCCCCC/C=C\C/C=C\C/C=C\CCCCC	53479634	CEEXFPAPVYIDPW-GKKNSTMJSA-N	C43H78NO8P
CCCCCCC/C=C\CCCCCCCC(=O)OCC(COP(=O)([O-])OCC[N+](C)(C)C)OC(=O)CCCCCCC/C=C\C/C=C\C/C=C\CC	138258838	SBSLJONYGWEPSB-KMJQZFAUSA-N	C43H78NO8P
CCCCCCCCCCCCCCCC(=O)O[C@@H](COC(=O)CCCCC/C=C/C/C=C/C/C=C/C/C=C/CCCCC)COP(=O)(O)OCCN	134740665	JEVQFWZHFCWWMC-INJYARGESA-N	C43H78NO8P
CCCCCCCCCCCCCCCCCC(=O)OC[C@H](COP(=O)(O)OCCN)OC(=O)CCCCCC/C=C\C/C=C\C/C=C\C/C=C\CC	53479610	YEHAZLUVAZKVRO-PDWSRYNESA-N	C43H78NO8P
CCCCCCCCCCCCCCCCCC(=O)OC(COC(=O)CCCC/C=C\C/C=C\C/C=C\C/C=C\CC)COP(=O)(O)OCCN(C)C	131821265	LQHYWQIGRSSKGX-UNUCBTHRSA-N	C43H78NO8P
