CN1CCN(CC1)C(=O)OC2C3=NC=CN=C3C(=O)N2C4=NC=C(C=C4)Cl	5735	GBBSUAFBMRNDJC-UHFFFAOYSA-N	C17H17ClN6O3
CC1=C(C(=NC2=NC=NN12)C)CC(=O)O[C@H](C)C(=O)NC3=NC=C(C=C3)Cl	8819489	MBOMDJMEXVFQJL-LLVKDONJSA-N	C17H17ClN6O3
CC1=CC(=NN1CC2=CC=CC=C2Cl)NC(=O)CCN3C=CC(=N3)[N+](=O)[O-]	19335221	FUSHVNJNTFOBRD-UHFFFAOYSA-N	C17H17ClN6O3
CN1CCN([C@@](C1)(C2C3=NC=CN=C3C(=O)N2)C4=NC=C(C=C4)Cl)C(=O)O	68472991	ZYAFOHLQDMDOPK-FBMWCMRBSA-N	C17H17ClN6O3
CC(C)OC(=O)NC1=CN2C=C(N=C2N=C1)C3=C(C=CC(=C3)NC(=O)N)Cl	117618198	HDTSQJBNZAEONG-UHFFFAOYSA-N	C17H17ClN6O3
CC1=CC(=NN1CC2=CC=CC=C2Cl)NC(=O)C3=NN(C(=C3[N+](=O)[O-])C)C	19335144	OJZIGKOOUQEYPH-UHFFFAOYSA-N	C17H17ClN6O3
COCCOC1=NC(=C2C(=N1)N(C(=N2)OC)CC3=CC(=C(C=C3)Cl)C#N)N	57579064	YPTNLMZOEGLACP-UHFFFAOYSA-N	C17H17ClN6O3
COCCN1C(=O)N(N=N1)C2=CC=C(C=C2)NC(=O)NC3=CC(=CC=C3)Cl	71791068	VLUUXFXKZWSZMW-UHFFFAOYSA-N	C17H17ClN6O3
CCC(C(=O)NC1=NN(C=C1)CC2=CC=C(C=C2)Cl)N3C=C(C=N3)[N+](=O)[O-]	19551542	OFCBBDBMPQMDOG-UHFFFAOYSA-N	C17H17ClN6O3
CC1=CC=CC=C1CN2C(=C(C(=N2)C)NC(=O)C3=NNC(=C3Cl)[N+](=O)[O-])C	135803513	VAWHGAXHKSXUAJ-UHFFFAOYSA-N	C17H17ClN6O3
C1C[C@@H](OC1)CNC(=O)CN2C=NC3=C(C2=O)N=NN3C4=CC(=CC=C4)Cl	92298728	GLFSHWRNQSTXFY-CYBMUJFWSA-N	C17H17ClN6O3
CC1=C(C=NN1C(C)C(=O)NC2=CN(N=C2)CC3=CC=CC=C3Cl)[N+](=O)[O-]	19539118	YPOLCFBHACNBSN-UHFFFAOYSA-N	C17H17ClN6O3
CC1=CC(=NN1CC2=CC(=CC=C2)Cl)NC(=O)CCN3C=CC(=N3)[N+](=O)[O-]	19411522	XOSLXXQFJOWDGB-UHFFFAOYSA-N	C17H17ClN6O3
CC1=C(C(=NN1CC2=CC(=CC=C2)Cl)C)NC(=O)CN3C=CC(=N3)[N+](=O)[O-]	19521683	ZCJBAJWMKQDADH-UHFFFAOYSA-N	C17H17ClN6O3
COCCN1C2=C(C=CC=C2Cl)N3C=NC(=C3C1=O)N4C=C(N=N4)COC	67888664	BOXSAIKTCRAWHC-UHFFFAOYSA-N	C17H17ClN6O3
CC1=C(C=NN1CCC(=O)NC2=NN(C=C2)CC3=CC(=CC=C3)Cl)[N+](=O)[O-]	19568143	JFOJDDFPVKSUDD-UHFFFAOYSA-N	C17H17ClN6O3
C[C@H](C1=CC=C(C=C1)Cl)NC(=O)NC2=NC=C3C(=C2)NN=C3NC(=O)OC	118395358	NJVWGCIDWIRIMT-SECBINFHSA-N	C17H17ClN6O3
CC1=NN(C=C1[N+](=O)[O-])C(C)C(=O)NC2=NN(C=C2Cl)CC3=CC=CC=C3	19533164	YDVQHJGWOZRYDU-UHFFFAOYSA-N	C17H17ClN6O3
CC1=C(C=CC(=C1)[N+](=O)[O-])NC(=O)C2=NN(C=C2)CN3C(=C(C(=N3)C)Cl)C	19272019	AISNAIPXMNHMPX-UHFFFAOYSA-N	C17H17ClN6O3
CC1=NN(C=C1[N+](=O)[O-])C(C)C(=O)NC2=CN(N=C2)CC3=CC=CC=C3Cl	19533115	JNYVKIKIIRECTL-UHFFFAOYSA-N	C17H17ClN6O3
CC(C)(C(=O)NC1=NN(C=C1Cl)CC2=CC=CC=C2)N3C=C(C=N3)[N+](=O)[O-]	19400738	UDZCARBCRQZGPM-UHFFFAOYSA-N	C17H17ClN6O3
C1CC(OC1)CNC(=O)C2=NC3=C(C(=O)N2)N=NN3CC4=CC=CC=C4Cl	135401742	VILZAACEVTVIMZ-UHFFFAOYSA-N	C17H17ClN6O3
CC1=CC=CC=C1CN2C=CC(=N2)NC(=O)CN3C(=C(C(=N3)[N+](=O)[O-])Cl)C	994028	SVCKQSBVIWDHRP-UHFFFAOYSA-N	C17H17ClN6O3
CC1=NN(C=C1[N+](=O)[O-])C(C)C(=O)NC2=NN(C=C2)CC3=CC=CC=C3Cl	19285465	PFZMLUQGUDAJIP-UHFFFAOYSA-N	C17H17ClN6O3
CC(C)NC(=O)CCN1C(=O)C2=C(C=CC(=C2)Cl)N3C1=NN(C3=O)CC#N	49673852	RRDJEMCGHKWFHI-UHFFFAOYSA-N	C17H17ClN6O3
CN1CCN(CC1)C2C3=NC(=CN=C3C(=O)N2C4=NC=C(C=C4)Cl)OC=O	87665822	YVOBHKYYXCIEAZ-UHFFFAOYSA-N	C17H17ClN6O3
CN(C)C1=NC(=NC(=N1)OC2=NN(C(=O)C=C2)CC3=CC=C(C=C3)Cl)OC	27261095	VDPRZJBNXKBLSS-UHFFFAOYSA-N	C17H17ClN6O3
CC1=C(C=NN1CCC(=O)NC2=CN(N=C2)CC3=CC(=CC=C3)Cl)[N+](=O)[O-]	19568145	HOULJVLDUPOAMZ-UHFFFAOYSA-N	C17H17ClN6O3
CC1=CC(=NN1C(C)C(=O)NC2=NN(C=C2)CC3=CC=CC=C3Cl)[N+](=O)[O-]	19285544	LVUULKNJTJWMPG-UHFFFAOYSA-N	C17H17ClN6O3
CCN1C=C(C(=N1)C(=O)NC2=NN(C(=C2)C)CC3=CC(=CC=C3)Cl)[N+](=O)[O-]	19411395	BKUBXFKLSFYTQY-UHFFFAOYSA-N	C17H17ClN6O3
CC1=CC(=NN1C(C)C(=O)NC2=CN(N=C2)CC3=CC=CC=C3Cl)[N+](=O)[O-]	19538810	MLRQHCYFFNECKJ-UHFFFAOYSA-N	C17H17ClN6O3
C1C[C@H](OC1)CNC(=O)C2=NC3=C(C(=O)N2)N=NN3CC4=CC=CC=C4Cl	135624135	VILZAACEVTVIMZ-NSHDSACASA-N	C17H17ClN6O3
CCN1C=C(C(=N1)C(=O)N)NC(=O)C2=NN(C=C2)COC3=CC(=CC=C3)Cl	19276560	POSHJKCWIHTUJY-UHFFFAOYSA-N	C17H17ClN6O3
CCOC(=O)C1=NOC(=N1)C2=CN=C(N=C2)NC(C)CC3=C(C=CC=N3)Cl	123955758	HMZSDJISUWCYSI-UHFFFAOYSA-N	C17H17ClN6O3
C1CN(C(CN1CC2C3=NC=CN=C3C(=O)N2)C4=C(C=CC=N4)Cl)C(=O)O	66992014	JXKLBSTXGYIKIA-UHFFFAOYSA-N	C17H17ClN6O3
CC1=CC2=C(C(=C1Cl)N3C(=NN=C3C4CCC=NC4)CO)NC(=O)C(=O)N2	148317787	LCINUEMFULHXHC-UHFFFAOYSA-N	C17H17ClN6O3
CC(CN1C=C(C=N1)[N+](=O)[O-])C(=O)NC2=CN(N=C2)CC3=CC=C(C=C3)Cl	19562400	NHBXQHGGZQRJKK-UHFFFAOYSA-N	C17H17ClN6O3
[2H]C([2H])([2H])N1CCN(CC1)C(=O)O[C@H]2C3=NC=CN=C3C(=O)N2C4=NC=C(C=C4)Cl	25145208	GBBSUAFBMRNDJC-AVSFSGARSA-N	C17H17ClN6O3
C1COCCN1C2=C(C(=O)N(C=C2)CC3=CC=CC=C3Cl)NC(=O)N=[N+]=[N-]	152535203	YKJMGBRSTXXGOA-UHFFFAOYSA-N	C17H17ClN6O3
CCN1C(=C(C=N1)Cl)CNC(=O)C2=CC=C(C=C2)CN3C=C(C=N3)[N+](=O)[O-]	19296663	UFWPYSVTLFFDCX-UHFFFAOYSA-N	C17H17ClN6O3
C1CC(OC1)CNC(=O)CN2C=NC3=C(C2=O)N=NN3C4=CC=C(C=C4)Cl	18561920	ZSLTXIUJGOMMNJ-UHFFFAOYSA-N	C17H17ClN6O3
CC1=C(C=NN1CCC(=O)NC2=CN(N=C2)CC3=CC=C(C=C3)Cl)[N+](=O)[O-]	19567995	VSUXKVKUFNQDJC-UHFFFAOYSA-N	C17H17ClN6O3
C/C(=C/CN1C2=C(N=C1N/N=C/C3=CC=CC=C3O)N(C(=O)NC2=O)C)/Cl	135411981	AZNXOTHRFFWTTN-SYBXNMHVSA-N	C17H17ClN6O3
C1=CC(=CC=C1N2C=C(N=N2)CNC3=C(C=CC(=C3)[N+](=O)[O-])NCCO)Cl	71853630	CCFPMDICNKMMAG-UHFFFAOYSA-N	C17H17ClN6O3
C1COCCN1C(=O)CN2C=NC3=C(C2=O)N=NN3CC4=CC=C(C=C4)Cl	20869502	SEQSOVZHFFSVPD-UHFFFAOYSA-N	C17H17ClN6O3
CC1=CC(=O)NC(=N1)N2C(=CC(=N2)C)NC(=O)NC3=C(C=CC(=C3)Cl)OC	136497069	VJBCWTSUXVPGAI-UHFFFAOYSA-N	C17H17ClN6O3
C1COCCN1CC2=C(C3=C(N2)C=CC(=C3)Cl)C(=CC(=O)C4=NNN=N4)O	73195340	MVNCCGQRHMVZFU-UHFFFAOYSA-N	C17H17ClN6O3
CN1CCN(CC1)C(=O)OC2C3=NC=CC(=C3C(=O)N2C4=NC=NC=C4)Cl	118985338	GYQFOKUJGPPEHA-UHFFFAOYSA-N	C17H17ClN6O3
CC1=C(C=NN1C(C)C(=O)NC2=CN(N=C2)CC3=CC(=CC=C3)Cl)[N+](=O)[O-]	19539183	JHSOTIOURBBTKN-UHFFFAOYSA-N	C17H17ClN6O3
CC1=CC(=C(C=C1)NC(=O)C2=NN(C=C2)CN3C(=C(C(=N3)C)Cl)C)[N+](=O)[O-]	19271988	VIUGXTNJICVTMP-UHFFFAOYSA-N	C17H17ClN6O3
CC1(NC(=O)C2=C(C=C(C(=O)N21)NC3=CC(=NC=N3)NC(=O)C4CC4)Cl)C	118598805	MSMODVCLZGRBDS-UHFFFAOYSA-N	C17H17ClN6O3
CC(C)(C(=O)NC1=NN(C=C1)CC2=CC=C(C=C2)Cl)N3C=C(C=N3)[N+](=O)[O-]	19283769	WLZVVYYGSAZJEV-UHFFFAOYSA-N	C17H17ClN6O3
CC1=CC=CC=C1CN2C=C(C=N2)NC(=O)CN3C(=C(C(=N3)[N+](=O)[O-])Cl)C	4466192	FKQJESGRUBUORK-UHFFFAOYSA-N	C17H17ClN6O3
CC1=C(OC2=C1C=C(C=C2)Cl)C(=O)N3CCN(CC3)C(=O)CN4C=NN=N4	78898265	APFMXSAEPAZPPW-UHFFFAOYSA-N	C17H17ClN6O3
COC1=C(C(=CC(=C1)CNC2=NNN=N2)Cl)OCC3=CC=C(C=C3)C(=O)N	122193682	DYVAHJOELHAWEB-UHFFFAOYSA-N	C17H17ClN6O3
C[C@@H]1CN(CCN1C2=C(C(=O)NC(=N2)C3=CNC4=C3C=CC=N4)Cl)C(=O)O	146226195	DIYIQTKYIFBRNE-SECBINFHSA-N	C17H17ClN6O3
CC1=C(C(=NC2=NC=NN12)C)CCC(=O)OCC(=O)NC3=NC=C(C=C3)Cl	55367169	QALWFXLSQFYHEX-UHFFFAOYSA-N	C17H17ClN6O3
CNC(=O)C1=NN(C=C1NC(=O)C2=NN(C=C2)COC3=CC=CC=C3Cl)C	19265324	YYSZGUJKAHFDAC-UHFFFAOYSA-N	C17H17ClN6O3
C1CC(COC1)OC2=C(C=NC=C2)NC(=O)C3=C4N=CC(=CN4N=C3N)Cl	76286655	OBYPNBIQUKRWRN-UHFFFAOYSA-N	C17H17ClN6O3
CC1=CC(=NN1CCC(=O)NC2=CN(N=C2)CC3=CC=C(C=C3)Cl)[N+](=O)[O-]	19541689	DLFXDGMGYKLVIY-UHFFFAOYSA-N	C17H17ClN6O3
CCN1C2=C(C=C(C=C2)Cl)C(=O)C(=N1)C(=O)NC3=C(N(N=C3C(=O)N)C)C	52020034	ROXPREJFJFKCGV-UHFFFAOYSA-N	C17H17ClN6O3
CN1C2=C(C(=O)N(C1=O)CC(=O)N)N3CCCN(C3=N2)C4=CC(=CC=C4)Cl	3162514	ZJWQIUBMDIDLHK-UHFFFAOYSA-N	C17H17ClN6O3
CC(C)(C(=O)NC1=CN(N=C1)CC2=CC=C(C=C2)Cl)N3C=C(C=N3)[N+](=O)[O-]	19407699	RBTWQLABEGABQD-UHFFFAOYSA-N	C17H17ClN6O3
CC1=CC(=NN1CCC(=O)NC2=CC=CC(=C2)CN3C=C(C=N3)Cl)[N+](=O)[O-]	19541817	ZOQVYCFQTBAUFW-UHFFFAOYSA-N	C17H17ClN6O3
CC1=CC(=NO1)C(=O)N2CCCN2C(=O)C3=CN=C4C(=C3Cl)C(=NN4C)C	3802107	INXNMODDXLHNPV-UHFFFAOYSA-N	C17H17ClN6O3
C1CCOC(C1)N2C=NC3=C(N=CN=C32)NCC4=C(C=CC(=C4)[N+](=O)[O-])Cl	286564	HWSODBLPHNBIID-UHFFFAOYSA-N	C17H17ClN6O3
CC1=C(C=CC=C1Cl)NC(=O)C2=NN(C=C2)CN3C(=C(C(=N3)C)[N+](=O)[O-])C	19264771	BQCAXXVMZQKMAZ-UHFFFAOYSA-N	C17H17ClN6O3
CCNC1=NC(=NC(=N1)OC2=NN(C(=O)C=C2)CC3=CC=C(C=C3)Cl)OC	27244316	FAQFJUPBRHEIRZ-UHFFFAOYSA-N	C17H17ClN6O3
CC1=C(C(=NN1CC2=CC=C(C=C2)Cl)C)NC(=O)CN3C=C(C=N3)[N+](=O)[O-]	19515902	NZYCXKVAWKULCR-UHFFFAOYSA-N	C17H17ClN6O3
C1CN(CCN1C2=NC=C(C=C2)C3=CN=C(C4=NC(=CN34)CO)Cl)C(=O)O	117728207	RNITYMJITOXZJY-UHFFFAOYSA-N	C17H17ClN6O3
CCOC(=O)C1=CC=C(C=C1)NC(=O)CCN2C=NC3=C2N=C(N=C3Cl)N	10134893	PCXKZSMOBFDVKG-UHFFFAOYSA-N	C17H17ClN6O3
COC1=CC=CC=C1N/N=C(/C2=NCCN2CC3=CN=C(C=C3)Cl)\[N+](=O)[O-]	76322335	LAPHASGKCLYGQQ-XLNRJJMWSA-N	C17H17ClN6O3
CC1=C(C=C(C=C1)N2C3=C(C(=O)N(C=N3)CC(=O)N4CCOCC4)N=N2)Cl	7476563	JPYDFJHHAGELSV-UHFFFAOYSA-N	C17H17ClN6O3
CN1C2=C(C(=O)N(C1=O)C)N(C(=N2)Cl)CCCN3C4=CC=CC=C4NC3=O	7998908	BVXWTGBZUCPUKC-UHFFFAOYSA-N	C17H17ClN6O3
C1CO[C@@H](CN1)COC2=C(C=C(C=C2)Cl)NC(=O)NC3=NC=C(N=C3)C#N	11955857	DWWJRRITXOMDHZ-ZDUSSCGKSA-N	C17H17ClN6O3
C1CN(CCN1CC2C3=NC=CN=C3C(=O)N2C4=NC=C(C=C4)Cl)C(=O)O	67055234	YABUVIIBSREJOO-UHFFFAOYSA-N	C17H17ClN6O3
CN1C=NC2=C(N=C(N=C21)Cl)C3=CC(=C(C=C3)NC4CCOCC4)[N+](=O)[O-]	89304384	ZSLADXJDBXWWBC-UHFFFAOYSA-N	C17H17ClN6O3
CC1=C(C(=NN1CC(=O)NC2=CC=NN2CC3=CC=CC=C3Cl)C)[N+](=O)[O-]	31976222	QZTBQWHDFVAOHO-UHFFFAOYSA-N	C17H17ClN6O3
CCN1C2=C(C=C(C=C2)Cl)C(=O)C(=N1)C(=O)NC3=C(N(N=C3C)C)C(=O)N	52020035	HEZXYJDETYFMNP-UHFFFAOYSA-N	C17H17ClN6O3
CC1=C(C(=NN1CC2=CC(=CC=C2)Cl)C)NC(=O)CN3C=C(C=N3)[N+](=O)[O-]	19516069	MEGIIUMEAZXZGC-UHFFFAOYSA-N	C17H17ClN6O3
CC1C(=O)NC(=NC1=O)CCNC(=O)C2=C(N(N=N2)C3=CC=CC=C3Cl)C	71907213	BGTXSHBEXHSJKP-UHFFFAOYSA-N	C17H17ClN6O3
C1COCCN1C2=NC=CN3C2=NN(C3=O)CC(=O)NC4=CC(=CC=C4)Cl	49663345	DAXNZFKOHGFZEG-UHFFFAOYSA-N	C17H17ClN6O3
CN(CC(=O)OCCCC1=NC(=NO1)C2=CN=CC=C2)C3=NN=C(C=C3)Cl	56007339	VNQDHZWWVTVLIX-UHFFFAOYSA-N	C17H17ClN6O3
CC1=CC(=NN1CC2=CC=C(C=C2)Cl)NC(=O)CCN3C=C(C=N3)[N+](=O)[O-]	19283973	UNKDONIBJXHHSP-UHFFFAOYSA-N	C17H17ClN6O3
CCOC(=O)C1=CC(=NN1C)C(=O)NC2=NN(C=N2)CC3=CC=C(C=C3)Cl	19267158	RTCPBGDGPTZLGE-UHFFFAOYSA-N	C17H17ClN6O3
CC1=CC(=NN1C(C)C(=O)NC2=NN(C=C2)CC3=CC=C(C=C3)Cl)[N+](=O)[O-]	19538697	RRSNAUSNJFSYGJ-UHFFFAOYSA-N	C17H17ClN6O3
CCC(C(=O)NC1=CC=CC(=C1)CN2C=C(C=N2)Cl)N3C=C(C=N3)[N+](=O)[O-]	19551671	OJKROUAHKJYISO-UHFFFAOYSA-N	C17H17ClN6O3
CN1C(=CN=N1)C(=O)NCC2=NC(=NO2)[C@H]3C[C@@H](OC3)C4=CC=C(C=C4)Cl	139486525	DXWIIDPZTZPYBU-SMDDNHRTSA-N	C17H17ClN6O3
CC(C(=O)NCCN1C(=O)C=CC(=N1)N2C=NC=N2)OC3=CC(=CC=C3)Cl	71805221	FISAIKYIDXIFFM-UHFFFAOYSA-N	C17H17ClN6O3
CC1=C(C(=NN1CCC(=O)NC2=CC=NN2C3=CC(=CC=C3)Cl)C)[N+](=O)[O-]	60244395	UTTZNGPNVKQDBH-UHFFFAOYSA-N	C17H17ClN6O3
CC1=C(C=CC(=C1)OCC(=O)NCCN2C(=O)C=CC(=N2)N3C=NC=N3)Cl	92068040	WSDOVPYFBPFWGZ-UHFFFAOYSA-N	C17H17ClN6O3
COC1=C(C(=CC(=C1)C2=CN=C3C(=N2)C(=NC(=N3)N)N4CCOCC4)Cl)O	136381168	VSCUQJDBHXJWTK-UHFFFAOYSA-N	C17H17ClN6O3
COC1=CC(=NC(=N1)N2CCC[C@H]2C3=CC(=NO3)C4=NC=CN=C4OC)Cl	87697040	UZVSPIKZKTZTRL-NSHDSACASA-N	C17H17ClN6O3
CC1=CC(=NN1C(C)C(=O)NC2=NN(C=C2Cl)CC3=CC=CC=C3)[N+](=O)[O-]	19538859	XCJAGFPIFHXLJH-UHFFFAOYSA-N	C17H17ClN6O3
CC1=C(C=NN1C(C)C(=O)NC2=CN(N=C2)CC3=CC=C(C=C3)Cl)[N+](=O)[O-]	19539006	JMUGLOVYLXWIEE-UHFFFAOYSA-N	C17H17ClN6O3
[2H]C1(C(N(C(C(N1C)([2H])[2H])([2H])[2H])C(=O)O[C@H]2C3=NC=CN=C3C(=O)N2C4=NC=C(C=C4)Cl)([2H])[2H])[2H]	45039158	GBBSUAFBMRNDJC-KOYLLVOKSA-N	C17H17ClN6O3
CC1=NN(C=C1[N+](=O)[O-])C(C)C(=O)NC2=CN(N=C2)CC3=CC=C(C=C3)Cl	19533008	PQTYZVJTEVWYGW-UHFFFAOYSA-N	C17H17ClN6O3
CC1=NN(C=C1[N+](=O)[O-])CCC(=O)NC2=NN(C=C2)CC3=CC(=CC=C3)Cl	19539908	UDNDNPSMBZTCNB-UHFFFAOYSA-N	C17H17ClN6O3
CCOCCNC(=O)C1=NC2=C(N=C(N=C2NC1=O)C3=CC=C(C=C3)Cl)N	154342154	VHCHBEBILAIOGC-UHFFFAOYSA-N	C17H17ClN6O3
CC1=NN(C=C1[N+](=O)[O-])C(C)C(=O)NC2=NN(C=C2)CC3=CC(=CC=C3)Cl	19533178	DZXMSNNTECYQHA-UHFFFAOYSA-N	C17H17ClN6O3
CN1CCN(CC1)C2=CN=C3C(=N2)C(N(C3=O)C4=NC=C(C=C4)Cl)OC=O	88427244	WXVPELUDPKSKFJ-UHFFFAOYSA-N	C17H17ClN6O3
CC1=C(OC2=C1C=CC=C2Cl)C(=O)N3CCN(CC3)C(=O)CN4C=NN=N4	78905034	WBLZDMPFSRKVDQ-UHFFFAOYSA-N	C17H17ClN6O3
CC(C)(C(=O)NC1=NN(C=C1)CC2=CC(=CC=C2)Cl)N3C=C(C=N3)[N+](=O)[O-]	19403195	QLVCFJCJGNAYLV-UHFFFAOYSA-N	C17H17ClN6O3
CN1C2=C(C=N1)C(=O)N(C=N2)CC(=O)N(C)CC(=O)NC3=CC=CC=C3Cl	24681506	RWNXVBLABULCNS-UHFFFAOYSA-N	C17H17ClN6O3
CC1=CC(=NN1CCC(=O)NC2=CN(N=C2)CC3=CC(=CC=C3)Cl)[N+](=O)[O-]	19541865	JYESHHZGMYUIDD-UHFFFAOYSA-N	C17H17ClN6O3
C1=CC=C(C=C1)COC(=O)N(CCCNC(=O)C2=CN=C(C=C2)Cl)N=[N+]=[N-]	152275448	WKFVAMRPXWQGIB-UHFFFAOYSA-N	C17H17ClN6O3
COC(=O)C1=CC=CC(=C1)CN2C3=C(C(=NC(=N3)Cl)N4CCOCC4)N=N2	91036707	ICRORCJHMMQQOX-UHFFFAOYSA-N	C17H17ClN6O3
C[C@@H](C1=CC2=C(C=CC(=C2)Cl)NC1O)NC3=NC(=NC=N3)N4CCOC4=O	153632860	LVKTZDQQWIPHHY-CUVJYRNJSA-N	C17H17ClN6O3
CC1=NOC(=N1)C2=CN(N=N2)C3CCN(C3)C(=O)C4=C(C=CC(=C4)Cl)OC	91892146	JZOVAFHZLUVDRH-UHFFFAOYSA-N	C17H17ClN6O3
C[C@@]1(CCN(C1=O)C2=NC(=NC3=C2N=NN3CC4=CC=C(C=C4)OC)Cl)O	153944708	TYDYQPRQYZSPGR-KRWDZBQOSA-N	C17H17ClN6O3
CC(C)(C(=O)NC1=CN(N=C1)CC2=CC(=CC=C2)Cl)N3C=C(C=N3)[N+](=O)[O-]	19338289	XWIRVBHPWAUTNY-UHFFFAOYSA-N	C17H17ClN6O3
CCN1C=C(C(=N1)C(=O)NC2=NN(C(=C2)C)CC3=CC=CC=C3Cl)[N+](=O)[O-]	19335094	ZVEBWBUJAKOWPX-UHFFFAOYSA-N	C17H17ClN6O3
CC1=NN(C2=C1C=C(C=C2Cl)C3=NN4CCN(CC4=C3C(=O)N)C(=O)O)C	122639806	TZTJYUYJPAPUDN-UHFFFAOYSA-N	C17H17ClN6O3
CC1=CC(=NN1CCC(=O)NC2=CN(N=C2)CC3=CC=CC=C3Cl)[N+](=O)[O-]	19541800	HVQUNTHFMRVADP-UHFFFAOYSA-N	C17H17ClN6O3
C1C[C@H](CN(C1)C(=O)C2=CN3C=C(C=NC3=N2)Cl)C4=CC=NN4CC(=O)O	126431508	RYHNDEOXOJKVBP-LLVKDONJSA-N	C17H17ClN6O3
C1CC(CN(C1)C(=O)O)N2C3=NC=NC(=C3N(C2=O)C4=CC=C(C=C4)Cl)N	89725651	CAYTZPXQANXQKI-UHFFFAOYSA-N	C17H17ClN6O3
CC1=NN(C=C1[N+](=O)[O-])C(C)C(=O)NC2=CN(N=C2)CC3=CC(=CC=C3)Cl	19533180	WCWUJLQETGZSHP-UHFFFAOYSA-N	C17H17ClN6O3
C1=CC(=CC=C1CN2C=C(C=N2)[N+](=O)[O-])C(=O)NCCCN3C=C(C=N3)Cl	19330223	WJLUSLKCDFUUGX-UHFFFAOYSA-N	C17H17ClN6O3
CC1=C(C=NN1C)CNC(=O)C2=CC=C(C=C2)CN3C=C(C(=N3)[N+](=O)[O-])Cl	17023905	KXAXXRVPKSZJPD-UHFFFAOYSA-N	C17H17ClN6O3
CN1CC(N(C(C1)C2=C3C(=C(N2)O)N=CC=N3)C(=O)O)C4=NC=C(C=C4)Cl	136504648	BCXKQPYDNYHLKW-UHFFFAOYSA-N	C17H17ClN6O3
CC1=CC(=NN1C(C)C(=O)NC2=NN(C=C2)CC3=CC(=CC=C3)Cl)[N+](=O)[O-]	19538873	ZRBSXKZNYBQJKU-UHFFFAOYSA-N	C17H17ClN6O3
CC1=NOC(=N1)C2=CN(N=N2)[C@H]3CCN(C3)C(=O)C4=C(C=CC(=C4)Cl)OC	99758946	JZOVAFHZLUVDRH-LBPRGKRZSA-N	C17H17ClN6O3
CC1=C(C=NN1CCC(=O)NC2=CC=CC(=C2)CN3C=C(C=N3)Cl)[N+](=O)[O-]	19568104	ALQLWXZEVQEYKD-UHFFFAOYSA-N	C17H17ClN6O3
CCOC(=O)C1=CC(=NN1C)C(=O)NC2=NN(C=N2)CC3=CC(=CC=C3)Cl	19267165	DXNCIUBOGDKLSK-UHFFFAOYSA-N	C17H17ClN6O3
CCC(C(=O)NC1=CN(N=C1)CC2=CC=C(C=C2)Cl)N3C=C(C=N3)[N+](=O)[O-]	19551543	LPIGHCPPHHJYIL-UHFFFAOYSA-N	C17H17ClN6O3
[2H]C1(C(N(C(C(N1C)([2H])[2H])([2H])[2H])C(=O)O[C@@H]2C3=NC=CN=C3C(=O)N2C4=NC=C(C=C4)Cl)([2H])[2H])[2H]	121225348	GBBSUAFBMRNDJC-YGCKBXHISA-N	C17H17ClN6O3
CC1=CC(=CC=C1)CN2C=CC(=N2)NC(=O)CN3C(=C(C(=N3)[N+](=O)[O-])Cl)C	19529425	YESIKENACRDDOK-UHFFFAOYSA-N	C17H17ClN6O3
CC1=CC(=NN1CC2=CC=C(C=C2)Cl)NC(=O)CCN3C=CC(=N3)[N+](=O)[O-]	19283995	JUEWIMHGMMMTPQ-UHFFFAOYSA-N	C17H17ClN6O3
CNC1=C(C=C2C(=C1)OCCCCOC3=NC(=CN=C3C#N)NC(=O)N2)Cl	44444840	YFCPSQZZKYAUKP-UHFFFAOYSA-N	C17H17ClN6O3
CN1C=C(C=N1)C2=NC(=NO2)[C@H]3COCCN3C(=O)NC4=CC=C(C=C4)Cl	97345923	BIEWJRKRTGVERR-CQSZACIVSA-N	C17H17ClN6O3
CC1=C(C=NN1CCC(=O)NC2=NN(C=C2)CC3=CC=C(C=C3)Cl)[N+](=O)[O-]	19567994	VBTINJGJBKYIIL-UHFFFAOYSA-N	C17H17ClN6O3
CC1=CC(=CC=C1)CN2C=C(C=N2)NC(=O)CN3C(=C(C(=N3)[N+](=O)[O-])Cl)C	19529423	QSXWSVWNUPRPHZ-UHFFFAOYSA-N	C17H17ClN6O3
CCOC(=O)N1CC(C1)N2C3=NC=NC(=C3C(=N2)OC4=CC(=CC=C4)Cl)N	59633751	WFTOUPRVWPYKFW-UHFFFAOYSA-N	C17H17ClN6O3
CN1C(=C(C=N1)Cl)C2=C(C=CC(=C2)NC(=O)C3=NNC(=O)C=C3)OCCN	24889610	SEHPIVKKLLUFMK-UHFFFAOYSA-N	C17H17ClN6O3
CN1CCN(C(C1)C2C3=NC=CN=C3C(=O)N2C4=NC=C(C=C4)Cl)C(=O)O	21623052	FADRBYMDBILCEA-UHFFFAOYSA-N	C17H17ClN6O3
CN1C2=C(C(=O)N(C1=O)CC(=O)N)N3CCCN(C3=N2)C4=CC=C(C=C4)Cl	7151436	DUHYYRKAMZZWSU-UHFFFAOYSA-N	C17H17ClN6O3
CC1=C(C(=NN1CC2=CC=CC=C2Cl)C)NC(=O)CN3C=CC(=N3)[N+](=O)[O-]	19412167	YSNNVRAOOBLZAC-UHFFFAOYSA-N	C17H17ClN6O3
CN1C=C(C(=N1)C(=O)OC)NC(=O)C2=CC=CC(=N2)C3=CN(N=C3)CCCl	122445307	IJIAGGGAZGZSLL-UHFFFAOYSA-N	C17H17ClN6O3
CCC1=C(C2=C(N=C(N=C2N1)OC3=CC=CC(=C3)C#N)C(C)(NO)NO)Cl	89460896	XBWSJRNJGGXKPO-UHFFFAOYSA-N	C17H17ClN6O3
CC(CN1C=C(C=N1)[N+](=O)[O-])C(=O)NC2=NN(C=C2)CC3=CC(=CC=C3)Cl	19564086	KFWKWOSAQRLNJK-UHFFFAOYSA-N	C17H17ClN6O3
CCN1C(=C(C(=N1)C)Cl)C(=O)NC2=NC3=C4N2CCOC4=CC(=C3)C(=O)N	146416413	HWTRHVHABNEFSD-UHFFFAOYSA-N	C17H17ClN6O3
C1=CC(=CC=C1C2=NC3=C(N2)C=C(C=C3)C(=O)NCCC(=N)N)[N+](=O)[O-].Cl	67743435	GQWZXJBXZACCJX-UHFFFAOYSA-N	C17H17ClN6O3
CC(=NNC(=O)CN1C=NC2=C1C(=O)N(C(=O)N2C)C)C3=CC=C(C=C3)Cl	1384344	VYQZKWFHJWEBLB-UHFFFAOYSA-N	C17H17ClN6O3
C[C@H](C(=O)NCCN1C(=O)C=CC(=N1)N2C=NC=N2)OC3=CC(=CC=C3)Cl	97354788	FISAIKYIDXIFFM-GFCCVEGCSA-N	C17H17ClN6O3
CC1=CC(=NN1CC2=CC=CC=C2Cl)NC(=O)CCN3C=C(C=N3)[N+](=O)[O-]	19335199	QZXNRNCHGCZNJI-UHFFFAOYSA-N	C17H17ClN6O3
CN=C(C=CN)C(=O)NC1=CN=C(C(=N1)N)C2=C3C(=CC(=C2)Cl)OCCO3	148631689	WMDSMIONHOLOPE-UHFFFAOYSA-N	C17H17ClN6O3
CC1=C(C(=NN1CC2=CC=CC=C2Cl)C)NC(=O)C3=C(C=NN3C)[N+](=O)[O-]	19412047	AINDFZLNOCUHQV-UHFFFAOYSA-N	C17H17ClN6O3
CCN1C=CC(=N1)CNC(=O)C2=CC=C(C=C2)CN3C=C(C(=N3)[N+](=O)[O-])Cl	19584118	FJNSBDIXIOJAAR-UHFFFAOYSA-N	C17H17ClN6O3
C1CC(OC1)CNC(=O)C2=NC3=C(C(=O)N2)N=NN3CC4=CC(=CC=C4)Cl	136174999	WIYXEIZCFRUTHB-UHFFFAOYSA-N	C17H17ClN6O3
[2H]C1(C(N(C(C(N1C)([2H])[2H])([2H])[2H])C(=O)OC2C3=NC=CN=C3C(=O)N2C4=NC=C(C=C4)Cl)([2H])[2H])[2H]	45040708	GBBSUAFBMRNDJC-COMRDEPKSA-N	C17H17ClN6O3
CN1CCN(CC1)C(=O)OC2C3=NC=C(N=C3C(=O)N2)C4=NC=C(C=C4)Cl	141284675	XZCBSNOISDCFDO-UHFFFAOYSA-N	C17H17ClN6O3
CCCN1C(=NN=N1)COC(=O)C2=NN(C(=CC2=O)C)C3=CC=C(C=C3)Cl	18128374	BMRYHFZQBYNQSU-UHFFFAOYSA-N	C17H17ClN6O3
CC1=NN(C=C1[N+](=O)[O-])CCC(=O)NC2=NN(C=C2Cl)CC3=CC=CC=C3	19539894	PGKZLPQSIOAHPS-UHFFFAOYSA-N	C17H17ClN6O3
CC1=CC(=NC2=NC(=NN12)C(=O)NNC(=O)COC3=CC(=C(C=C3)Cl)C)C	24517325	YUCDJIOSDOOCQS-UHFFFAOYSA-N	C17H17ClN6O3
CC(C)OC1=C(C=C(C=C1)N2C=C(N=N2)CNC3=CC(=NC=C3)[N+](=O)[O-])Cl	146291279	FOMJNQVBPHTXGF-UHFFFAOYSA-N	C17H17ClN6O3
COC1=C(C=C(C=C1)Cl)NCCC(=O)NNC2=NC(=NO2)C3=CC=NC=C3	60294895	DRLDGFMGGPXACZ-UHFFFAOYSA-N	C17H17ClN6O3
CC(C)(C(=O)NC1=NN(C=C1)CC2=CC=CC=C2Cl)N3C=C(C=N3)[N+](=O)[O-]	19285462	ZKQGGAUZPVBWMR-UHFFFAOYSA-N	C17H17ClN6O3
CC1=C(C(=NN1CC(=O)NC2=NN(C=C2)CC3=CC=CC=C3Cl)C)[N+](=O)[O-]	19285340	ATJBPUUYKHGXBS-UHFFFAOYSA-N	C17H17ClN6O3
C1CC(OC1)CN2C3=C(C(=O)NC(=N3)C(=O)NCC4=CC(=CC=C4)Cl)N=N2	135686048	CREJQGQAUATHRF-UHFFFAOYSA-N	C17H17ClN6O3
COC1=CC(=C(C=C1)NC(=O)NCC2=NN=NN2C3=CC=C(C=C3)Cl)OC	18566055	AUPUQSUIZRUCKQ-UHFFFAOYSA-N	C17H17ClN6O3
CC1=C(C(=NN1CC(=O)NC2=CC(=NN2C)C3=CC=C(C=C3)Cl)C)[N+](=O)[O-]	8487504	AQJSZROSKPFMNK-UHFFFAOYSA-N	C17H17ClN6O3
C/C(=N/NC(=O)CN1C=NC2=C1C(=O)N(C(=O)N2C)C)/C3=CC=CC=C3Cl	5521230	SAUQWGUUHZQJPN-JMIUGGIZSA-N	C17H17ClN6O3
CC1=C(C(=NN1CC(=O)NC2=NN(C=C2Cl)CC3=CC=CC=C3)C)[N+](=O)[O-]	19515774	LWZJPAUMZSJRCQ-UHFFFAOYSA-N	C17H17ClN6O3
C1COC2=C(O1)C=C(C=C2Cl)CCNC(=O)CNC3=NN4C=NN=C4C=C3	46975650	SPTPLCWYPMZUAS-UHFFFAOYSA-N	C17H17ClN6O3
CCC(C(=O)NC1=NN(C=C1)CC2=CC=CC=C2Cl)N3C=C(C=N3)[N+](=O)[O-]	19285550	WQJOZCVHPLTOAD-UHFFFAOYSA-N	C17H17ClN6O3
CC1=CC=C(C=C1)C(=O)NCCNC(=O)C2=NC(=NO2)CN3C=C(C=N3)Cl	17084469	JSKGTAWAFHUJJT-UHFFFAOYSA-N	C17H17ClN6O3
COC1=C(C=CC(=C1)OC2CCN(CC2)C3=NC=CC(=N3)Cl)C(=O)N=[N+]=[N-]	150769678	JZPBWUGZOAHKGT-UHFFFAOYSA-N	C17H17ClN6O3
C[C@@H]1C(=O)NC(=NC1=O)CCNC(=O)C2=C(N(N=N2)C3=CC=CC=C3Cl)C	98246151	BGTXSHBEXHSJKP-UHFFFAOYSA-N	C17H17ClN6O3
C1C2=C(C=CC(=C2Cl)OCCN3C=CN=C3)N=C4N1C(C(=O)N4)CC(=O)N	135667660	CJGVPCDMNODULK-UHFFFAOYSA-N	C17H17ClN6O3
CN1C2=C(C=N1)C(=O)N(C=N2)CC(=O)NCCNC(=O)C3=CC=C(C=C3)Cl	33668964	WEFXEPMJCIHXGB-UHFFFAOYSA-N	C17H17ClN6O3
CC(C)OC1=C(C=C(C(=C1)CC(=O)N)Cl)NC(=O)NC2=NC=C(N=C2)C#N	121281626	NUQBUCBPOSASAZ-UHFFFAOYSA-N	C17H17ClN6O3
CCOC(=O)C1=NN=C2N1CCN(C2C)C(=O)C3=NN4C=C(C=CC4=C3)Cl	68800432	NBRZNRZVUAEIJY-UHFFFAOYSA-N	C17H17ClN6O3
COC1=CC(=NC(=N1)N2CCCC2C3=CC(=NO3)C4=NC=CN=C4OC)Cl	87697041	UZVSPIKZKTZTRL-UHFFFAOYSA-N	C17H17ClN6O3
CCC(C(=O)NC1=CN(N=C1)CC2=CC=CC=C2Cl)N3C=C(C=N3)[N+](=O)[O-]	19551654	YFVOMHZSRMMCQA-UHFFFAOYSA-N	C17H17ClN6O3
CCN1C=C(C(=N1)C(=O)N)NC(=O)C2=NN(C=C2)COC3=CC=C(C=C3)Cl	19280297	YIKXQQRRWNIPSD-UHFFFAOYSA-N	C17H17ClN6O3
CN1C=NC2=C1C(=O)N(N=C2)CC3NN(C(=O)O3)CCC4=CC=C(C=C4)Cl	147900187	IECPROIVOKULRR-UHFFFAOYSA-N	C17H17ClN6O3
[2H]C1(CN(CC(N1C(=O)OC2C3=NC=CN=C3C(=O)N2C4=NC=C(C=C4)Cl)([2H])[2H])C)[2H]	117065105	GBBSUAFBMRNDJC-LZMSFWOYSA-N	C17H17ClN6O3
CCN1C(=C(C=N1)CN2C=C(C=N2)NC(=O)C3=CC(=C(C=C3)Cl)[N+](=O)[O-])C	19340450	LZUTWABQDKAUQC-UHFFFAOYSA-N	C17H17ClN6O3
C1CN(CC1OC2=CC(=CC=C2)Cl)C(=O)CCC3=NC(=NO3)C4=NC=NN4	126769714	IYCKQJVRFBLIRK-UHFFFAOYSA-N	C17H17ClN6O3
CC[C@@H](CN=[N+]=[N-])NC(=O)C1=CC(=C(C=C1)NC2=CC=CC=C2Cl)[N+](=O)[O-]	151502357	PQRRCNJCDVCJFC-LBPRGKRZSA-N	C17H17ClN6O3
C1C[C@H](OC1)CNC(=O)CN2C=NC3=C(C2=O)N=NN3C4=CC(=CC=C4)Cl	92298727	GLFSHWRNQSTXFY-ZDUSSCGKSA-N	C17H17ClN6O3
CC(=O)N1CCC2(CC1)NC(=O)C3=C(C=C(C(=O)N23)NC4=NC=NC=C4)Cl	118598994	FDUKGUHPTGOCIY-UHFFFAOYSA-N	C17H17ClN6O3
CN1CCN(C(C1)C2=NC=C(C=C2)Cl)C(=O)O[C@H]3C4=NC=CN=C4C(=O)N3	157051	IMJIVHUYBRMAOE-INSVYWFGSA-N	C17H17ClN6O3
C1CN(C(CN1CC2C3=NC=CN=C3C(=O)N2)C4=NC=C(C=C4)Cl)C(=O)O	117653522	MXOMLZGXNDHZNA-UHFFFAOYSA-N	C17H17ClN6O3
CC1=C(C(=NN1CC2=CC=C(C=C2)Cl)C)NC(=O)C3=C(C=NN3C)[N+](=O)[O-]	19478313	MJHWBIURJCSORN-UHFFFAOYSA-N	C17H17ClN6O3
CC1=C(C=NN1CCC(=O)NC2=NN(C=C2)CC3=CC=CC=C3Cl)[N+](=O)[O-]	19285425	BCXWJYLJMKURTF-UHFFFAOYSA-N	C17H17ClN6O3
C1COCCN1CC2=C(C3=C(N2)C=CC(=C3)Cl)/C(=C/C(=O)C4=NNN=N4)/O	15458840	MVNCCGQRHMVZFU-ZSOIEALJSA-N	C17H17ClN6O3
CC1=C(C=NN1C(C)C(=O)NC2=CC=CC(=C2)CN3C=C(C=N3)Cl)[N+](=O)[O-]	19539135	OKHBQLQBWWVDQB-UHFFFAOYSA-N	C17H17ClN6O3
CC(=CCN1C2=C(N=C1NN=CC3=CC=CC=C3O)N(C(=O)NC2=O)C)Cl	3104106	AZNXOTHRFFWTTN-UHFFFAOYSA-N	C17H17ClN6O3
CC1=CC(=NN1CCC(=O)NC2=NN(C=C2Cl)CC3=CC=CC=C3)[N+](=O)[O-]	19541849	WTKDFLGBHFEHFQ-UHFFFAOYSA-N	C17H17ClN6O3
C1CC(OC1)CNC(=O)CN2C=NC3=C(C2=O)N=NN3C4=CC(=CC=C4)Cl	6622844	GLFSHWRNQSTXFY-UHFFFAOYSA-N	C17H17ClN6O3
CN1C=C(C=N1)C2=NC(=NO2)C3COCCN3C(=O)NC4=CC(=CC=C4)Cl	75475241	MYOKCBCTOCIVOV-UHFFFAOYSA-N	C17H17ClN6O3
C1CC(CN(C1)C(=O)C2=CN3C=C(C=NC3=N2)Cl)C4=CC=NN4CC(=O)O	119062956	RYHNDEOXOJKVBP-UHFFFAOYSA-N	C17H17ClN6O3
CN1CCN([C@@H](C1)C2=NC=C(C=C2)Cl)C(=O)OC3=C4C(=C(N3)O)N=CC=N4	136510758	BZASXXGOHSMBNG-LBPRGKRZSA-N	C17H17ClN6O3
CN1CCN(CC1)C(=O)O[C@H]2C3=NC=CN=C3C(=O)N2C4=C(C=CC=N4)Cl	67274286	FVBOUSQYMKXETK-INIZCTEOSA-N	C17H17ClN6O3
CC1=CC(=NN1CC2=CC(=CC=C2)Cl)NC(=O)CN3C=C(C(=N3)C)[N+](=O)[O-]	19411527	NQSOFFLYFASUGN-UHFFFAOYSA-N	C17H17ClN6O3
C1COC(CN1C(CN=[N+]=[N-])C2=CC=C(C=C2)[N+](=O)[O-])C3=C(C=CC=N3)Cl	150715362	JOTMAHOZBDMTJN-UHFFFAOYSA-N	C17H17ClN6O3
CCC(C(=O)NC1=CN(N=C1)CC2=CC(=CC=C2)Cl)N3C=C(C=N3)[N+](=O)[O-]	19551719	QISYQXULGSKWGT-UHFFFAOYSA-N	C17H17ClN6O3
C1=CC=C(C=C1)C(C(=O)O)NC2=NC(=NC=C2Cl)NC3=CN(N=C3)CCO	71243955	IWBJSQDRZQXPDW-UHFFFAOYSA-N	C17H17ClN6O3
CN1CCN(C(C1)C2=NC=C(C=C2)Cl)C(=O)OC3=C4C(=C(N3)O)N=CC=N4	136636465	BZASXXGOHSMBNG-UHFFFAOYSA-N	C17H17ClN6O3
CC1=CC(=C(C=C1)NC(=O)CNC(=O)CN2C=NC3=C(C2=O)C=NN3C)Cl	56190334	VRKUQCWTIKDJBS-UHFFFAOYSA-N	C17H17ClN6O3
CC(CN1C=C(C=N1)[N+](=O)[O-])C(=O)NC2=CC=CC(=C2)CN3C=C(C=N3)Cl	19562522	ARLLBEYNZAYRGX-UHFFFAOYSA-N	C17H17ClN6O3
C/C(=N\NC(=O)CN1C=NC2=C1C(=O)N(C(=O)N2C)C)/C3=CC=CC=C3Cl	9619180	SAUQWGUUHZQJPN-KEBDBYFISA-N	C17H17ClN6O3
COC1=C(C=C(C=C1)NC(=O)NCC2=NN=NN2C3=CC=C(C=C3)Cl)OC	18566050	CJITWQJBWSVXTB-UHFFFAOYSA-N	C17H17ClN6O3
C1=CC=C(C=C1)[C@@H](CO)NC2=NC(=NC=C2Cl)NC3=CN(N=C3)CC(=O)O	71240976	BXZRGUOBAPEQJB-CQSZACIVSA-N	C17H17ClN6O3
CC1=CC=C(C=C1)CN2C=CC(=N2)NC(=O)CN3C(=C(C(=N3)[N+](=O)[O-])Cl)C	993821	UNLNFTDKGQECNR-UHFFFAOYSA-N	C17H17ClN6O3
CN1CCN(CC1)C(=O)O[C@H]2C3=NC=CN=C3C(=O)N2C4=NC=C(C=C4)Cl	969472	GBBSUAFBMRNDJC-INIZCTEOSA-N	C17H17ClN6O3
C1=CC(=CC(=C1)[N+](=O)[O-])C2=NC3=C(N2)C=C(C=C3)C(=O)NCCC(=N)N.Cl	67743456	GQDMKFRAAVACGE-UHFFFAOYSA-N	C17H17ClN6O3
CC1=CC(=NN1CC2=CC(=CC=C2)Cl)NC(=O)CN3C(=C(C=N3)[N+](=O)[O-])C	19411528	HWLGWXHPMHJKLL-UHFFFAOYSA-N	C17H17ClN6O3
CNC(=O)C1=NN(C=C1NC(=O)C2=CC=NN2COC3=CC=CC=C3Cl)C	19507249	YIQYSVZXCSBITQ-UHFFFAOYSA-N	C17H17ClN6O3
CC1=C(C=NN1C(C)C(=O)NC2=NN(C=C2)CC3=CC=CC=C3Cl)[N+](=O)[O-]	19285557	BRZNMLBGXMQZLH-UHFFFAOYSA-N	C17H17ClN6O3
C1C[C@@H](OC1)CNC(=O)C2=NC3=C(C(=O)N2)N=NN3CC4=CC(=CC=C4)Cl	136029019	WIYXEIZCFRUTHB-GFCCVEGCSA-N	C17H17ClN6O3
C1CCC(C1)(C#N)NC(=O)COC(=O)CN2N=C(N=N2)C3=CC=C(C=C3)Cl	8807364	MOZHZPNRYROCJT-UHFFFAOYSA-N	C17H17ClN6O3
CNC(=O)C1=NN(C=C1NC(=O)C2=NN(C=C2)COC3=CC=C(C=C3)Cl)C	19280383	WIJPJHHYDFCOGR-UHFFFAOYSA-N	C17H17ClN6O3
CCN1C=C(C(=N1)C(=O)N)NC(=O)C2=NN(C=C2)COC3=CC=CC=C3Cl	19265232	FWFKOIDWDNHYCP-UHFFFAOYSA-N	C17H17ClN6O3
C1COCCN1C2=NC=CN3C2=NN(C3=O)CC(=O)NC4=CC=C(C=C4)Cl	49663346	JIRSNVJYXCFRRQ-UHFFFAOYSA-N	C17H17ClN6O3
CCC(C(=O)NC1=NN(C=C1Cl)CC2=CC=CC=C2)N3C=C(C=N3)[N+](=O)[O-]	19551703	XUXUFXDAXLPLMS-UHFFFAOYSA-N	C17H17ClN6O3
CCC1=NN(C=C1CNC2=C(C(=O)N(N=C2)C3=CC=C(C=C3)[N+](=O)[O-])Cl)C	133444887	NPKCVAZUTPFVJJ-UHFFFAOYSA-N	C17H17ClN6O3
C/C(=N\NC(=O)CN1C=NC2=C1C(=O)N(C(=O)N2C)C)/C3=CC=C(C=C3)Cl	9619002	VYQZKWFHJWEBLB-KEBDBYFISA-N	C17H17ClN6O3
CC1=NN(C=C1CNC(=O)C2=CC=C(C=C2)CN3C=C(C(=N3)[N+](=O)[O-])Cl)C	19584171	CHGKGBIVZNAZAC-UHFFFAOYSA-N	C17H17ClN6O3
COCCN1C2=C(C=CC=C2Cl)N3C=NC(=C3C1=O)N4C(=CN=N4)COC	67886467	OEVXUMYCMKWXPB-UHFFFAOYSA-N	C17H17ClN6O3
CC(=NNC(=O)CN1C=NC2=C1C(=O)N(C(=O)N2C)C)C3=CC=CC=C3Cl	1419237	SAUQWGUUHZQJPN-UHFFFAOYSA-N	C17H17ClN6O3
CC1=NN(C=C1[N+](=O)[O-])CCC(=O)NC2=NN(C=C2)CC3=CC=CC=C3Cl	19285439	NZMGDTWOZHOXEN-UHFFFAOYSA-N	C17H17ClN6O3
CC(=CCN1C2=C(N=C1N/N=C/C3=CC=CC=C3O)N(C(=O)NC2=O)C)Cl	135821797	AZNXOTHRFFWTTN-CZMAPBARSA-N	C17H17ClN6O3
COC1=C(C=C(C(=C1)CCNCC=O)Cl)NC(=O)NC2=NC=C(N=C2)C#N	129065806	BCHZBXZRHMPCLC-UHFFFAOYSA-N	C17H17ClN6O3
C1CN(C(=N[N+](=O)[O-])N1CC2=CN=C(C=C2)Cl)C=NOCC3=CC=CC=C3	139624558	PBAIEDQRMWARLV-UHFFFAOYSA-N	C17H17ClN6O3
CC1=NC=C(C(=N1)N)CN2C=C(N=N2)COC(=O)COC3=CC=C(C=C3)Cl	90276795	SFBUJXLYLIJVLU-UHFFFAOYSA-N	C17H17ClN6O3
C1CC(OC1)CN2C3=C(C(=O)NC(=N3)C(=O)NCC4=CC=CC=C4Cl)N=N2	135530958	IDTOZRXCHYHQBH-UHFFFAOYSA-N	C17H17ClN6O3
CN1C=C(C=N1)C2=NC(=NO2)[C@@H]3COCCN3C(=O)NC4=CC(=CC=C4)Cl	97345920	MYOKCBCTOCIVOV-AWEZNQCLSA-N	C17H17ClN6O3
CCN1C(=CC=N1)OC(=O)C2=C(C=C(C=C2)CN3C(=O)N(N=N3)C4CC4)Cl	22328471	BODABNIJEMJZPQ-UHFFFAOYSA-N	C17H17ClN6O3
CN1C2=C(C(=CC=C2)Cl)C(=N1)CNC(=O)C3=NN4CC(CNC(=O)C4=C3)O	135111885	LFZJTHZTKDKEFC-UHFFFAOYSA-N	C17H17ClN6O3
CNC(=O)C1=NN(C=C1NC(=O)C2=NN(C=C2)COC3=CC(=CC=C3)Cl)C	19276650	XWPXMBFRYSAFHR-UHFFFAOYSA-N	C17H17ClN6O3
CC(=C)O/C(=N\COC1=CC(=NC2=NNN=C12)N)/C3=CC(=C(C=C3)Cl)OC	130376589	WRLNCUSZQJUYQX-JZJYNLBNSA-N	C17H17ClN6O3
CN1C2=C(C(=O)N(C1=O)C)N(C3=NN=C(N23)C4=CC=C(C=C4)Cl)CCOC	41752513	IVWIGQBCAYOFRN-UHFFFAOYSA-N	C17H17ClN6O3
C[C@@H](C(=O)NCCN1C(=O)C=CC(=N1)N2C=NC=N2)OC3=CC(=CC=C3)Cl	97354787	FISAIKYIDXIFFM-LBPRGKRZSA-N	C17H17ClN6O3
CC(C(=O)NCCN1C(=O)C=CC(=N1)N2C=NC=N2)OC3=CC=CC=C3Cl	92068069	NIIQLSUCOIWNMX-UHFFFAOYSA-N	C17H17ClN6O3
CCOC(=O)C1=CN2CCN(C(C2=N1)C)C(=O)C3=NN4C=C(C=NC4=C3)Cl	44176749	KEXYSGJCXGTWGS-UHFFFAOYSA-N	C17H17ClN6O3
CN1C(=CC=N1)CN(C)C(=O)C2=CC=C(C=C2)CN3C=C(C(=N3)[N+](=O)[O-])Cl	17023940	XVQVMNLCZRMDHB-UHFFFAOYSA-N	C17H17ClN6O3
CC(C)C1=C(C=NN1)C(=O)OCC(=O)NC2=C(C=CC(=C2)Cl)N3C=NC=N3	55665409	QJQCLLYTOGUGRN-UHFFFAOYSA-N	C17H17ClN6O3
CC(CN1C=C(C=N1)[N+](=O)[O-])C(=O)NC2=NN(C=C2Cl)CC3=CC=CC=C3	19562552	WSTXJTGPFUCZJY-UHFFFAOYSA-N	C17H17ClN6O3
CC1=C(C(=NN1CC(=O)NC2=CN(N=C2)CC3=CC(=CC=C3)Cl)C)[N+](=O)[O-]	19515788	QIKYMJJMDSZGCD-UHFFFAOYSA-N	C17H17ClN6O3
CC(C)OC1=C(C=C2C=NNC2=C1)NC3=NC=NC4=C3C(=CN4)C(=O)O.Cl	73669307	ZHQHANAWEKTABD-UHFFFAOYSA-N	C17H17ClN6O3
C1COCCN1CC2=C(C3=C(N2)C=CC(=C3)Cl)/C(=C\C(=O)C4=NNN=N4)/O	23552928	MVNCCGQRHMVZFU-RIYZIHGNSA-N	C17H17ClN6O3
[2H]C1(C(N(CCN1C)C(=O)OC2C3=NC=CN=C3C(=O)N2C4=NC=C(C=C4)Cl)([2H])[2H])[2H]	45359136	GBBSUAFBMRNDJC-GBIJOAKOSA-N	C17H17ClN6O3
CCCCOC(=O)C1=C(C=CC(=C1)C2=CC=C(O2)/C=N/N3C(=NN=N3)N)Cl	19577299	AWAVOQIGVSCQIG-KEBDBYFISA-N	C17H17ClN6O3
C1CC1N2C=C(C(=O)C3=C2C(=C(C4=NNN=C34)N5CCC(C5)N)Cl)C(=O)O	10500508	UAJHKYAZZAQRRL-UHFFFAOYSA-N	C17H17ClN6O3
C1C[C@@H](OC1)CNC(=O)C2=NC3=C(C(=O)N2)N=NN3CC4=CC=CC=C4Cl	135624134	VILZAACEVTVIMZ-LLVKDONJSA-N	C17H17ClN6O3
CN1C(=O)C=C(N(C1=O)CC2CC2)N(N)N3C4=C(C=C(C=C4)Cl)C(=N3)C=O	87831617	KHGUBGCWYMSYFD-UHFFFAOYSA-N	C17H17ClN6O3
CN1CCN(C(C1)[C@H]2C3=NC=CN=C3C(=O)N2C4=C(C=CC=N4)Cl)C(=O)O	66991963	ZZKWOQFHEBLXNS-IAXJKZSUSA-N	C17H17ClN6O3
CC1=C(C=NN1CCC(=O)NC2=CN(N=C2)CC3=CC=CC=C3Cl)[N+](=O)[O-]	19568088	IDBUMIZXHFNVQB-UHFFFAOYSA-N	C17H17ClN6O3
CC1=CC(=NN1CCC(=O)NC2=NN(C=C2)CC3=CC=CC=C3Cl)[N+](=O)[O-]	19285433	AWWJJYBXCNHWCD-UHFFFAOYSA-N	C17H17ClN6O3
CC1=CC=CC=C1C(=O)NCCNC(=O)C2=NC(=NO2)CN3C=C(C=N3)Cl	17084471	NPESUEQSZIZZNM-UHFFFAOYSA-N	C17H17ClN6O3
CC1=C(C(=NO1)C2=NN=C(C=C2)Cl)CN3C(=O)C=C(C=N3)N4CC(C4)OC	146272948	ZHVYVKARDIPYAY-UHFFFAOYSA-N	C17H17ClN6O3
CC1=NN(C=C1[N+](=O)[O-])CCC(=O)NC2=CC=CC(=C2)CN3C=C(C=N3)Cl	19539862	COHDANARLUKOSR-UHFFFAOYSA-N	C17H17ClN6O3
C1CCO[C@H](C1)N2C=NC3=C(N=CN=C32)NCC4=C(C=CC(=C4)[N+](=O)[O-])Cl	53298656	HWSODBLPHNBIID-CQSZACIVSA-N	C17H17ClN6O3
CCOCCN1C2=C(N(C(=O)NC2=O)C)N3C1=NN=C3C4=CC=C(C=C4)Cl	41751395	JFMNPPKTGUGYFV-UHFFFAOYSA-N	C17H17ClN6O3
CN(CCOC1=NC(=NC(=C1)NC2=NC=CC3=C2C=C(C=C3)Cl)N)C(=O)O	122443325	IJVWRQWUKVJAOO-UHFFFAOYSA-N	C17H17ClN6O3
CC1=NC(=C(C(=O)N1)CC(=O)NCCC2=NC(=NO2)C3=CC(=CC=C3)Cl)N	136220174	ODONZRQCWJCTKN-UHFFFAOYSA-N	C17H17ClN6O3
CC1=C(C=NN1C(C)C(=O)NC2=NN(C=C2)CC3=CC=C(C=C3)Cl)[N+](=O)[O-]	19539005	OQADDYOLFITFTF-UHFFFAOYSA-N	C17H17ClN6O3
CN1C=NC2=C1C(=O)N(C=N2)CC3NN(C(=O)O3)CCC4=CC=C(C=C4)Cl	148060799	JIENUVZMCILZDG-UHFFFAOYSA-N	C17H17ClN6O3
CC1=CC(=NN1C(C)C(=O)NC2=CN(N=C2)CC3=CC=C(C=C3)Cl)[N+](=O)[O-]	19538698	SJSFTQPDBQTGFE-UHFFFAOYSA-N	C17H17ClN6O3
CC1=C(C(=NN1CC(=O)NC2=CC=NN2CC3=CC=C(C=C3)Cl)C)[N+](=O)[O-]	51233560	PAAUMWKYCYTTLY-UHFFFAOYSA-N	C17H17ClN6O3
COC1=CC=C(C=C1)N/N=C(/C2=NCCN2CC3=CN=C(C=C3)Cl)\[N+](=O)[O-]	76333196	MEBKTTDRKWSDJE-XLNRJJMWSA-N	C17H17ClN6O3
C1COC(CN1)COC2=C(C=C(C=C2)Cl)NC(=O)NC3=NC=C(N=C3)C#N	57731905	DWWJRRITXOMDHZ-UHFFFAOYSA-N	C17H17ClN6O3
C1=COC(=C1)C2=NNC(=N2)CNC(=O)CNC(=O)NCC3=CC=C(C=C3)Cl	60265597	WQJPKBKBKBMBIY-UHFFFAOYSA-N	C17H17ClN6O3
CC1=C(C(=NN1CC(=O)NC2=CN(N=C2)CC3=CC=C(C=C3)Cl)C)[N+](=O)[O-]	19519338	OOEBPVIHWHSZSQ-UHFFFAOYSA-N	C17H17ClN6O3
CC1=C(C(=NC2=NC=NN12)C)CC(=O)NNC(=O)C3=C(C=CC(=C3)Cl)OC	9278543	MGMBLJSGMSASFU-UHFFFAOYSA-N	C17H17ClN6O3
CC1=NN(C=C1[N+](=O)[O-])C(C)C(=O)NC2=NN(C=C2)CC3=CC=C(C=C3)Cl	19533007	ZIXSPDKEIUHFKZ-UHFFFAOYSA-N	C17H17ClN6O3
CC1=CC(=NN1CC2=CC=C(C=C2)Cl)NC(=O)C3=NN(C(=C3[N+](=O)[O-])C)C	19283922	IAYMTZJYPXMUEU-UHFFFAOYSA-N	C17H17ClN6O3
CC1=NN(C=C1[N+](=O)[O-])CCC(=O)NC2=NN(C=C2)CC3=CC=C(C=C3)Cl	19539733	VXCOBJSCEIZPMX-UHFFFAOYSA-N	C17H17ClN6O3
CC1=CC(=NN1C(C)C(=O)NC2=CC=CC(=C2)CN3C=C(C=N3)Cl)[N+](=O)[O-]	19538827	KYLQJDAECAUMGS-UHFFFAOYSA-N	C17H17ClN6O3
CC1=C(C=CC(=C1)OC2=NC=NC(=C2[N+](=O)[O-])NCCCN3C=CN=C3)Cl	22538042	QLSCAGFUSXPOKM-UHFFFAOYSA-N	C17H17ClN6O3
C/C(=N/NC(=O)CN1C=NC2=C1C(=O)N(C(=O)N2C)C)/C3=CC=C(C=C3)Cl	5513791	VYQZKWFHJWEBLB-JMIUGGIZSA-N	C17H17ClN6O3
C1CN(CCC1C(=O)N)C(=O)C2=CC3=NC(=NN3C(=C2)N)C4=CC=C(O4)Cl	23552466	STJZYKGITZMNJZ-UHFFFAOYSA-N	C17H17ClN6O3
C1CNCCC1C2=CC(=O)NC3=C(C=NN23)C4=NN=C(O4)C5=CC=CO5.Cl	139326916	CIYNMAJNOLOHAT-UHFFFAOYSA-N	C17H17ClN6O3
CC1=NN(C=C1[N+](=O)[O-])CCC(=O)NC2=CN(N=C2)CC3=CC=C(C=C3)Cl	19539734	QMMBOKABVZCRFE-UHFFFAOYSA-N	C17H17ClN6O3
CC1=C(C(=NN1CC(=O)NC2=CN(N=C2)CC3=CC=CC=C3Cl)C)[N+](=O)[O-]	19515731	LPMQCLVDPFQQDR-UHFFFAOYSA-N	C17H17ClN6O3
CC1=NN(C=C1[N+](=O)[O-])CCC(=O)NC2=CN(N=C2)CC3=CC=CC=C3Cl	19539845	TXBUFTVHPMYQLW-UHFFFAOYSA-N	C17H17ClN6O3
C1CN(CC(CN1C2=CC=CC(=N2)N3C4=CC(=NC=C4C=N3)Cl)O)C(=O)O	89914403	KBBLWDJSZVNULG-UHFFFAOYSA-N	C17H17ClN6O3
CN1C=NC(=N1)C2=C(C(=CC=C2)NC3=CC(=NC(=C3C(=O)OC)N)Cl)OC	153571377	QYJNDOVIVSXKQU-UHFFFAOYSA-N	C17H17ClN6O3
C1C[C@@H](OC1)CNC(=O)CN2C=NC3=C(C2=O)N=NN3C4=CC=C(C=C4)Cl	7200022	ZSLTXIUJGOMMNJ-CYBMUJFWSA-N	C17H17ClN6O3
CC1=C(C(=NN1CCNC(=O)C2=CC(=NN2)C3=CC=C(C=C3)Cl)C)[N+](=O)[O-]	19282613	PQUYJZXMJGFFRJ-UHFFFAOYSA-N	C17H17ClN6O3
CN1CC(N(C(C1)C2=C(C=CC=N2)Cl)C(=O)O)C3C4=NC=CN=C4C(=O)N3	66991961	BVJZJYBJKXKQBU-UHFFFAOYSA-N	C17H17ClN6O3
CN(C1CCCO1)C2=NC(=CC(=N2)Cl)OC3=CC=CC4=C3N=C(C(=O)N4)N	87732713	WWSNFDLLKJJGSZ-UHFFFAOYSA-N	C17H17ClN6O3
CN1C(=C(C=N1)Cl)CN(C)C(=O)C2=CC=C(C=C2)CN3C=C(C=N3)[N+](=O)[O-]	19460497	ZDMQUXMOISAYHM-UHFFFAOYSA-N	C17H17ClN6O3
CC1=C(C=CC(=N1)Cl)OC2=NC=NC3=C2C=NN3C4CCN(CC4)C(=O)O	143896265	GQMBHOKEELGICZ-UHFFFAOYSA-N	C17H17ClN6O3
C1CN(CC1O)C(=O)C2=CC(=C(C=C2)Cl)COC3=CC(=NC4=NNN=C34)N	126679987	SCKKHMFDLFVWAP-UHFFFAOYSA-N	C17H17ClN6O3
C1CC2=C(C1NC(=O)CN3C=C(N=N3)CC4C(=O)NC(=O)N4)C=CC(=C2)Cl	154753315	YRZHDWDMERAHQN-UHFFFAOYSA-N	C17H17ClN6O3
CC1=CC(=NN1C(C)C(=O)NC2=CN(N=C2)CC3=CC(=CC=C3)Cl)[N+](=O)[O-]	19538875	VQBWYSBSWVEWFW-UHFFFAOYSA-N	C17H17ClN6O3
CC1=C(C(=NC2=NC=NN12)C)CC(=O)O[C@@H](C)C(=O)NC3=NC=C(C=C3)Cl	8819486	MBOMDJMEXVFQJL-NSHDSACASA-N	C17H17ClN6O3
CC1=C(C(=NN1CC(=O)NC2=NN(C=C2)CC3=CC=C(C=C3)Cl)C)[N+](=O)[O-]	19519337	LYXKNBPDIAIEPA-UHFFFAOYSA-N	C17H17ClN6O3
CC1=C(C(=NN1CC2=CC(=CC=C2)Cl)C)NC(=O)C3=C(C=NN3C)[N+](=O)[O-]	19478491	ULFRGEWPXVXTOX-UHFFFAOYSA-N	C17H17ClN6O3
C/C(=C/CN1C2=C(N=C1N/N=C\C3=CC=CC=C3O)N(C(=O)NC2=O)C)/Cl	136892863	AZNXOTHRFFWTTN-SXWKSSHOSA-N	C17H17ClN6O3
CC1=C(C(=NN1CC2=CC=C(C=C2)Cl)C)NC(=O)C3=NN(C=C3[N+](=O)[O-])C	19263844	LSDFRDUPVUHDHL-UHFFFAOYSA-N	C17H17ClN6O3
CC1=C(C=C(C=C1)Cl)NC(=O)C2=NN(C=C2)CN3C(=C(C(=N3)C)[N+](=O)[O-])C	19264772	PCINWCHMYUJKDJ-UHFFFAOYSA-N	C17H17ClN6O3
CCOC(=O)C1=CC(=NN1C)C(=O)NC2=NN(C=N2)CC3=CC=CC=C3Cl	19267164	VXIWRRUSEHNPGT-UHFFFAOYSA-N	C17H17ClN6O3
CN1CCN(CC1)C(=O)OC2C3=NC=CN=C3C(=O)N2C4=C(C=CC=N4)Cl	68409863	FVBOUSQYMKXETK-UHFFFAOYSA-N	C17H17ClN6O3
CC1=C(C=CC=C1Cl)NC(=O)CN2C(=C(N=N2)C(=O)NCC3=CC=CO3)N	20853741	AGXYBBWDNCLWNP-UHFFFAOYSA-N	C17H17ClN6O3
C1=CC=C(C=C1)C(CO)NC2=NC(=NC=C2Cl)NC3=CN(N=C3)CC(=O)O	71240978	BXZRGUOBAPEQJB-UHFFFAOYSA-N	C17H17ClN6O3
CN1CCN(C(C1)C2C3=NC=CN=C3C(=O)N2C4=C(C=CC=N4)Cl)C(=O)O	66991959	ZZKWOQFHEBLXNS-UHFFFAOYSA-N	C17H17ClN6O3
CC1=CN(N=C1)CCCNC2=C(C(=O)N(N=C2)C3=CC=C(C=C3)[N+](=O)[O-])Cl	133284777	XDUPLIVWUUPYQU-UHFFFAOYSA-N	C17H17ClN6O3
CC1=CC(=NN1CCC(=O)NC2=NN(C=C2)CC3=CC=C(C=C3)Cl)[N+](=O)[O-]	19541688	DTCRMUBTTCLDGN-UHFFFAOYSA-N	C17H17ClN6O3
CC1=CC(=NN1CC2=CC=C(C=C2)Cl)NC(=O)CN3C=C(C(=N3)C)[N+](=O)[O-]	19284000	DOFCZVYUOKLJEH-UHFFFAOYSA-N	C17H17ClN6O3
C1COCCN1CC2=C(C3=C(N2)C=CC(=C3)Cl)C(=O)CC(=O)C4=NNN=N4	90785774	DPSLKEIEDJXQIL-UHFFFAOYSA-N	C17H17ClN6O3
CNC(=O)C1=NN(C=C1NC(=O)C2=CC=NN2COC3=CC=C(C=C3)Cl)C	19507553	HWDPJUWGQAATEU-UHFFFAOYSA-N	C17H17ClN6O3
COC1=C(C(=CC(=C1)CNC2=NNN=N2)Cl)OCC3=CC(=CC=C3)C(=O)N	122193683	GJYJFQJVQARODH-UHFFFAOYSA-N	C17H17ClN6O3
COC(=O)C1=CC=C(C=C1)CN2C3=C(C(=NC(=N3)Cl)N4CCOCC4)N=N2	57780591	PIQFHPVGTSYIAJ-UHFFFAOYSA-N	C17H17ClN6O3
C1C[C@H](OC1)CNC(=O)C2=NC3=C(C(=O)N2)N=NN3CC4=CC(=CC=C4)Cl	136029018	WIYXEIZCFRUTHB-LBPRGKRZSA-N	C17H17ClN6O3
CCOC(=O)C1=NN=C(O1)C2=CN=C(N=C2)NC(C)(C)C3=C(C=CC=N3)Cl	89557862	JTXFWOQSOIEYPX-UHFFFAOYSA-N	C17H17ClN6O3
CC1=NN(C2=NC(=NC(=C12)NC3=CC(=CC=C3)[N+](=O)[O-])Cl)C4CCCCO4	153406754	GWUKBAIMTWDENL-UHFFFAOYSA-N	C17H17ClN6O3
CC1=NN(C=C1[N+](=O)[O-])CCC(=O)NC2=CN(N=C2)CC3=CC(=CC=C3)Cl	19539910	VWOXQLTTWAQLPL-UHFFFAOYSA-N	C17H17ClN6O3
CC1=C(C=NN1C)C2=NNC(=C2)C(=O)O/N=C(/C3=C(C=CC(=C3)Cl)OC)\N	19296173	LASOZITXCCNCNW-UHFFFAOYSA-N	C17H17ClN6O3
CN1C=C(C=N1)C2=NC(=NO2)[C@H]3COCCN3C(=O)NC4=CC(=CC=C4)Cl	97345921	MYOKCBCTOCIVOV-CQSZACIVSA-N	C17H17ClN6O3
C1C(CN2C(=CC(=N2)C(=O)NCCC3=NC4=C(N3)C=C(C=C4)Cl)C(=O)N1)O	135102019	PZQFIZOCFHANKW-UHFFFAOYSA-N	C17H17ClN6O3
C1COC2=C(C=C(C=C2)NC(=O)CCNC3=NC(=NC4=C3NC=N4)Cl)OC1	60178003	DBHJUYQRBJHUQK-UHFFFAOYSA-N	C17H17ClN6O3
CC1=CC(=NN1CC2=CC=CC=C2Cl)NC(=O)CN3C(=C(C=N3)[N+](=O)[O-])C	19335227	IPHDIZATPZYSMC-UHFFFAOYSA-N	C17H17ClN6O3
CCN1C=C(C(=N1)C(=O)NC2=NN(C(=C2)C)CC3=CC=C(C=C3)Cl)[N+](=O)[O-]	19283874	YRQSLARLWZXFGD-UHFFFAOYSA-N	C17H17ClN6O3
COC1=CC=CC(=C1OC)NC(=O)NCC2=NN=NN2C3=CC=C(C=C3)Cl	18566064	PNJCZFPQHWGIRK-UHFFFAOYSA-N	C17H17ClN6O3
CCOC(=O)C1=NOC(=N1)C2=CN=C(N=C2)NC(C)(C)C3=C(C=CC=N3)Cl	89568221	AXFAHJRWWQWLKN-UHFFFAOYSA-N	C17H17ClN6O3
CC(CN1C=C(C=N1)[N+](=O)[O-])C(=O)NC2=NN(C=C2)CC3=CC=C(C=C3)Cl	19562399	AAEDLIRMSWSSCB-UHFFFAOYSA-N	C17H17ClN6O3
C1=CC=C2C(=C1)N=C(N=[N+]2[O-])NC(=O)NC3=C(C=C(C=C3)Cl)OCCCN	24988477	WPYBAIMBPNRWEC-UHFFFAOYSA-N	C17H17ClN6O3
CCN1C=C(C(=N1)CNC(=O)C2=CC=C(C=C2)CN3C=C(C=N3)[N+](=O)[O-])Cl	19331225	FLTJPFITQAUZDR-UHFFFAOYSA-N	C17H17ClN6O3
CCCCOC(=O)C1=C(C=CC(=C1)C2=CC=C(O2)C=NN3C(=NN=N3)N)Cl	71833498	AWAVOQIGVSCQIG-UHFFFAOYSA-N	C17H17ClN6O3
CC1=CC(=NN1CC2=CC=CC=C2Cl)NC(=O)CN3C=C(C(=N3)C)[N+](=O)[O-]	19335226	RUDAQTZFYHICEP-UHFFFAOYSA-N	C17H17ClN6O3
CN1C2=C(C(=O)N(C1=O)C)N3CC(=NN(C3=N2)CCO)C4=CC=C(C=C4)Cl	3756197	PCDJUZWFLURFFL-UHFFFAOYSA-N	C17H17ClN6O3
CN1CC2=NN=CN2CC1C3=NC(=NO3)C4=CC5=C(C(=C4)Cl)OCCCO5	132405275	VEVURXPHUUYQKL-UHFFFAOYSA-N	C17H17ClN6O3
CC1=NN(C=C1[N+](=O)[O-])C(C)C(=O)NC2=CC=CC(=C2)CN3C=C(C=N3)Cl	19533132	YEKPCZSPFAYWJV-UHFFFAOYSA-N	C17H17ClN6O3
CC1=C(C=C(C=C1)N2C3=C(C(=O)N(C=N3)[C@H](C(=O)C)C(=O)N(C)C)N=N2)Cl	7476608	QYVYGXHAAVUKAK-CQSZACIVSA-N	C17H17ClN6O3
CC1=CC(=NN1CC2=CC(=CC=C2)Cl)NC(=O)C3=NN(C(=C3[N+](=O)[O-])C)C	19411445	IEKBBHPXSKHDTG-UHFFFAOYSA-N	C17H17ClN6O3
COC1=C(C(=NO1)OC)CC2=NN(C=C2N=[N+]=[N-])CCC3=CC=CC=C3Cl	150734940	JSQAOTQZUCJVGI-UHFFFAOYSA-N	C17H17ClN6O3
CC1=CC(=NN1CC2=CC=C(C=C2)Cl)NC(=O)CN3C(=C(C=N3)[N+](=O)[O-])C	19284001	PMNUWERDFPWVSP-UHFFFAOYSA-N	C17H17ClN6O3
C1CC(OC1)CNC2=NC(=CC(=N2)Cl)OC3=CC=CC4=C3N=C(C(=O)N4)N	58612025	TUMLUYZZEMDFNY-UHFFFAOYSA-N	C17H17ClN6O3
CCN1C=C(C(=N1)C(=O)N)NC(=O)C2=CC=NN2COC3=CC=C(C=C3)Cl	19507462	WEUJMQWKSXOOHB-UHFFFAOYSA-N	C17H17ClN6O3
C1CCOC2=C(C=C(C(=C2)N)Cl)NC(=O)NC3=CN=C(C(=N3)OCC1)C#N	11315248	UCCBARCDWWSAOR-UHFFFAOYSA-N	C17H17ClN6O3
CN1CCN(CC1)C(=O)O[C@@H]2C3=NC=CN=C3C(=O)N2C4=NC=C(C=C4)Cl	941731	GBBSUAFBMRNDJC-MRXNPFEDSA-N	C17H17ClN6O3
CC1=C(C=NN1C(C)C(=O)NC2=NN(C=C2Cl)CC3=CC=CC=C3)[N+](=O)[O-]	19539167	HXUMBBGFUFGRPU-UHFFFAOYSA-N	C17H17ClN6O3
CC1=C(C(=NC2=NC=NN12)C)CC(=O)O[C@H](C)C(=O)NC3=C(N=CC=C3)Cl	9307766	DKLJJZCVCJHYPD-LLVKDONJSA-N	C17H17ClN6O3
CC1=CC(=CC=C1)C(=O)NCCNC(=O)C2=NC(=NO2)CN3C=C(C=N3)Cl	17084470	KTUYFZOZOKEMJL-UHFFFAOYSA-N	C17H17ClN6O3
C1=C(C=NC=C1C#N)COC2=CC(=C(C=C2CNCCO)Cl)OCN=[N+]=[N-]	152118177	VERDDZJXOMMPRK-UHFFFAOYSA-N	C17H17ClN6O3
CN1CCN(CC1)C(=O)OC2=C3C(=C(N2C4=NC=C(C=C4)Cl)O)N=CC=N3	135899468	QCTRMDIJRRVPPY-UHFFFAOYSA-N	C17H17ClN6O3
CN1CCN(C(C1)C2=NC=C(C=C2)Cl)C(=O)O[C@@H]3C4=NC=CN=C4C(=O)N3	50918769	IMJIVHUYBRMAOE-PVQCJRHBSA-N	C17H17ClN6O3
CC1=NOC(=N1)C2=CN(N=N2)[C@@H]3CCN(C3)C(=O)C4=C(C=CC(=C4)Cl)OC	99758944	JZOVAFHZLUVDRH-GFCCVEGCSA-N	C17H17ClN6O3
CC1=C(C=CC(=C1)OCN2C=CC(=N2)C(=O)NC3=C(N(N=C3)C)C(=O)N)Cl	19412378	ONXMOZOIPHKMTG-UHFFFAOYSA-N	C17H17ClN6O3
CC(C)(C)OC(=O)C1=CN=C(C=C1)N2C(=O)C(=CN2)N3C=C(N=C3)C#N.Cl	68754736	YUQSKBZMFVDFOU-UHFFFAOYSA-N	C17H17ClN6O3
CC(C)(C)OC(=O)N(C1=CC=C(C=C1)N=[N+]=[N-])C2=NC(=NC3=C2COC3)Cl	150823399	KKKIUGNBLKNBHJ-UHFFFAOYSA-N	C17H17ClN6O3
C1CCO[C@@H](C1)N2C=NC3=C(N=CN=C32)NCC4=C(C=CC(=C4)[N+](=O)[O-])Cl	3246480	HWSODBLPHNBIID-AWEZNQCLSA-N	C17H17ClN6O3
CC1=C(C(=NN1CC(=O)NC2=NN(C=C2)CC3=CC(=CC=C3)Cl)C)[N+](=O)[O-]	19515786	PMGOQBWMXNPERE-UHFFFAOYSA-N	C17H17ClN6O3
CCC(C(=O)NC1=NN(C=C1)CC2=CC(=CC=C2)Cl)N3C=C(C=N3)[N+](=O)[O-]	19551717	LAKZBRMTHJFCGN-UHFFFAOYSA-N	C17H17ClN6O3
CNC1=C(C=C(C=C1)C2=C3C(=NC(=N2)Cl)N(C=N3)C4CCCCO4)[N+](=O)[O-]	89307327	CDXCTXHLPJLSPG-UHFFFAOYSA-N	C17H17ClN6O3
C1CN(CCN1C[C@H]2C3=NC=CN=C3C(=O)N2C4=NC=C(C=C4)Cl)C(=O)O	66869540	YABUVIIBSREJOO-LBPRGKRZSA-N	C17H17ClN6O3
CN1C=C(C=N1)C2=NC(=NO2)[C@@H]3COCCN3C(=O)NC4=CC=C(C=C4)Cl	97345922	BIEWJRKRTGVERR-AWEZNQCLSA-N	C17H17ClN6O3
CCN1C=C(C=N1)CNC(=O)C2=CC=C(C=C2)CN3C=C(C(=N3)[N+](=O)[O-])Cl	17023982	PWVAAZIKEFAQSL-UHFFFAOYSA-N	C17H17ClN6O3
CN1CC(N(C(C1)C2=NC=C(C=C2)Cl)C(=O)O)C3C4=NC=CN=C4C(=O)N3	68546686	XBIXUILGECOUFM-UHFFFAOYSA-N	C17H17ClN6O3
CN1C=C(C=N1)C2=NC(=NO2)C3COCCN3C(=O)NC4=CC=C(C=C4)Cl	75475242	BIEWJRKRTGVERR-UHFFFAOYSA-N	C17H17ClN6O3
C[C@H](C1=CC(=CC=C1)Cl)NC(=O)NC2=NC=C3C(=C2)NN=C3NC(=O)OC	118395276	ZJBUQNHPJDOUTF-SECBINFHSA-N	C17H17ClN6O3
CC1=CC(=NN1CC2=CC(=CC=C2)Cl)NC(=O)CCN3C=C(C=N3)[N+](=O)[O-]	19411500	UUWPYQHVLQYGIV-UHFFFAOYSA-N	C17H17ClN6O3
CC(CN1C=C(C=N1)[N+](=O)[O-])C(=O)NC2=CN(N=C2)CC3=CC(=CC=C3)Cl	19564088	BPWSIUOAYJMJFJ-UHFFFAOYSA-N	C17H17ClN6O3
CC(C)(C(=O)NC1=CN(N=C1)CC2=CC=CC=C2Cl)N3C=C(C=N3)[N+](=O)[O-]	19397730	RZPOFHHHGGDBJF-UHFFFAOYSA-N	C17H17ClN6O3
CN1CCN(C(C1)C2=NC=C(C=C2)Cl)C(=O)OC3C4=NC=CN=C4C(=O)N3	68472895	IMJIVHUYBRMAOE-UHFFFAOYSA-N	C17H17ClN6O3
C1CN(C[C@H]([C@@H]1O)NC(=O)O)C2=NC(=NC=C2)C3=CN=C4N3C=C(C=C4)Cl	139344341	IWCRSPBFYLUMNA-DGCLKSJQSA-N	C17H17ClN6O3
CCN1C=C(C(=N1)C(=O)N)NC(=O)C2=CC=NN2COC3=CC=CC=C3Cl	19507158	BEHQXLVLDBYZSP-UHFFFAOYSA-N	C17H17ClN6O3
CCOC(=O)CN1C2=NC=NC(=C2C=N1)NC3=CC=C(C=C3)NC(=O)CCl	72375281	HVQCLEOGNATTMM-UHFFFAOYSA-N	C17H17ClN6O3
CN(CC(=O)NCC1=CC=CO1)C(=O)CN2N=C(N=N2)C3=CC=CC=C3Cl	8187759	KERRCGCZQQXMST-UHFFFAOYSA-N	C17H17ClN6O3
CC1=CC(=NN1CCC(=O)NC2=NN(C=C2)CC3=CC(=CC=C3)Cl)[N+](=O)[O-]	19541863	GAPOTNMSMLVMOP-UHFFFAOYSA-N	C17H17ClN6O3
CC1=C(C=NN1CCC(=O)NC2=NN(C=C2Cl)CC3=CC=CC=C3)[N+](=O)[O-]	19568131	XHNUIBKHAJGDQG-UHFFFAOYSA-N	C17H17ClN6O3
C1CN(CC1OC2=CC=CC=C2Cl)C(=O)CCC3=NC(=NO3)C4=NC=NN4	126771124	NCMFENCLWPDLLT-UHFFFAOYSA-N	C17H17ClN6O3
CC1=C(C=NN1C(C)C(=O)NC2=NN(C=C2)CC3=CC(=CC=C3)Cl)[N+](=O)[O-]	19539181	GTMDGWHTJATNFP-UHFFFAOYSA-N	C17H17ClN6O3
CC1=C(C(=NN1CC2=CC=C(C=C2)Cl)C)NC(=O)CN3C=CC(=N3)[N+](=O)[O-]	19521487	NNQCUMRZKOXRQB-UHFFFAOYSA-N	C17H17ClN6O3
CC(CN1C=C(C=N1)[N+](=O)[O-])C(=O)NC2=CN(N=C2)CC3=CC=CC=C3Cl	19562505	HZFQMQDUBCCRFI-UHFFFAOYSA-N	C17H17ClN6O3
[2H]C1(C(N(C(C(N1C(=O)O[C@H]2C3=NC=CN=C3C(=O)N2C4=NC=C(C=C4)Cl)([2H])[2H])([2H])[2H])C([2H])([2H])[2H])([2H])[2H])[2H]	25145207	GBBSUAFBMRNDJC-MKZIIPLCSA-N	C17H17ClN6O3
[2H]C1=C(C(=NC(=C1Cl)[2H])N2C(=O)C3=NC(=C(N=C3[C@]2([2H])OC(=O)N4C(C(N(C(C4([2H])[2H])([2H])[2H])C([2H])([2H])[2H])([2H])[2H])([2H])[2H])[2H])[2H])[2H]	25145209	GBBSUAFBMRNDJC-OWWLHCNHSA-N	C17H17ClN6O3
CC1=C(C(=NN1CC2=CC(=CC=C2)Cl)C)NC(=O)C3=NN(C=C3[N+](=O)[O-])C	19264020	KDXSAYNDWQASHW-UHFFFAOYSA-N	C17H17ClN6O3
C1=CC=C2C(=C1)N=C(N=[N+]2[O-])NC(=O)NC3=C(C=CC(=C3)OCCCN)Cl	15978927	WAJOIAMYEMDBQK-UHFFFAOYSA-N	C17H17ClN6O3
CC1=NN(C(=C1/C=C/C(=O)NC2=CC3=C(N=C2)N(C(=O)N(C3=O)C)C)Cl)C	133781912	XYXQVIIXAQCIOH-AATRIKPKSA-N	C17H17ClN6O3
C1C[C@@H](CN(C1)C(=O)C2=CN3C=C(C=NC3=N2)Cl)C4=CC=NN4CC(=O)O	126431509	RYHNDEOXOJKVBP-NSHDSACASA-N	C17H17ClN6O3
C1COCCC1OC2=C(C=NC=C2)NC(=O)C3=C4N=CC(=CN4N=C3N)Cl	76286653	XKVNHOAGLAHDNI-UHFFFAOYSA-N	C17H17ClN6O3
CC1=C(C=C(C=C1)N2C3=C(C(=O)N(C=N3)[C@@H](C(=O)C)C(=O)N(C)C)N=N2)Cl	7476607	QYVYGXHAAVUKAK-AWEZNQCLSA-N	C17H17ClN6O3
C1C[C@H](OC1)CNC(=O)CN2C=NC3=C(C2=O)N=NN3C4=CC=C(C=C4)Cl	7200021	ZSLTXIUJGOMMNJ-ZDUSSCGKSA-N	C17H17ClN6O3
CC1=C(C(=NN1CC(=O)NC2=CC=CC(=C2)CN3C=C(C=N3)Cl)C)[N+](=O)[O-]	19515744	PJLHYJGMOXIBHG-UHFFFAOYSA-N	C17H17ClN6O3
CC1C2=C(C=CC(=C2Cl)OCCN3C=CN=C3)N=C4N1C(C(=O)N4)C(=O)N	136475021	KOKBNWPFKUZFOL-UHFFFAOYSA-N	C17H17ClN6O3
