CCC(CC([C@@H](C)CC1=CC=CC=C1)C(=O)N)O[C@@H]2[C@@H]([C@H]([C@H]([C@H](O2)CO)O)O)O	140635570	ATMVTOXDUSBOQB-UDJADDHVSA-N	C21H33NO7
C[C@@]1(CC(=O)[C@@]2([C@]3([C@H](CCC([C@@H]3[C@@H]([C@@H]([C@]2(O1)C)O)OC(=O)N)(C)C)O)C)O)C=C	14800795	YCGRNAXCLXINDR-URMCVBGCSA-N	C21H33NO7
CCCN(CCC)CC(COC1=CC=C(C=C1)CCC(=O)C)O.C(=O)(C(=O)O)O	16244912	AKPARSUKWPMLCC-UHFFFAOYSA-N	C21H33NO7
CCOC(=O)[C@](C)(CC1=CC(=C(C=C1)OC)OC)N(COC)C(=O)OC(C)(C)C	12042925	KWAHLKWGZAFXOL-NRFANRHFSA-N	C21H33NO7
CC=C(C)C(=O)O[C@H]1CCN2[C@@H]1C(=CC2)COC(=O)[C@@]([C@H](C)OC)(C(C)(C)O)O	442742	QHOZSLCIKHUPSU-WGVRVLLMSA-N	C21H33NO7
CC(C)(C)OC(=O)N1C[C@@H]([C@@H]([C@H]1[C@@H](CCCOCC2=CC=C(C=C2)OC)O)O)O	10949648	RIQAJDJACKJGKH-HCXYKTFWSA-N	C21H33NO7
CC1=C(C2=C(CCC(O2)C(=O)NCCOCCOCCOCCO)C(=C1O)C)C	123254432	ZLHAVVHXKVCKJW-UHFFFAOYSA-N	C21H33NO7
CCOC(=O)[C@H](CC1=CC(=C(C=C1)OC)COC)N(COC)C(=O)OC(C)(C)C	101263943	CIBGMDDCYZTFDF-KRWDZBQOSA-N	C21H33NO7
CCCCC(CC)COC(=O)C1=CC(=C(C(=C1)C)O)C.C(C(=O)O)NCC(=O)O	20405652	YWSXBTOSSYCKJY-UHFFFAOYSA-N	C21H33NO7
CCCOC(=O)[C@H](CC1=CC=C(C=C1)OCOC)N(COC)C(=O)OC(C)(C)C	139916753	YOXUQLYBZFSOCS-SFHVURJKSA-N	C21H33NO7
CC(C)(C)C(C1=CC=CC=C1OCCOCOC)(C(C)(C)C)N(C(=O)O)C(=O)O	67183313	AWBNOCKYBZNFLS-UHFFFAOYSA-N	C21H33NO7
C[C@@H]1C=CCC(=O)N[C@@H](C(=O)OC[C@@H]([C@H](C=CCC(=O)OC[C@H]1OC)C)OC)C	6636711	SUVFFXSJMDUZDY-ILOCAZANSA-N	C21H33NO7
CCOC(=O)[C@@H](C)[C@@H](C1(O[C@H]([C@@H](O1)COC)COC)C)NC2=CC=C(C=C2)OC	10938519	DSMOHYFNBPGWOP-QZHFEQFPSA-N	C21H33NO7
CC1=C(C=C2CCC(OC2=C1C)(C)C(=O)NCCOCCOCCOCCO)O	89711121	ROUPGMQFWGGZDN-UHFFFAOYSA-N	C21H33NO7
CCOC1=C(C=C(C=C1)CC(C(C(=O)OCC)O)NC(=O)OC(C)(C)C)OCC	140011979	CWPQOCMRHILVFL-UHFFFAOYSA-N	C21H33NO7
CCOC(=O)[C@@H]1CCCCN1C(=O)C(=O)[C@]2([C@@H](CC[C@H](O2)C[C@@H](C=C)OC)C)O	89220212	QREZVQUZIIGOOM-RRDHSJHKSA-N	C21H33NO7
CCOC(=O)CCCCCCOC1=C(C=C(C(=C1)C(=O)OCC)N)OCCOC	45141123	NWMVOJRIDLXAMY-UHFFFAOYSA-N	C21H33NO7
CCOC(=O)[C@@H](C)[C@H](C1(O[C@H]([C@@H](O1)COC)COC)C)NC2=CC=C(C=C2)OC	100975112	DSMOHYFNBPGWOP-UDTPNQRGSA-N	C21H33NO7
CC(=CCC(C(=O)[C@H](CCC(=O)OC)NC(=O)OC(C)(C)C)C(=O)OCC=C)C	11101681	FKWYNKPAIQNHAE-LYKKTTPLSA-N	C21H33NO7
CC1=C(C=CC(=C1)C(C)(C)C)OCC(CN2CCCC(C2)O)O.C(=O)(C(=O)O)O	16251501	GUAFTTIVJYLDCX-UHFFFAOYSA-N	C21H33NO7
C[C@@H]1/C=C/CC(=O)N[C@H](C(=O)OC[C@H]([C@@H](/C=C/CC(=O)OC[C@H]1OC)C)OC)C	6419583	SUVFFXSJMDUZDY-RJDQJJLJSA-N	C21H33NO7
C[C@@]1(CC(=O)[C@]2([C@]3([C@H](CCC([C@@H]3[C@@H]([C@@H]([C@]2(O1)C)O)O)(C)C)OC(=O)N)C)O)C=C	67614744	LKWDJUGJAJTFKG-XKNZCZLISA-N	C21H33NO7
C[C@@H]([C@@H](COCCC(C(=O)OC)NC(=O)OC(C)(C)C)OCC1=CC=CC=C1)O	132143166	BNFMFCIXMASVFX-DKKDMOBXSA-N	C21H33NO7
C[C@@]1(CC(=O)[C@]2([C@](O1)(C[C@@]([C@@H]3[C@@]2([C@H](CCC3(C)C)O)C)(O)OC(=O)N)C)O)C=C	57097356	ATEZTGZGEXPADZ-CEBDMIGRSA-N	C21H33NO7
CC1(C(OC2C(O1)CN(C3(C2C#CCO)CC3)C(=O)OC(C)(C)C)(C)OC)OC	126506392	HPUAQCCMRNDWMG-UHFFFAOYSA-N	C21H33NO7
CC.CCOC(=O)C1=CC(=CC(=N1)C(=O)OCC)OCCCC(=O)OC(C)(C)C	143754455	UZIXGXFZNNVEJX-UHFFFAOYSA-N	C21H33NO7
CC.CC.CC(=O)OCCCC1(CC(=O)C2=C(O1)C=CC(=C2)CC(C(=O)O)N)O	141994941	VESLBTAURORPHB-UHFFFAOYSA-N	C21H33NO7
CC(=O)C(C(=O)C(=O)OC)C(C)(C)[C@@H]1[C@@H](N(C(O1)C(C)(C)C)C(=O)OC)CC=C	90662665	XXACLLRSPGGQLD-QBPRILJRSA-N	C21H33NO7
C1=CC=C(C=C1)CCCCCCC(=O)NCCO[C@H]2[C@@H]([C@H]([C@H]([C@H](O2)CO)O)O)O	101118614	YCPBIGSLMLDJMF-OBJCFNGXSA-N	C21H33NO7
C[C@@H]1/C=C/CC(=O)N[C@H](C(=O)OCC([C@H](/C=C/CC(=O)OC[C@H]1OC)C)OC)C	126480168	SUVFFXSJMDUZDY-KLGNWFNTSA-N	C21H33NO7
C1=CC=C(C=C1)CCCCCCC(=O)NCCO[C@@H]2[C@@H]([C@H]([C@H]([C@H](O2)CO)O)O)O	101118590	YCPBIGSLMLDJMF-RQSWOZRGSA-N	C21H33NO7
C1CCC2(CC1)O[C@H]3[C@H](O2)[C@@H](O[C@@H]4[C@@H]3OC5(O4)CCCCC5)C(=O)NCCCO	11898744	GHNPZNFZTXYPCR-NRUGXNMXSA-N	C21H33NO7
C/C=C(\C)/C(=O)OC1CCN2C1C(=CC2)COC(=O)C(C(C)OC)(C(C)(C)O)O	5376266	QHOZSLCIKHUPSU-NTUHNPAUSA-N	C21H33NO7
CC(C)(C)OC(=O)[C@@]1(CC(=O)[C@@H]2[C@H]1[C@H]2CC(C)(C)OC=O)NC(=O)OC(C)(C)C	58403689	OLCJMFFIUNDZGU-LJHQDBHUSA-N	C21H33NO7
C1CCC2(CC1)O[C@@H]3[C@@H](O2)[C@@H](O[C@@H]4[C@@H]3OC5(O4)CCCCC5)C(=O)NCCCO	11898741	GHNPZNFZTXYPCR-VDCDIQELSA-N	C21H33NO7
C1[C@@H]([C@@H]([C@H]2[C@@H]([C@H]3[C@@H]([C@@]1(C2=O)O)O3)O)O)NC(=O)/C=C/CCCCCCCCCO	44445760	XLHWNLUVIQKZKV-ROFFREJHSA-N	C21H33NO7
C[C@@H]1/C=C\CC(=O)N[C@@H](C(=O)OC[C@@H]([C@H](/C=C\CC(=O)OC[C@H]1OC)C)OC)C	16758319	SUVFFXSJMDUZDY-MLETYJTISA-N	C21H33NO7
CC(=O)N[C@@H]1[C@H]([C@@H]([C@H](O[C@H]1OCCCCCCOCC2=CC=CC=C2)CO)O)O	101701649	PKCNPZQZTDISMP-PFAUGDHASA-N	C21H33NO7
C[C@@H](C[C@H](COC[C@@H](C(=O)OC)NC(=O)OC(C)(C)C)OCC1=CC=CC=C1)O	152935149	ULSKKKIZDVYLIT-JQHSSLGASA-N	C21H33NO7
CC(C)[C@H](CC1=CC(=C(C=C1)OC)OCCCOC)C[C@@H](C(=O)OC)NC(=O)O	68773294	DIBXQCHKUDUHEV-SJORKVTESA-N	C21H33NO7
CCCCCCC(C(=O)O)N(CC(OCC)OCC)C1=CC(=C(C=C1)C(=O)O)O	138073255	DRQDWIRMPNFSAS-UHFFFAOYSA-N	C21H33NO7
CCOC(OC)OC[C@H](CCC(=O)OCC1=CC=CC=C1)NC(=O)OC(C)(C)C	91179664	GBVWZIVKMDIXSF-DIMJTDRSSA-N	C21H33NO7
CC(C)(C)OC(=O)C([C@@H](CC=C)C(=O)C(=O)N1CCOCC1)C(=O)OC(C)(C)C	134842112	DDXHLSHLVKRCRT-CQSZACIVSA-N	C21H33NO7
CC(C)OC(=O)[C@H](CC1=CC(=C(C=C1)OC)OC)N(COC)C(=O)OC(C)(C)C	139916757	WRSGLYPFHDWIGR-INIZCTEOSA-N	C21H33NO7
CCOC(=O)C(C(C1=CC(=C(C=C1)OC)CNC(=O)OC(C)(C)C)O)OC(C)C	22494370	OBSCXAJTKQUWOI-UHFFFAOYSA-N	C21H33NO7
C[C@@]1(CC(=O)[C@@]2([C@]3([C@H](CCC([C@@H]3[C@@H]([C@@H]([C@]2(O1)C)C(=O)NO)O)(C)C)O)C)O)C=C	18657735	MPSGZUMKDNAPHQ-SDTRDJBWSA-N	C21H33NO7
COC(=O)CCN(CCC(=O)OC)CCOCCOCCOCC1=CC=CC=C1	11509808	CXITZJLMXKFTCO-UHFFFAOYSA-N	C21H33NO7
CC(C)(C)OC(=O)[C@H]([C@@H](CCOC1=CC=C(C=C1)OC)O)NC(=O)OC(C)(C)C	102520684	IURAKYWBYTUDBQ-SJORKVTESA-N	C21H33NO7
CC1C2C(C[C@@H](O1)O[C@@H](CCO)/C(=C(/C(=C)C(=O)C)\O)/C)N3CCOC(C3O2)C	146630182	SLKSEFHHHIXFKR-XJBFFECISA-N	C21H33NO7
C/C=C(/C)\C(=O)O[C@H]1CC[N+]2([C@@H]1C(=CC2)COC(=O)[C@@]([C@@H](C)OC)(C(C)C)O)[O-]	76313095	BYULTWMIZDJPPV-OFDFDHQNSA-N	C21H33NO7
CCCCCC1CC(=O)C(=CC1/C=C/CC)C2C(C(C(C(O2)CO)O)[N+](=O)[O-])O	144184080	JMXDLGPWQJJSET-SOFGYWHQSA-N	C21H33NO7
CC(=CCC1C(O1)(C)C2C(C(CCC23CO3)OC(=O)NCCCC(=O)O)OC)C	14988915	MMAKPSCJLRBEOK-UHFFFAOYSA-N	C21H33NO7
C/C=C(\C)/C(=O)O[C@H]1CCN2[C@@H]1C(=CC2)COC(=O)C([C@@H](C)OC)(C(C)(C)O)O	134159362	QHOZSLCIKHUPSU-AEBIVUCSSA-N	C21H33NO7
CC(C)(C)OC(=O)CCOCCOCCOCCNC(=O)OCC1=CC=CC=C1	129157977	HXCJKIXPINQSTL-UHFFFAOYSA-N	C21H33NO7
CCOC(=O)[C@H](C)[C@H](C1(O[C@H]([C@@H](O1)COC)COC)C)NC2=CC=C(C=C2)OC	100975110	DSMOHYFNBPGWOP-GRGSLBFTSA-N	C21H33NO7
COC1=CC(=CC=C1)OCCCOCCCN2CCCCCC2.C(=O)(C(=O)O)O	49859902	OAVPLSUKNLATEQ-UHFFFAOYSA-N	C21H33NO7
CCOC1=CN=C(O1)/C=C(\C)/C[C@H]2[C@@H]([C@@H]([C@H](CO2)C[C@H]3[C@@H](O3)[C@@H](C)[C@H](C)O)O)O	10669318	ZCXKBVRDIFDNAQ-UDMVXMFTSA-N	C21H33NO7
C[C@@H]1/C=C/CC(=O)N[C@@H](C(=O)OC[C@H]([C@H](/C=C/CC(=O)OC[C@H]1OC)C)OC)C	11560617	SUVFFXSJMDUZDY-SMVGSFKVSA-N	C21H33NO7
C[C@@]1(CC(=O)[C@@]2([C@]3([C@H](CCC([C@@H]3[C@@H]([C@@H]([C@]2(O1)C)OC(=O)N)O)(C)C)O)C)O)C=C	14800793	QNTQQPVPGGPTCU-URMCVBGCSA-N	C21H33NO7
CC(C)(C)C1=C(C=CC(=C1)OC)OCC(CNC2CCCC2)O.C(=O)(C(=O)O)O	16245484	AOZFADFVTPVRRZ-UHFFFAOYSA-N	C21H33NO7
COC1CC(CC(C1O)OC)C2C3CC4C(CC3[C@H](C5C2C(=O)OC5)N)OCO4	148591733	LIEFFKNBKBDGIM-CEVVNNFDSA-N	C21H33NO7
CCOC1=C(C=C(C=C1)CC(C(C(=O)OC(C)(C)C)O)NC(=O)OCC)OCC	140011935	SBFPNGSZBYDKSJ-UHFFFAOYSA-N	C21H33NO7
CCOC(=O)CCCCCCOC1=C(C=C(C(=C1)N)C(=O)OCC)OCCOC	69011922	IKVYSNDHYZLAJE-UHFFFAOYSA-N	C21H33NO7
C[C@@H]1COC(=O)CC=C[C@H]([C@@H](COC(=O)[C@@H](NC(=O)CC=C[C@H]1OC)C)OC)C	6636635	JAZUWPIUMSOILL-UYTYNIKBSA-N	C21H33NO7
CC(C)COC(=O)COCCC1=CC(=CC(=C1)OCCNC(=O)OC(C)(C)C)O	153572741	BHXJIFMAXOWFIN-UHFFFAOYSA-N	C21H33NO7
CCCCCCCCC(=O)NCC1=CC(=C(C=C1)O)OC.C(CC(=O)O)C(=O)O	21709422	ILQOGVURQUSJJL-UHFFFAOYSA-N	C21H33NO7
CC=C(C)C(=O)OC1CCN2C1C(=CC2)COC(=O)[C@@](C(C)OC)(C(C)(C)O)O	146158541	QHOZSLCIKHUPSU-NBPSDPOJSA-N	C21H33NO7
CCOC(=O)C(=[N+]([O-])OCC=C)[C@@H]1CC(=O)O[C@H]1O[C@@H]2C[C@@H](CC[C@H]2C(C)C)C	101097856	UFMGVPDLYLJREF-QTIHUPTLSA-N	C21H33NO7
C[C@H]1C=CCC(=O)N[C@@H](C(=O)OC[C@H]([C@H](C=CCC(=O)OC[C@@H]1OC)C)OC)C	6636823	SUVFFXSJMDUZDY-IECFSIQFSA-N	C21H33NO7
CO[C@H]1CO[C@H]([C@H]([C@H]1O)O)OC2=CC=CC(=C2N)CCCCCCCCC(=O)O	102144433	KQOLQKAYOOFOJO-FIRPJDEBSA-N	C21H33NO7
CCCCCCC(C(=O)O)N(CC(OCC)OCC)C1=CC(=C(C=C1)O)C(=O)O	138102705	UERMKFZSLYPDQU-UHFFFAOYSA-N	C21H33NO7
CC(=CC[C@@H]1[C@@](O1)(C)[C@H]2C([C@@H](CCC23CO3)OC(=O)N4CCC(C4O)O)OC)C	134266207	ROAXIMVWEWMTTB-WFIZJPCLSA-N	C21H33NO7
C/C=C(\C=C/C(=C)[C@@H](C(=O)O)NC(=O)OC(C)(C)C)/OCCOC1CCCCO1	132122106	TZAQUAOESXWLNN-BZKXKBOJSA-N	C21H33NO7
CC(C1=CC(=C(C=C1[N+](=O)[O-])OCCCC(=O)OC(C)(C)C)OC)OC(C)(C)C	130286555	RPLBVEGDCYTDRW-UHFFFAOYSA-N	C21H33NO7
C[C@H]1C=CCC(=O)N[C@@H](C(=O)OC[C@@H]([C@H](C=CCC(=O)OC[C@@H]1OC)C)OC)C	6636766	SUVFFXSJMDUZDY-JCECYMMASA-N	C21H33NO7
CC(C)CC[C@H](C(=O)O)OC(C1=C(C=C(C=C1)OC)OC)NC(=O)OC(C)(C)C	71160064	VWZFHDOUPKJHMD-PYUWXLGESA-N	C21H33NO7
CCCCCCCCOC(=O)CC(=C)C(=O)OC(C)C(=O)OC(=O)[C@@H]1CCCN1	155255396	CQZDANNBAAVPAS-DJNXLDHESA-N	C21H33NO7
CC1(OC[C@H](O1)[C@H]([C@@H]([C@@H](COCC2=CC=CC=C2)NC(=O)OC(C)(C)C)O)O)C	10549568	LZFAUPJEVMYENW-XMTFNYHQSA-N	C21H33NO7
C1CCC(C1)(CC(C2COCCOC2)C(=O)O)C(=O)NC3CCC(CC3)C(=O)O	149817413	BQLNVMULZCNOBA-UHFFFAOYSA-N	C21H33NO7
CC(C1=CC=C(C=C1)OCCCOCCCOCC(=O)O)NC(=O)OC(C)(C)C	126619759	NWOYAVPYCIHCSE-UHFFFAOYSA-N	C21H33NO7
CCOC(=O)/C=C/O[C@@H](CC=C)[C@H](CC1OCCO1)O[C@H](CC=C)C(=O)N(C)C	16743240	KXCNEROITJDQOF-ANPJYKQMSA-N	C21H33NO7
CC(C)CCC(C(=O)O)OC(C1=C(C=C(C=C1)OC)OC)NC(=O)OC(C)(C)C	78017419	VWZFHDOUPKJHMD-UHFFFAOYSA-N	C21H33NO7
CC.CC(C)(C)OC(=O)NC(CC1=CC=C(C=C1)OC(=O)OC(C)(C)C)C(=O)O	142107163	MBEWHSXAFQMLHP-UHFFFAOYSA-N	C21H33NO7
CC(C)(C)N([C@]1(CC(=O)[C@@H]2[C@H]1[C@H]2C(=O)O)C(=O)O)C(C)(C)CC(=O)OC(C)(C)C	151194542	NHABYVVPFFUXNX-ZYKFEASCSA-N	C21H33NO7
CC(C)(C)OC(=O)[C@H]1[C@H]2[C@@H]1[C@@](CC2=O)(C(=O)OC(C)(C)C)NC(=O)OC(C)(C)C	59712878	UHCSVCBZFNGHAA-BWNADHONSA-N	C21H33NO7
CC(C)(C)OC(=O)C1C2C1C(CC2=O)(C(=O)OC(C)(C)C)NC(=O)OC(C)(C)C	72365584	UHCSVCBZFNGHAA-UHFFFAOYSA-N	C21H33NO7
C/C=C(/C)\C(=O)O[C@H]1CCN2[C@@H]1C(=CC2)COC(=O)[C@@]([C@H](C)OC)(C(C)(C)O)O	5281735	QHOZSLCIKHUPSU-LPLKQDONSA-N	C21H33NO7
CC1(N([C@@H](CO1)[C@@H]([C@@H]([C@H](CO)O)O)OCC2=CC=CC=C2)C(=O)OC(C)(C)C)C	53309438	ZYIFNLYTGBRCQQ-FJIDUMEYSA-N	C21H33NO7
CCOC(=O)[C@](C)(CC1=CC=C(C=C1)OCOC)N(COC)C(=O)OC(C)(C)C	11486702	DOYSQPYBUPNDSM-NRFANRHFSA-N	C21H33NO7
CC1CCC(C(C1)OC(=O)C2CC(C2C(=O)N3CCOC3=O)(OC)OC)C(C)C	139845117	UPVICPPLUUPJTJ-UHFFFAOYSA-N	C21H33NO7
CCCNC[C@H](C1=C(C=C(C(=C1OC(=O)C(C)(C)C)O)O)OC(=O)C(C)(C)C)O	140547205	IKQDFMZPWDIJBC-CYBMUJFWSA-N	C21H33NO7
C/C=C(/C)\C(=O)O[C@H]1CCN2[C@@H]1C(=CC2)COC(=O)[C@@]([C@@H](C)OC)(C(C)(C)O)O	6325507	QHOZSLCIKHUPSU-GTZNJGJUSA-N	C21H33NO7
C1COCCOCCOCCOCCOCCN1CCOC(=O)C2=CC=CC=C2	58974467	YEFBSKDRESGISG-UHFFFAOYSA-N	C21H33NO7
C[C@H]1/C=C/CC(=O)N[C@@H](C(=O)OC[C@@H]([C@H](/C=C/CC(=O)OC[C@@H]1OC)C)OC)C	6419665	SUVFFXSJMDUZDY-ZDCQLMFNSA-N	C21H33NO7
CC1(N([C@H](CO1)COCC[C@@]23C[C@@H]4[C@@H](O4)[C@@H](O2)[C@H](O3)C=C)C(=O)OC(C)(C)C)C	134940755	YSVHLDURFAGNKE-HYRYBNNISA-N	C21H33NO7
CC1CCCN(C1)CCCOCCCOC2=CC=CC(=C2)OC.C(=O)(C(=O)O)O	49859900	ZQNTXQURKUNJOU-UHFFFAOYSA-N	C21H33NO7
CCCCCCCCNC(=O)[C@@H]([C@H]([C@@H]([C@@H](CO)O)O)O)OC(=O)C1=CC=CC=C1	54173005	OWIJBVMEOOETMA-AKHDSKFASA-N	C21H33NO7
C/C=C(/C)\C(=O)O[C@H]1CCN2[C@@H]1C(=CC2)COC(=O)[C@]([C@H](C)OC)(C(C)(C)O)O	6321388	QHOZSLCIKHUPSU-PNFBIMPKSA-N	C21H33NO7
C=CCCCCNC(=O)C1=CC(=C(C=C1)OCCOCCOCCO)OCCO	144233008	VXHZPYFELUUWMN-UHFFFAOYSA-N	C21H33NO7
C/C=C(/C)\C(=O)OC1CCN2C1C(=CC2)COC(=O)C(C(C)OC)(C(C)(C)O)O	91735630	QHOZSLCIKHUPSU-QPEQYQDCSA-N	C21H33NO7
CC=C(C)C(=O)O[C@H]1CCN2[C@@H]1C(=CC2)COC(=O)C(C(C)OC)(C(C)(C)O)O	232739	QHOZSLCIKHUPSU-VYAKWRIJSA-N	C21H33NO7
CC(C)[C@@H]1COC(=O)N1C(=O)[C@@](C)(COC)C=CCOC(=O)C(C)(COC)C=C	134235178	ZHECSDXCKDOSPB-RBEDQOGGSA-N	C21H33NO7
CC1(OC[C@H](O1)[C@H]([C@@H]([C@H](COCC2=CC=CC=C2)NC(=O)OC(C)(C)C)O)O)C	10916621	LZFAUPJEVMYENW-WNRNVDISSA-N	C21H33NO7
CC=C(C)C(=O)OC1CCN2C1C(=CC2)COC(=O)C(C(C)OC)(C(C)(C)O)O	613201	QHOZSLCIKHUPSU-UHFFFAOYSA-N	C21H33NO7
CCOC1=CC=C(C=C1)N(CC(OCC)OCC)C(C(=O)OCC)C(=O)OCC	138342496	IFKCNBDJVAZVRX-UHFFFAOYSA-N	C21H33NO7
C[C@@H]1C[C@@H]([C@H]2CCCCCCOC(=O)[C@@H]3CCCCN3C(=O)C(=O)[C@@]1(O2)O)OC	10136337	DUXXKCSBKORIRW-CPDVXQFNSA-N	C21H33NO7
CC1(CC(=O)C(=C(C[C@@H](C(=O)OC(C)(C)C)NC(=O)OC(C)(C)C)O)C(=O)C1)C	102354729	PQBZUBYEZMOZMZ-LBPRGKRZSA-N	C21H33NO7
CC1=CC=C(C=C1)OC.CC(C)C.CC(=O)OC([C@@H]1C(=O)NCCO1)C(=O)OC	144144187	GSRDSDDIZSRWJI-DKPBNVODSA-N	C21H33NO7
C[C@@H]([C@@H](COCC[C@@H](C(=O)OC)NC(=O)OC(C)(C)C)OCC1=CC=CC=C1)O	132143167	BNFMFCIXMASVFX-RYQLBKOJSA-N	C21H33NO7
C[C@H]1/C=C\CC(=O)N[C@@H](C(=O)OC[C@@H]([C@H](/C=C\CC(=O)OC[C@@H]1OC)C)OC)C	16758323	SUVFFXSJMDUZDY-QKJPZBSTSA-N	C21H33NO7
CCCOCCCN(CCOC1=CC=C(C=C1)CC(C(=O)O)OCC)C(=O)OC	22229968	UQKLAAFUOUGZJI-UHFFFAOYSA-N	C21H33NO7
CCC1(CC(C(C(N1OC(C)C(=O)OC(=C)C(=O)O)(C)CC)C)OC(=O)C=C)C	69292912	VURDRCRLFHJWTP-UHFFFAOYSA-N	C21H33NO7
CC(C)C[C@H]([C@H](CC(=C)COC(=O)C)C(=O)N1CCOC1=O)C(=O)OC(C)(C)C	101214169	RVIYMYGQZBBUJJ-DLBZAZTESA-N	C21H33NO7
C/C=C(/C)\C(=O)O[C@H]1CCN2[C@@H]1C(=CC2)COC(=O)[C@@](C(C)OC)(C(C)(C)O)O	5458664	QHOZSLCIKHUPSU-SVQULCFASA-N	C21H33NO7
C[C@@H]1/C=C\CC(=O)N[C@H](C(=O)OC[C@@H]([C@H](/C=C\CC(=O)OC[C@H]1OC)C)OC)C	16758271	SUVFFXSJMDUZDY-IGGKLASJSA-N	C21H33NO7
CCOC(=O)OCC(C)(C)COC(=O)CC(C)C.C1=CC=C(C=C1)COC(=O)N	141966910	SWBRDLHCHNUKSQ-UHFFFAOYSA-N	C21H33NO7
CC(=O)C(C(=O)C(=O)OC)C(C)(C)[C@@H]1[C@H](N([C@H](O1)C(C)(C)C)C(=O)OC)CC=C	49767007	XXACLLRSPGGQLD-DFCDGCKZSA-N	C21H33NO7
CC(C(COCCC(C(=O)OC)NC(=O)OC(C)(C)C)OCC1=CC=CC=C1)O	132143168	BNFMFCIXMASVFX-UHFFFAOYSA-N	C21H33NO7
CCOC(=O)C(=[N+]([O-])OCC=C)[C@@H]1CC(=O)O[C@H]1OC2CC(CCC2C(C)C)C	100916499	UFMGVPDLYLJREF-CARRNFATSA-N	C21H33NO7
CC(C)(C)OC(=O)C[C@@H]([C@@H](COC[C@@H](C1=CC=CC=C1)O)O)N[C@H](O)OCC=C	140524725	BFYQWOUISYJWOH-PNYFIKQUSA-N	C21H33NO7
CC(=O)OCCOCCOCCOCCNC(=O)OCC1[C@H]2[C@@H]1CCC#CCC2	145350527	HURMHLDJFINSAK-YOFSQIOKSA-N	C21H33NO7
CC12CCCC(=C)C1CC3C(C2)OC(=O)C3CNC4C(C(C(OC4O)CO)O)O	13074088	AQOMNJXEXWXAJE-UHFFFAOYSA-N	C21H33NO7
C/C=C(\C)/C(=O)O[C@H]1CCN2C1C(=CC2)COC(=O)C([C@@H](C)OC)(C(C)(C)O)O	6857852	QHOZSLCIKHUPSU-PHWWQYADSA-N	C21H33NO7
CCOC1C2[C@@H](C(OC(O2)C3=CC=CC=C3)COCCOCCN)OC1OCC	134402244	OQLSLXKECMFGJT-PXXRTOQUSA-N	C21H33NO7
C/C=C(/C)\C(=O)O[C@H]1CCN2[C@@H]1C(=CC2)COC(=O)C([C@H](C)OC)(C(C)(C)O)O	11969450	QHOZSLCIKHUPSU-ACHJQHRWSA-N	C21H33NO7
CC1(OC[C@H](O1)[C@@H]([C@H]([C@@H](COCC2=CC=CC=C2)NC(=O)OC(C)(C)C)O)O)C	10645300	LZFAUPJEVMYENW-OWSLCNJRSA-N	C21H33NO7
C[C@@H]1/C=C\CC(=O)N[C@H](C(=O)OC[C@H]([C@H](/C=C\CC(=O)OC[C@H]1OC)C)OC)C	16758274	SUVFFXSJMDUZDY-PSAJBUDPSA-N	C21H33NO7
CC(=CC[C@@H]1[C@@](O1)(C)[C@H]2[C@@H]([C@@H](CCC23CO3)OC(=O)N4CCC(C4O)O)OC)C	72549523	ROAXIMVWEWMTTB-NWDSAAGJSA-N	C21H33NO7
CC.CC(C)(C(=O)C1=CC=C(C=C1)OCCOC=O)O.CNCCOC(=O)C=C	142598933	TUWIWYLIRIAGJF-UHFFFAOYSA-N	C21H33NO7
C[C@@H]1COC(=O)C/C=C\[C@H]([C@@H](COC(=O)[C@@H](NC(=O)C/C=C\[C@H]1OC)C)OC)C	16758247	JAZUWPIUMSOILL-DSZTUSQQSA-N	C21H33NO7
C/C=C(/C)\C(=O)O[C@@H]1CCN2[C@@]1(C(=CC2)COC(=O)[C@@]([C@H](C)O)(C(C)(C)O)O)C	131801173	KOTHGSHANHOSGA-AURTVJHUSA-N	C21H33NO7
C/C=C(/C)\C(=O)O[C@@H]1CCN2[C@@H]1C(=CC2)COC(=O)[C@@]([C@@H](C)OC)(C(C)(C)O)O	6351912	QHOZSLCIKHUPSU-ONYQYTMASA-N	C21H33NO7
CC(C)C=CC1C(O1)(C)C2C(C(CCC23CO3)OC(=O)N4CC(C(C4)O)O)OC	123645594	XMZIYRANLUULOM-UHFFFAOYSA-N	C21H33NO7
C1C([C@@H](O[C@]12C(C(C=CC2=O)O)O)O)NC(=O)/C=C/CCCCCCCCCO	101806604	DQJCNOUNYPRLKJ-GGKVXEPRSA-N	C21H33NO7
CCO[C@@]1([C@@](OC(=O)[C@H](O1)[C@H](C2=CC=CC=C2)NCC(OC)OC)(C)OCC)C	101571928	CIWPBMUEQVNSBS-YHELAOLJSA-N	C21H33NO7
CC(=O)N[C@@H]1[C@H]([C@@H]([C@H](O[C@H]1O)COCCCCCCOCC2=CC=CC=C2)O)O	102120396	FMEOVVRTLMFFSB-PFAUGDHASA-N	C21H33NO7
CC(C)(C)OCCCOCCOCCOCCNC(=O)C1=CC(=CC=C1)C(=O)O	123932064	GUSINNXOIPQCDG-UHFFFAOYSA-N	C21H33NO7
C/C=C(\C)/C(=O)O[C@H]1CCN2[C@@H]1C(=CC2)COC(=O)[C@@]([C@@H](C)OC)(C(C)(C)O)O	6875201	QHOZSLCIKHUPSU-GSGZVERGSA-N	C21H33NO7
C1COCCOCCOCCOCCOCCOCCN1C2=CC=C(C=C2)C=O	142740271	WFPZASWMUZNEQD-UHFFFAOYSA-N	C21H33NO7
CC(C)CCC(C(=O)O)OC(C1=C(C=CC=C1OC)OC)NC(=O)OC(C)(C)C	143571593	FTRKJGFJADXFOW-UHFFFAOYSA-N	C21H33NO7
CC1=C(C=CC(=C1)C(C)(C)C)OCCOCCN2CCOCC2.C(=O)(C(=O)O)O	2924279	ZJVRZUNCJLUNBS-UHFFFAOYSA-N	C21H33NO7
CC(C)(C)OC(=O)N[C@@H](CCCC1=CC(=C(C=C1)OC)OCCCOC)C(=O)O	71197180	TZXOZJWJVLHKLD-INIZCTEOSA-N	C21H33NO7
C/C=C(\C)/C(=O)O[C@@H]1CCN2[C@@H]1C(=CC2)COC(=O)[C@]([C@H](C)OC)(C(C)(C)O)O	11862578	QHOZSLCIKHUPSU-XDJTUUSVSA-N	C21H33NO7
CC1CN(CC(O1)C)CCOCCOC2=C(C=CC(=C2C)C)C.C(=O)(C(=O)O)O	2934356	NGPGDWIFIDAPKH-UHFFFAOYSA-N	C21H33NO7
CCCCCCCCNC(=O)C(C(C(C(COC(=O)C1=CC=CC=C1)O)O)O)O	23524564	ZFJNURFVNMZEPW-UHFFFAOYSA-N	C21H33NO7
C.CCOC1=CC=CC=C1OCC(C)N2CCCCC2O.C(=C/C(=O)O)\C(=O)O	88652509	SAMVPHRNRJROFV-JITBQSAISA-N	C21H33NO7
C[C@@H]1/C=C/CC(=O)N[C@H](C(=O)OC[C@@H]([C@H](/C=C/CC(=O)OC[C@H]1OC)C)OC)C	6419608	SUVFFXSJMDUZDY-MWYRTYNKSA-N	C21H33NO7
COC1COC(C(C1O)O)OC2=CC=CC(=C2N)CCCCCCCCC(=O)O	139588123	KQOLQKAYOOFOJO-UHFFFAOYSA-N	C21H33NO7
C[C@@H]1/C=C/CC(=O)N[C@H](C(=O)OC[C@H]([C@H](/C=C/CC(=O)OC[C@H]1OC)C)OC)C	6419611	SUVFFXSJMDUZDY-OZBAMLPZSA-N	C21H33NO7
CC(CC(CCOCC(C(=O)O)NC(=O)OC(C)(C)C)OCC1=CC=CC=C1)O	145115026	KOCHVJMVRFHNJE-UHFFFAOYSA-N	C21H33NO7
CC1C(C(OC(C1C)COC(=O)C)CCCCCC(=O)ON2C(=O)CCC2=O)C	124164401	SDKUMBRCKCDQSJ-UHFFFAOYSA-N	C21H33NO7
C=C1/C(=C\CCC(COCCO)O)/C(C=C(C(=O)N1)CCC(C(=C)CCO)O)O	147468776	FBIUCKBYKYLVNK-BLLMUTORSA-N	C21H33NO7
C[C@]1([C@@](O[C@H]2[C@H](O1)CN(C3([C@@H]2C#CCO)CC3)C(=O)OC(C)(C)C)(C)OC)OC	118199722	HPUAQCCMRNDWMG-KACZPEKHSA-N	C21H33NO7
C/C=C(\C)/C(=O)O[C@H]1CCN2[C@@H]1C(=CC2)COC(=O)[C@@]([C@H](C)OC)(C(C)(C)O)O	12358997	QHOZSLCIKHUPSU-QDYSVBJQSA-N	C21H33NO7
C1C([C@H]([C@@H]2[C@@H]([C@H]3[C@@H]([C@@]1(C2=O)O)O3)O)O)NC(=O)/C=C/CCCCCCCCCO	101806605	XLHWNLUVIQKZKV-MWORLJKGSA-N	C21H33NO7
CC(C)CC[C@H](C(=O)O)OC(C1=C(C=CC=C1OC)OC)NC(=O)OC(C)(C)C	118137404	FTRKJGFJADXFOW-PYUWXLGESA-N	C21H33NO7
C[C@@H]1CC[C@H](O[C@@]1(C)C(=O)C(=O)N2CCCC[C@H]2C(=O)OC)C[C@@H](C(=O)C)OC	89994381	AZMZVUVCPYOWCO-CEOVBQCXSA-N	C21H33NO7
CC(CCC(=O)N(CCCC(=O)OC)C1=CC(=CC(=C1)CO)CO)OCCOC	147638982	GHFSOJRSJUINPW-UHFFFAOYSA-N	C21H33NO7
CC(C)C=C[C@@H]1C(O1)(C)C2[C@@H]([C@@H](CC[C@]23CO3)OC(=O)N4C[C@@H]([C@H](C4)O)O)OC	123464845	XMZIYRANLUULOM-SCZNURIPSA-N	C21H33NO7
CCCOC(=O)[C@H](CC1=CC(=C(C=C1)OC)OC)N(COC)C(=O)OC(C)(C)C	139916793	GNKTURYHXQQBHP-INIZCTEOSA-N	C21H33NO7
C[C@@]1(CC(=O)[C@@]2([C@]3([C@H](CCC([C@@H]3[C@@H]([C@@H]([C@]2(O1)C)O)O)(C)C)OC(=O)N)C)O)C=C	67652463	LKWDJUGJAJTFKG-AKMAXBKUSA-N	C21H33NO7
CC(C)(C)OC(=O)NCCOCCOCCOCCC(=O)OCC1=CC=CC=C1	123132103	OFMYFALEFXJINF-UHFFFAOYSA-N	C21H33NO7
CC.CC(CC1C(CC2C3=CC(=C(C=C3CCN2C1(O)O)OC)OC)O)C(=O)O	144849371	XWTILRAEYVPWQT-UHFFFAOYSA-N	C21H33NO7
CCC(C)(C)C(=N)OC1=CC(=C(C=C1)OCOCCCOCOC(C)C)C(=O)O	20793525	ZFSJKMKNAXIHTP-UHFFFAOYSA-N	C21H33NO7
CC(C)(C)OC(=O)NC[C@@H]1[C@H]([C@@H]([C@H]([C@@H](O1)OCC2=CC=CC=C2)OC)OC)OC	10573684	DLYVMSHJXNDZCG-UJWQCDCRSA-N	C21H33NO7
CC(C)/C=C/[C@@H]1[C@@](O1)(C)C2[C@@H]([C@@H](CC[C@]23CO3)OC(=O)N4C[C@@H]([C@H](C4)O)O)OC	126603805	XMZIYRANLUULOM-VYHFAUJDSA-N	C21H33NO7
CC(C)NC[C@@H](C1=CC2=C(C=C1)OCCOCCOCCOCCO2)OC(=O)C	101437558	CXDYZXLVYJUWEF-NRFANRHFSA-N	C21H33NO7
CC1CCN(CC1)CCOCCOC2=CC=CC=C2OC(C)C.C(=O)(C(=O)O)O	16268040	DFSOLCSDFNRUNE-UHFFFAOYSA-N	C21H33NO7
C[C@@H]1C=CCC(=O)N[C@H](C(=O)OC[C@@H]([C@H](C=CCC(=O)OC[C@H]1OC)C)OC)C	6636552	SUVFFXSJMDUZDY-ICUGJSFKSA-N	C21H33NO7
C/C=C(\C)/C(=O)O[C@@H]1CCN2[C@@H]1C(=CC2)COC(=O)[C@@]([C@@H](C)OC)(C(C)(C)O)O	92966655	QHOZSLCIKHUPSU-XMEKRHQMSA-N	C21H33NO7
CC1(OC[C@H](O1)[C@@H]([C@H]([C@H](COCC2=CC=CC=C2)NC(=O)OC(C)(C)C)O)O)C	11729300	LZFAUPJEVMYENW-XSLAGTTESA-N	C21H33NO7
CCOC(=O)CCCCCCOC(C(N)OC)OC1=CC=CC(=C1)C(=O)OCC	143645817	OZOODDJQNPGBEH-UHFFFAOYSA-N	C21H33NO7
CC(=N)[C@]1(C[C@@H](C2C(C1)C(C3C(C2O)C(C4C(C3=O)CCCC4OC)O)O)O)O	149525644	YSCBWAFNEOZYGP-JTMMHVGQSA-N	C21H33NO7
CC.CC(C[C@H]1CN2CCC3=CC(=C(C=C3C2C(C1O)(O)O)OC)OC)C(=O)O	144818514	BAYAYYOVWAPVRJ-YYCJEFTGSA-N	C21H33NO7
CCC(C)(CCOC(C)(CC)CCOC(=O)COC1=CC=C(C=C1)[N+](=O)[O-])OC	143201808	GPYMEBVQDYTTMK-UHFFFAOYSA-N	C21H33NO7
COC1=CC=C(C=C1)COCC(CNC2CCCCCCC2)O.C(=O)(C(=O)O)O	16249239	LMFQUDVNUFEFIK-UHFFFAOYSA-N	C21H33NO7
CC(C)(C)OC(=O)[C@H]1[C@H]2[C@@H]1C(CC2=O)(C(=O)OC(C)(C)C)NC(=O)OC(C)(C)C	68318474	UHCSVCBZFNGHAA-HBHWCCLLSA-N	C21H33NO7
CC(C1=CC=C(C=C1)C2OC(C(O2)C(CO)O)C(CO)O)C(C)C(C)(C)C(=O)N	134369896	SBIRRNQKKPHLHN-UHFFFAOYSA-N	C21H33NO7
CCCCCCCCOC1=CC=C(C=C1)C(=O)N[C@H]2[C@@H]([C@H]([C@@H]([C@H](O2)CO)O)O)O	101942728	VBOGYAUPUCYCPI-GQUPQBGVSA-N	C21H33NO7
C=CCCCNC(=O)C1=CCC2C(=C1)OCOCCOCCOCCOCCO2	144233004	APVNYYSSNNCIRE-UHFFFAOYSA-N	C21H33NO7
C[C@@H]([C@@H](CCOCC[C@@H](C(=O)O)NC(=O)OC(C)(C)C)OCC1=CC=CC=C1)O	149099051	QUGUMFJPROVACP-RYQLBKOJSA-N	C21H33NO7
CC1(CC=C(C=C1)OCCOC2CCCCO2)[C@@H](C(=O)O)NC(=O)OC(C)(C)C	146260675	JXJMLSBRSBPVDF-BQIYRTECSA-N	C21H33NO7
CC(=O)OC1(C(=C(C(=NC(C)(C)C)O1)C(=O)OC(C)(C)C)C(=O)OC(C)(C)C)C	102283373	GNBGNRXNGLZRNO-UHFFFAOYSA-N	C21H33NO7
CCOC(CC1=CC=C(C=C1)OCCN(CC(C)C)C(=O)OCCOC)C(=O)O	22231890	ALALZCVUSVMQGV-UHFFFAOYSA-N	C21H33NO7
COC1CCC2C(C1C=O)C(=O)OC2C3C4CC(C(CC4CCN3O)OC)OC	149422005	UWPNITRHOWSZCN-UHFFFAOYSA-N	C21H33NO7
C1CCC2(CC1)O[C@@H]3[C@H](O2)[C@@H](O[C@@H]4[C@@H]3OC5(O4)CCCCC5)C(=O)NCCCO	11898743	GHNPZNFZTXYPCR-BMGDNIKJSA-N	C21H33NO7
CC(=O)OCOC1=C(C=C(C=C1)C(CNC(C)(C)C)OC(=O)OC(C)(C)C)CO	58014095	ZMQLUEMYKCDMNZ-UHFFFAOYSA-N	C21H33NO7
CCCCCCCCC(C(=O)O)N(CC(OC)OC)C1=CC(=C(C=C1)O)C(=O)O	138101474	ZGWFCHIIHLDOAR-UHFFFAOYSA-N	C21H33NO7
CC(C)(C)C1C(=O)[C@@H]2[C@H]([C@]2([C@@]1(C(=O)O)NC(=O)OC(C)(C)C)C(C)(C)C)C(=O)O	67238096	UYACEQBVDOWAAM-BWFWGZKWSA-N	C21H33NO7
C[C@@H](C1=CC=C(C=C1)OCCCOCCCOCC(=O)O)NC(=O)OC(C)(C)C	126619767	NWOYAVPYCIHCSE-INIZCTEOSA-N	C21H33NO7
CC(C)(C)CC1=CC(=C(C=C1)OC2C(C(C(C(O2)C(=O)O)O)O)O)NC(C)(C)C	154951558	GYCVSQVCSGNXNI-UHFFFAOYSA-N	C21H33NO7
COC1CC(CC(C1O)OC)[C@H]2[C@@H]3[C@H](COC3=O)[C@@H](C4C2CC5C(C4)OCO5)N	140545035	LIEFFKNBKBDGIM-LVGNIHHASA-N	C21H33NO7
C1CC1COC(COCC2CO2)C(CCC3CO3)C(C#N)C(COCC4CO4)O	154980482	INDSKQLEMSYUFP-UHFFFAOYSA-N	C21H33NO7
CC(=O)C(C(=O)C(=O)OC)C(C)(C)C1C(N(C(O1)C(C)(C)C)C(=O)OC)CC=C	494970	XXACLLRSPGGQLD-UHFFFAOYSA-N	C21H33NO7
C1CCC(CC1)OCCOC(=O)C2CCC(C(C2)C(=O)N3CCOCC3)C(=O)O	148966100	DYAKROHXXUGACE-UHFFFAOYSA-N	C21H33NO7
CC(=O)OCC(C1=CC=CC=C1)C(=O)NCC(CCC(C)(OC)OC)(OC)OC	56618080	CXAQULUMDICWKX-UHFFFAOYSA-N	C21H33NO7
CC.CC(C[C@@H]1C(C[C@H]2C3=CC(=C(C=C3CCN2C1(O)O)OC)OC)O)C(=O)O	144893979	XWTILRAEYVPWQT-HQYIRDQCSA-N	C21H33NO7
CCOC(=O)[C@H](C)[C@@H](C1(O[C@H]([C@@H](O1)COC)COC)C)NC2=CC=C(C=C2)OC	100975111	DSMOHYFNBPGWOP-FCLVOEFKSA-N	C21H33NO7
C1CCC2(CC1)O[C@H]3[C@@H](O2)[C@@H](O[C@@H]4[C@@H]3OC5(O4)CCCCC5)C(=O)NCCCO	11898742	GHNPZNFZTXYPCR-MUDKKEKZSA-N	C21H33NO7
CC(C)C[C@H]1C(OC(N1C(=O)OC(C)(C)C)C2CC=C(C=C2OC)OC)C(=O)O	89729592	WYHNWIATXYZASM-TZZHXKSVSA-N	C21H33NO7
CC(C)(C)OC(=O)[C@@H]1[C@@H]2[C@H]1[C@@](CC2=O)(C(=O)OC(C)(C)C)NC(=O)OC(C)(C)C	126969574	UHCSVCBZFNGHAA-OOFYPUDQSA-N	C21H33NO7
CC1(C(O[C@H]2[C@H](O1)CN(C3([C@@H]2C#CCO)CC3)C(=O)OC(C)(C)C)(C)OC)OC	118197609	HPUAQCCMRNDWMG-RIWOBZSASA-N	C21H33NO7
C[C@H]1/C=C/CC(=O)N[C@@H](C(=O)OC[C@H]([C@@H](/C=C/CC(=O)OC[C@@H]1OC)C)OC)C	6419661	SUVFFXSJMDUZDY-SRGFXADYSA-N	C21H33NO7
CC(C)(C)OC(=O)NCC(C)(C)COC1=C(C=CC(=C1)OCCOC)C(=O)OC	68832578	VCCGVKOXZBWQMP-UHFFFAOYSA-N	C21H33NO7
CC(C)C(C1=C(C(=O)C1=O)OC(C)C)(C(=O)OC(C)(C)C)NC(=O)OC(C)(C)C	101369212	JAKNVVUYUCSDJU-UHFFFAOYSA-N	C21H33NO7
CCCCOCCN(CCOC1=CC=C(C=C1)CC(C(=O)O)OCC)C(=O)OC	22229603	SDUXUEHLYYITJX-UHFFFAOYSA-N	C21H33NO7
C[C@H]1/C=C/CC(=O)N[C@@H](C(=O)OCC([C@H](/C=C/CC(=O)OC[C@@H]1OC)C)OC)C	126480137	SUVFFXSJMDUZDY-GGKYFQGZSA-N	C21H33NO7
CC1=C(C(=CC=C1)C(C)(C)C)OCCOCCN2CCOCC2.C(=O)(C(=O)O)O	2922374	HRJDAUQLCPLDAC-UHFFFAOYSA-N	C21H33NO7
C1[C@@H]([C@@H]([C@H]2[C@@H]([C@H]3[C@H]([C@@]1(C2=O)O)O3)O)O)NC(=O)/C=C/CCCCCCCCCO	101437505	XLHWNLUVIQKZKV-GQZAODHDSA-N	C21H33NO7
CC1CCN(CC1)CCCOCCCOC2=CC=CC(=C2)OC.C(=O)(C(=O)O)O	49859901	FTTRWTIAJOTYKT-UHFFFAOYSA-N	C21H33NO7
CC(C(=O)OC)NC(=O)O[C@@H]1CC[C@]2(CO2)[C@H]([C@@H]1OC)[C@@]3([C@H](O3)CC=C(C)C)C	142143270	XGTRWPLYSTZDMS-LWUXFDSVSA-N	C21H33NO7
CCCCCCCCNC(=O)CCC(=O)O.CC(=O)O.C1=CC=C(C=C1)C(=O)O	70362460	YWQYMQYIYQKLKX-UHFFFAOYSA-N	C21H33NO7
CCOC(=O)C1=C(C(OC1=NC(C)(C)CC(C)(C)C)(C)OC(=O)C)C(=O)OCC	102283375	HLISPMASDMIYOF-UHFFFAOYSA-N	C21H33NO7
CCCCOC(=O)[C@H]([C@@H](CCOC1=CC=C(C=C1)OC)NC(=O)OC(C)(C)C)O	102520689	KEBMVDHXWRIDCL-MSOLQXFVSA-N	C21H33NO7
CCOC(=O)CCCCCCOCOC(COC1=CC=CC(=C1)C(=O)OCC)N	143645830	OZPBOYBXTIYSBE-UHFFFAOYSA-N	C21H33NO7
CCCCCCCCNC(=O)[C@@H]([C@H]([C@H]([C@@H](COC(=O)C1=CC=CC=C1)O)O)O)O	10787778	ZFJNURFVNMZEPW-YDZRNGNQSA-N	C21H33NO7
C1[C@@H]([C@H]([C@H]2[C@@H]([C@H]3[C@@H]([C@@]1(C2=O)O)O3)O)O)NC(=O)/C=C/CCCCCCCCCO	102452707	XLHWNLUVIQKZKV-MXJJYYFHSA-N	C21H33NO7
C[C@@H]([C@H](CCOCC(C(=O)OC)NC(=O)OC(C)(C)C)OCC1=CC=CC=C1)O	130176930	ALEZFXCUOWQXOK-YKOWGRMDSA-N	C21H33NO7
CC(=O)NC1C(C(C(OC1OCCCCCCOCC2=CC=CC=C2)CO)O)O	129148711	PKCNPZQZTDISMP-UHFFFAOYSA-N	C21H33NO7
CC(C)(C)OC(=O)N(CC1=CC=CC=C1OCCOCOC)C(=O)OC(C)(C)C	58325192	PISNUUYKDKSZLE-UHFFFAOYSA-N	C21H33NO7
CCCCCCCCC(C(=O)O)N(CC(OC)OC)C1=CC(=C(C=C1)C(=O)O)O	138070789	ZQCSJUVMOCJZBA-UHFFFAOYSA-N	C21H33NO7
CCOC(=O)C1=C(C=C(O1)C(C)(C)C)N(C(=O)OC(C)(C)C)C(=O)OC(C)(C)C	149740395	BBBNPFGKXXVCMO-UHFFFAOYSA-N	C21H33NO7
C[C@H]1/C=C/CC(=O)N[C@@H](C(=O)OC[C@H]([C@H](/C=C/CC(=O)OC[C@@H]1OC)C)OC)C	6419667	SUVFFXSJMDUZDY-HHUFIRAOSA-N	C21H33NO7
CCCCCCCCNC(=O)[C@@H]([C@H]([C@@H]([C@@H](COC(=O)C1=CC=CC=C1)O)O)O)O	60122592	ZFJNURFVNMZEPW-AKHDSKFASA-N	C21H33NO7
CC([C@H](CCOCC(C(=O)OC)NC(=O)OC(C)(C)C)OCC1=CC=CC=C1)O	130176932	ALEZFXCUOWQXOK-VJFUWPCTSA-N	C21H33NO7
C1CCC2(CC1)OC3C(O2)C(OC4C3OC5(O4)CCCCC5)C(=O)NCCCO	5021481	GHNPZNFZTXYPCR-UHFFFAOYSA-N	C21H33NO7
C/C=C(\C)/C(=O)O[C@H]1CCN2[C@@H]1C(=CC2)COC(=O)C(C(C)OC)(C(C)(C)O)O	12358996	QHOZSLCIKHUPSU-BLHNHVMESA-N	C21H33NO7
CC(C)(C)OC(=O)CC(C1OC(C(O1)COC)COC)NC2=CC=C(C=C2)OC	67800953	DMZZLJSWBCBTCZ-UHFFFAOYSA-N	C21H33NO7
CC(C)[C@@H](CC1=CC(=C(C=C1)OC)OCCCOC)C[C@@H](C(=O)OC)NC(=O)O	68773291	DIBXQCHKUDUHEV-IRXDYDNUSA-N	C21H33NO7
CC(C)C(=O)OCC1=CC(=C(C=C1)OC2CC(CC(O2)C=O)O)NC(C)C.CO	153373435	IEQSZAOAQMFDLE-UHFFFAOYSA-N	C21H33NO7
CC(C)C1=C(C(=CC=C1)C(C)C)OC(=O)NCCOC2CC([C@@H](C(O2)CO)O)O	89096289	KXHLFWWCKOGXGG-LFVBFMBRSA-N	C21H33NO7
C/C=C(/C)\C(=O)O[C@H]1CCN2[C@@H]1C(=CC2)COC(=O)C(C(C)OC)(C(C)(C)O)O	5355259	QHOZSLCIKHUPSU-UHLCJWRDSA-N	C21H33NO7
CCOC(=O)C(C(=O)OCC)N(CC(OC)OC)C1=C(C=CC(=C1O)C(C)C)C	138417076	WKFNPUFMSZXPSN-UHFFFAOYSA-N	C21H33NO7
CN(C)CC(C1=CC=C(C=C1)OC)C2(CCCCC2)O.C(=C/C(=O)O)\C(=O)O.O	68629914	AQHDKSVHEYCIIP-JITBQSAISA-N	C21H33NO7
CCCCCCCCOC(=O)CC(=C)C(=O)OC(C)C(=O)N1CCC[C@H]1C(=O)O	155255394	MIZOMCJDCPUFKR-DJNXLDHESA-N	C21H33NO7
CC(=CCC(CC1=C(C=C(C=C1OCOC)OC)OCOC)C(=O)N(C)OC)C	146567407	WYMBJCRPXWKZJB-UHFFFAOYSA-N	C21H33NO7
CC(=O)C(C(=O)C(=O)OC)C(C)(C)[C@@H]1C(N(C(O1)C(C)(C)C)C(=O)OC)CC=C	368764	XXACLLRSPGGQLD-KZFQUHQDSA-N	C21H33NO7
CC(C)(C)OC(=O)C(CCC1=CC(=C(C=C1)OC)OC)(NC(=O)OC(C)(C)C)O	140011911	VOLVYNXROCVTJR-UHFFFAOYSA-N	C21H33NO7
C[C@@H]1CCC([C@@H](C1)OC(=O)O[C@H](C)OC(=O)[C@@]2(CC[C@@H]3[C@H]2[C@H]3C(=O)O)N)C(C)C	137488551	VMUMOWQOVZEOJR-KHRGYQLSSA-N	C21H33NO7
CC(C)C1(C(OC(C([C@]1(C)O)NCC2=CC(=C(C=C2)O)C(=O)O)(C)CO)CO)C	132035149	VUOVKECHQSJRTC-DFJPGDIZSA-N	C21H33NO7
CCCCCCCCCCOC(=O)C1=CC(=C(C=C1[N+](=O)[O-])OC)OCCCO	150109503	DWYHNZMSRJFWKE-UHFFFAOYSA-N	C21H33NO7
CC(=CCC1[C@@](O1)(C)[C@H]2[C@@H]([C@@H](CC[C@]23CO3)OC(=O)N4CC(C4)OOC)OC)C	138720481	ZHYHHGPEBRSDBN-XGNOWTCHSA-N	C21H33NO7
C[C@H]1/C=C\CC(=O)N[C@@H](C(=O)OC[C@H]([C@H](/C=C\CC(=O)OC[C@@H]1OC)C)OC)C	16758325	SUVFFXSJMDUZDY-BFTCHMJZSA-N	C21H33NO7
CC(C)OC(=O)[C@H](CC1=CC=C(C=C1)OCOC)N(COC)C(=O)OC(C)(C)C	139916695	NGBCECXDYPYOIC-SFHVURJKSA-N	C21H33NO7
COC(=O)[C@@H]1C[C@@H](CN1)OCCOCCOCCOCCOCC2=CC=CC=C2	134496596	HWJREVQVGLXJAK-PMACEKPBSA-N	C21H33NO7
C1[C@@H]([C@@H](O[C@]12C(C(C=CC2=O)O)O)O)NC(=O)/C=C/CCCCCCCCCO	102452712	DQJCNOUNYPRLKJ-JYODQQALSA-N	C21H33NO7
C[C@@H]1C=CCC(=O)N[C@H](C(=O)OC[C@H]([C@H](C=CCC(=O)OC[C@H]1OC)C)OC)C	6636637	SUVFFXSJMDUZDY-DISONHOPSA-N	C21H33NO7
C[C@@H]([C@@H](CCOC[C@@H](C(=O)OC)NC(=O)OC(C)(C)C)OCC1=CC=CC=C1)O	130198587	ALEZFXCUOWQXOK-RYQLBKOJSA-N	C21H33NO7
CC(C)/C=C/[C@@H]1C(O1)(C)C2[C@@H]([C@@H](CC[C@]23CO3)OC(=O)N4C[C@@H]([C@H](C4)O)O)OC	118053352	XMZIYRANLUULOM-LNNXDQBFSA-N	C21H33NO7
CC1CC(CN(C1)CCCCOC2=C(C=CC=C2OC)OC)C.C(=O)(C(=O)O)O	2934864	FUIPFRJENKAUOQ-UHFFFAOYSA-N	C21H33NO7
