CC(C(=O)OCC(=O)NC1=CC2=C(C=C1[N+](=O)[O-])OCCCO2)OC3=CC=C(C=C3)OC	55518499	HDEHALDWBVQLAL-UHFFFAOYSA-N	C21H22N2O9
C1C2CC3C(C4=C(C(=C(C=C4)NC(=O)CO)O)C(=C3C(=O)C2(C(=O)CC1O)O)O)C(=O)N	69200962	HNKCTJLCFWBKER-UHFFFAOYSA-N	C21H22N2O9
CC(C1=C(C=CC(=C1)OC)OC)NC(=O)COC(=O)C2=CC3=C(C=C2[N+](=O)[O-])OCCO3	55401484	XMLTWQIRNRBSRM-UHFFFAOYSA-N	C21H22N2O9
CC(=O)CCC(=O)OCC1C(C(C(O1)N2C=CC(=O)NC2=O)OC(=O)C3=CC=CC=C3)O	570537	MTKITMBCGFIPIG-UHFFFAOYSA-N	C21H22N2O9
CCOC1=C(C=C(C(=C1)C(=O)OC(C)C(=O)NC2=CC3=C(C=C2)OCCO3)[N+](=O)[O-])OC	55403508	FGRQAUBQPSEYAP-UHFFFAOYSA-N	C21H22N2O9
CCOC1=C(C=C(C(=C1)[N+](=O)[O-])C(=O)OCC(=O)NC2=CC3=C(C=C2)OCCCO3)OC	28079620	RLJQAQIWBUSYMR-UHFFFAOYSA-N	C21H22N2O9
CCCCCOC1=CC(=CC(=C1)C(=O)ON2C(=O)CCC2=O)C(=O)ON3C(=O)CCC3=O	132263145	RRYUCTYMMQRZBY-UHFFFAOYSA-N	C21H22N2O9
C1[C@H](C(=O)N(O1)CCCCOC(=O)C2=C(C(=CC=C2)O)O)NC(=O)C3=C(C(=CC=C3)O)O	118708716	PWPMIBLOAVDKAW-CQSZACIVSA-N	C21H22N2O9
COC1=CC(=C(C=C1)OC(=O)C2CC(=O)N(C2)C3=CC(=C(C(=C3)OC)OC)OC)[N+](=O)[O-]	55577113	LYOOCLZNGBQEGB-UHFFFAOYSA-N	C21H22N2O9
C1=CC=C2C(=C1)C=CC=C2C(=O)C(C(=O)O)N(CCN(CC(=O)O)CC(=O)O)CC(=O)O	90960356	PTHYTLPEDWBGDX-UHFFFAOYSA-N	C21H22N2O9
COC1=CC(=CC(=C1)CN(CC(=O)OC)C(=O)C2=CC(=CC(=C2)[N+](=O)[O-])C(=O)OC)OC	56061130	FPRUGTJFPGQBNA-UHFFFAOYSA-N	C21H22N2O9
CC1(C2C(C3C(C(=O)C(=C(C3(C(=O)C2=C(C4=C1C=CC=C4O)O)O)O)C(=O)N)NC)O)O	153203456	FPZGHVQFWFQVFK-UHFFFAOYSA-N	C21H22N2O9
CC(=O)N[C@@H]1[C@H]([C@@H]([C@H](O[C@H]1OC2=CC=C(C=C2)C(=O)C3=CC=C(C=C3)[N+](=O)[O-])CO)O)O	3068338	AQWXPRPAECFWTN-XGAGZNTDSA-N	C21H22N2O9
CN(C1=CC2=C(C(=C(C=C2)OC)OC)OC1=O)C(=O)C3=NO[C@H]4[C@@H](C=C[C@H]([C@]4(C3)O)O)O	25067253	PCMUPOUDXMFDRE-NYGSYELISA-N	C21H22N2O9
COCCOC(=O)C1=C(NC2=CC=CC=C2C13C(=C(OC3=O)CC(=O)OC)C(=O)OC)N	17060808	HJTRNLMEKSGLGI-UHFFFAOYSA-N	C21H22N2O9
C[C@@]1([C@H]2C([C@H]3[C@@H](C(=O)C(=C([C@]3(C(=O)C2=C(C4=C1C=CC=C4O)O)O)O)C(=O)N)NC)O)O	101033617	FPZGHVQFWFQVFK-UTGSSSKMSA-N	C21H22N2O9
COC1=C(C=C(C=C1)[C@@H]([C@H](/C=C/C(=O)NO)OC)OC(=O)NC2=CC3=C(C=C2)OCO3)O	24059440	BIKLAJGYTSJCMW-DZCMZPKPSA-N	C21H22N2O9
COC1=C(C=CC(=C1)N2C=CC3=C2C=CC(=C3)[N+](=O)[O-])O[C@@H]4C([C@H]([C@@H](C(O4)CO)O)O)O	70933904	FISIQEFCCCFHDL-JRXKHZKBSA-N	C21H22N2O9
CC1=CC(=C(C=C1)OCC(=O)OCC(=O)NC2=CC3=C(C=C2[N+](=O)[O-])OCCCO3)OC	36589567	HVTKSMLVMQKQLB-UHFFFAOYSA-N	C21H22N2O9
COCCOC(=O)C1=C(OC(=C([C@]12C3=CC=CC=C3NC2=O)C(=O)OC)CC(=O)OC)N	1573532	LFOXYGOHYUCZKB-OAQYLSRUSA-N	C21H22N2O9
CC(C)C(=O)OC1=CC=C(C=C1)OCCCCOC(=O)C2=CC(=CC(=C2)[N+](=O)[O-])[N+](=O)[O-]	147566228	FTPQTVDEQWMYJG-UHFFFAOYSA-N	C21H22N2O9
CC(=O)CCC(=O)OCC1C(C(C(O1)N2C=CC(=O)NC2=O)O)OC(=O)C3=CC=CC=C3	570071	WYRKPGFQXGETEX-UHFFFAOYSA-N	C21H22N2O9
CN(C)[C@H]1[C@@H]2[C@H](C3=C(C4=C(C(=CC=C4)O)C(=C3C([C@@]2(C(=O)C(C1=O)C(=O)N)O)O)O)O)O	91396359	ONQZLWOZXNFNJA-QBNZNCEHSA-N	C21H22N2O9
CCOC1=C(C=CC(=C1)C(=O)OCC(=O)NC2=CC3=C(C=C2[N+](=O)[O-])OCCCO3)OC	41571482	PHSUVYAOSSIQSM-UHFFFAOYSA-N	C21H22N2O9
CC.COC1=CC(=CC(=C1O)[N+](=O)[O-])/C=C/C(=O)/C=C/C2=CC(=C(C(=C2)OC)O)[N+](=O)[O-]	144156015	GHKRMOPMTWTZPC-WEUBHIEESA-N	C21H22N2O9
CCOC(=O)CCCN(C1=CC(=C(C=C1)O)C(=O)O)C(=O)OCC2=CC=C(C=C2)[N+](=O)[O-]	138101005	JTASLOFGCKDTDI-UHFFFAOYSA-N	C21H22N2O9
COC1=C(C=C(C(=C1)C(=O)OCC(=O)NC(CC2=CC=CC=C2)C(=O)OC)[N+](=O)[O-])OC	46607334	FTSDBPAIPIVVJT-UHFFFAOYSA-N	C21H22N2O9
CC(=O)OC1C(N(C1=O)C2=CC(=C(C(=C2)OC)OC)OC)C3=CC(=C(C=C3)OC)[N+](=O)[O-]	44304511	QGJLKHPPBNNBCA-UHFFFAOYSA-N	C21H22N2O9
COCCOC(=O)C1=C(OC(=C(C12C3=CC=CC=C3NC2=O)C(=O)OC)CC(=O)OC)N	3832418	LFOXYGOHYUCZKB-UHFFFAOYSA-N	C21H22N2O9
CC(C)(C)OC(=O)OC(=O)N(C(=O)OCC1=CC=CC=C1)OCC2=CC=C(C=C2)[N+](=O)[O-]	141199855	OIZJCJLCPRTIGK-UHFFFAOYSA-N	C21H22N2O9
CCCCOC(=O)CN(C1=CC(=C(C=C1)O)C(=O)O)C(=O)OCC2=CC=C(C=C2)[N+](=O)[O-]	138102035	SRPMSJMLDSFJHY-UHFFFAOYSA-N	C21H22N2O9
CC1=CC(=CC(=C1C(=O)OCC(CO)OC(=O)C2=C(C=C(C=C2C)[N+](=O)[O-])C)C)[N+](=O)[O-]	4592695	QTMCXOFGQCMENM-UHFFFAOYSA-N	C21H22N2O9
COCCOC(=O)C1=C(OC(=C([C@@]12C3=CC=CC=C3NC2=O)C(=O)OC)CC(=O)OC)N	1573533	LFOXYGOHYUCZKB-NRFANRHFSA-N	C21H22N2O9
CCOC1=CC(=C(C=C1)NC(=O)COC(=O)COC2=C(C=C(C=C2)C(=O)C)OC)[N+](=O)[O-]	55327169	AVDLHJSCQUEIPM-UHFFFAOYSA-N	C21H22N2O9
COC1=CC=C(C=C1)OCCC(=O)OCC(=O)NC2=CC3=C(C=C2[N+](=O)[O-])OCCCO3	42568447	FRVCYQVUZRHFGY-UHFFFAOYSA-N	C21H22N2O9
COC(C1=CC=CC=C1)OC(=O)[C@@H]2C[C@H](CN2C(=O)OCC3=CC=C(C=C3)[N+](=O)[O-])OO	150964289	LMTCWZPHAIQLGL-ZOVQDZKKSA-N	C21H22N2O9
C[C@H]1[C@H]([C@H](CCO1)NC(=O)OCC2=CC=C(C=C2)OC(=O)OC3=CC=C(C=C3)[N+](=O)[O-])O	144475261	HKOMGSZWPFANDI-FASAQXTFSA-N	C21H22N2O9
CN(C)[C@H]1[C@@H]2[C@H]([C@@H]3[C@@H](C4=C(C(=CC=C4)O)C(=C3C(=O)[C@@]2(C(=C(C1=O)C(=O)N)O)O)O)O)O	67475926	VIIXGCAKWGZFBD-FQRKKWTPSA-N	C21H22N2O9
C[C@@]1([C@H]2[C@@H]([C@H]3[C@H](C(=O)C(=C([C@]3(C(=O)C2=C(C4=C1C=CC=C4O)O)O)O)C(=O)N)NC)O)O	101229446	FPZGHVQFWFQVFK-FKMLFAQQSA-N	C21H22N2O9
CCOC(=O)C1=CC(=CC(=C1)[N+](=O)[O-])C(=O)OC(C)C(=O)NC2=C(C=CC(=C2)OC)OC	24348557	KUHNTFHZBIQHGA-UHFFFAOYSA-N	C21H22N2O9
COC1=C(C=CC(=C1)N2C=CC3=C2C=CC(=C3)[N+](=O)[O-])O[C@@H]4[C@H]([C@H]([C@@H]([C@H](O4)CO)O)O)O	57523283	FISIQEFCCCFHDL-MJCUULBUSA-N	C21H22N2O9
COCCOC(=O)C1=C(NC2=CC=CC=C2[C@@]13C(=C(OC3=O)CC(=O)OC)C(=O)OC)N	28760668	HJTRNLMEKSGLGI-OAQYLSRUSA-N	C21H22N2O9
CC(=O)C1=C2C(=CC(=N1)C(=O)OC)C3=C(N2)C(=CC=C3)O[C@H]4[C@@H]([C@H]([C@@H]([C@H](O4)CO)O)O)O	60149896	BAHKGKMWOSSMEW-WXPOUNOZSA-N	C21H22N2O9
CC(=O)CCC(=O)OC[C@@H]1[C@H]([C@H]([C@@H](O1)N2C=CC(=O)NC2=O)O)OC(=O)C3=CC=CC=C3	91703631	WYRKPGFQXGETEX-UTRMSSBJSA-N	C21H22N2O9
CC1=C(C=CC(=C1[N+](=O)[O-])OC2=CC=CC(=C2)C#N)[C@H]([C@@H]3[C@H]([C@H]([C@@H]([C@H](O3)CO)O)O)O)O	130408961	ZQWGQHKPEADKPA-ICBQOUSBSA-N	C21H22N2O9
COC1=C(C=C(C=C1)[N+](=O)[O-])NC(=O)COC(=O)C=CC2=CC(=C(C(=C2)OC)OC)OC	4574218	UXESCDCHHXQFKH-UHFFFAOYSA-N	C21H22N2O9
CC(CC1=CC=C(O1)C(=O)OC2=CC=C(C=C2)C(=NC)N)C(=O)O[C@H](CC(=O)O)C(=O)O	89096763	JAVCZNDQTJDIGJ-WVQRXBFSSA-N	C21H22N2O9
CC1=C(C(=O)C2=C(O1)C(=C(C=C2O)O)C3CCNCC3CO)C(C4=CC=C(O4)[N+](=O)[O-])O	117654884	LDAKXCCOKGXNMV-UHFFFAOYSA-N	C21H22N2O9
CN(C)[C@H]1[C@@H]2[C@H]([C@@H]3[C@H](C4=C(C(=CC=C4)O)C(=C3C(=O)[C@@]2(C(=C(C1=O)C(=O)N)O)O)O)O)O	60129798	VIIXGCAKWGZFBD-NWIXSBDRSA-N	C21H22N2O9
CC1=CN(C(=O)NC1=O)[C@H]2[C@H]3[C@@H]([C@H](O2)COC(=O)C4=CC=CC=C4)O[C@H](O3)CC(=O)OC	16098982	TZPGHEIPTFLSLR-OAIGWWADSA-N	C21H22N2O9
COC1=CC=CC=C1C(=O)NC(=O)COC(=O)C2=CC(=C(C(=C2)OC)OCC(=O)N)OC	24523024	JUGKPIBXEXFVDA-UHFFFAOYSA-N	C21H22N2O9
COCCOC(=O)C1=C(NC2=CC=CC=C2[C@]13C(=C(OC3=O)CC(=O)OC)C(=O)OC)N	28760666	HJTRNLMEKSGLGI-NRFANRHFSA-N	C21H22N2O9
CCOC1=CC(=CC(=C1)N(/C(=C/2\C(=C(C(=O)OC2=O)C(=O)C)O)/C)C(=O)C(=O)N)OCC	88789570	CODMEPZDHCEZLC-XNTDXEJSSA-N	C21H22N2O9
CC1(CCC2=CC(=C(C=C2N(C1)OC3=CC=C(C=C3)[N+](=O)[O-])OC)OC)OC(=O)C(=O)O	53641628	AGKMRAWOIYDMAW-UHFFFAOYSA-N	C21H22N2O9
COC1=C(C=C(C=C1)[N+](=O)[O-])NC(=O)COC(=O)/C=C/C2=CC(=C(C(=C2)OC)OC)OC	2364129	UXESCDCHHXQFKH-VMPITWQZSA-N	C21H22N2O9
COC1=C(C=CC(=C1)N2C=CC3=C2C=CC(=C3)[N+](=O)[O-])O[C@@H]4[C@@H](C([C@@H](C(O4)CO)O)O)O	118180548	FISIQEFCCCFHDL-XBFLDVLASA-N	C21H22N2O9
CCOC(=O)C(C(=O)OCC)N(CC1=CC=C(C=C1)[N+](=O)[O-])C2=CC(=C(C=C2)O)C(=O)O	138100652	ZLKLTQRXIPTSFX-UHFFFAOYSA-N	C21H22N2O9
CCOC(=O)C(C(=O)OCC)N(C1=CC=CC=C1O)C(=O)OCC2=CC=C(C=C2)[N+](=O)[O-]	138422756	LGBKLQUCYLBKAF-UHFFFAOYSA-N	C21H22N2O9
C1C(C(=O)C2=CC=CN21)CNC3=CC=C(C=C3)C(=O)O[C@H]4[C@@H]([C@H]([C@@H]([C@H](O4)C(=O)O)O)O)O	100945055	DMOQYHWXZMABRB-RVLIQFCMSA-N	C21H22N2O9
C[C@@]1([C@H]2C[C@H]3[C@@H](C(=O)C(=C([C@]3(C(=O)C2=C(C4=C1C=CC=C4O)O)O)O)C(=O)NOC)N)O	71609537	UOJCHXBBDDFGDG-SEWKDGPHSA-N	C21H22N2O9
CCOC(=O)C1=CC(=CC(=C1)[N+](=O)[O-])C(=O)OC(C)C(=O)C2=C(C(=C(N2)C)C(=O)OC)C	24348583	DGNDSSYAVPAJMJ-UHFFFAOYSA-N	C21H22N2O9
CN(C1=CC2=C(C(=C(C=C2)OC)OC)OC1=O)C(=O)C3=NO[C@H]4[C@@H](C=C[C@@H]([C@@]4(C3)O)O)O	52316435	PCMUPOUDXMFDRE-CUNIBPJMSA-N	C21H22N2O9
C1=CC(=CC(=C1)OCC(=O)NCC(CNC(=O)COC2=CC=CC(=C2)C(=O)O)O)C(=O)O	69070144	SWCMLXWSBSFLAK-UHFFFAOYSA-N	C21H22N2O9
CCOC(=O)C1=C(N=C(C(=C1C2=C(C=C(C=C2)[N+](=O)[O-])OCC(=O)O)C(=O)OCC)C)C	70458097	WOMMMARWXUKAIQ-UHFFFAOYSA-N	C21H22N2O9
C[C@@]1(C2C(C3C(=C(C4=C(C3(C)O)C=CC=C4O)O)C(=O)C2(C(=O)C(=C1O)C(=O)N)O)O)N	89953314	BFAWHEKGJITFSX-KRIMMNPOSA-N	C21H22N2O9
CN(C)[C@H]1[C@H]2[C@H]([C@@H]3[C@H](C4=C(C(=CC=C4)O)C(=C3C(=O)[C@@]2(C(=C(C1=O)C(=O)N)O)O)O)O)O	95566286	VIIXGCAKWGZFBD-GVLOLPRISA-N	C21H22N2O9
COC1=CC(=C(C=C1)NC(=O)COC(=O)/C=C/C2=CC(=C(C(=C2)OC)OC)OC)[N+](=O)[O-]	6003529	KFTJEDCHLKYKSP-VMPITWQZSA-N	C21H22N2O9
CC1=CN(C(=O)NC1=O)[C@H]2[C@@H]([C@H]([C@H](O2)[C@H]3COC(=O)O3)OCC4=CC=CC=C4)OC(=O)C	11123163	VITCBSUDJLTJMB-OGJJZOIMSA-N	C21H22N2O9
CC(C)CC(C(=O)O)N(C1=CC(=C(C=C1)O)C(=O)O)C(=O)OCC2=CC=C(C=C2)[N+](=O)[O-]	138101202	FCMHSDBLTVOECG-UHFFFAOYSA-N	C21H22N2O9
CCOC(=O)C1=CC(=CC(=C1)[N+](=O)[O-])C(=O)OCC(=O)C2=C(NC(=C2C)C(=O)OCC)C	25935961	YDULZMMYPVWRGH-UHFFFAOYSA-N	C21H22N2O9
C1[C@H]2[C@@H]1CN(C2)CCCOC3=C4C=C(C5=C3OC(=O)C(CC(=O)O4)(CC(=O)O5)O)C(=O)N	140544850	KULMVDCLNNTBKM-QHILPLLWSA-N	C21H22N2O9
CC.COC(=O)C1=CC(=NC2=C1C3=C(C=C(N3)C(=O)OC)C4(C2=O)OCCO4)C(=O)OC	144211116	IARIOPZVOYAFEC-UHFFFAOYSA-N	C21H22N2O9
[2H]CC(=O)OC[C@@H]1[C@@H]([C@H](C(O1)N2C=C(C(=O)NC2=O)C3=CC=CC=C3)OC(=O)C[2H])OC(=O)C[2H]	141076454	YJIBEZWSBKPCIK-UMWZNHSJSA-N	C21H22N2O9
CCOC(=O)C(C(=O)OCC)N(C1=CC=C(C=C1)O)C(=O)OCC2=CC=C(C=C2)[N+](=O)[O-]	138066372	PKEHQCAVQYWAPL-UHFFFAOYSA-N	C21H22N2O9
CN(C)[C@H]1[C@H]2[C@H]([C@H]3[C@H](C4=C(C(=CC=C4)O)C(=C3C(=O)[C@@]2(C(=C(C1=O)C(=O)N)O)O)O)O)O	95566288	VIIXGCAKWGZFBD-ONILDFRDSA-N	C21H22N2O9
CCOC(=O)C(C(=O)OCC)N(C1=CC(=CC=C1)O)C(=O)OCC2=CC=C(C=C2)[N+](=O)[O-]	138788900	AJDMTMYEGYHXPV-UHFFFAOYSA-N	C21H22N2O9
CN(C1=CC2=C(C(=C(C=C2)OC)OC)OC1=O)C(=O)C3=NO[C@H]4[C@H](C=C[C@@H]([C@@]4(C3)O)O)O	52316437	PCMUPOUDXMFDRE-AEUSJWJYSA-N	C21H22N2O9
CN(C1=CC2=C(C(=C(C=C2)OC)OC)OC1=O)C(=O)C3=NO[C@@H]4[C@@H](C=C[C@@H]([C@@]4(C3)O)O)O	52316434	PCMUPOUDXMFDRE-SWQHDHIYSA-N	C21H22N2O9
CC1=CC(=CC(=C1C(=O)OC[C@H](CO)OC(=O)C2=C(C=C(C=C2C)[N+](=O)[O-])C)C)[N+](=O)[O-]	1822406	QTMCXOFGQCMENM-KRWDZBQOSA-N	C21H22N2O9
COC1=C(C=C(C(=C1)C(=O)OCC(=O)NCCC2=CC3=C(C=C2)OCCO3)[N+](=O)[O-])OC	16961716	QLEDKYFPJBCALI-UHFFFAOYSA-N	C21H22N2O9
CCOC1=C(C=C(C(=C1)[N+](=O)[O-])C(=O)OCC(=O)NC2=C(C=CC(=C2)C(=O)OC)C)OC	28037529	ZGNBNRARLQERAH-UHFFFAOYSA-N	C21H22N2O9
COC1=C(C=CC(=C1)N2C=CC3=C2C=CC(=C3)[N+](=O)[O-])O[C@@H]4C(C([C@@H](C(O4)CO)O)O)O	89636981	FISIQEFCCCFHDL-KQNAIQNQSA-N	C21H22N2O9
COC1=C(C=C(C=C1)CCNC(=O)COC(=O)C2=CC(=CC(=C2)C(=O)OC)[N+](=O)[O-])OC	16266201	KQYWUCSYAUJWDW-UHFFFAOYSA-N	C21H22N2O9
CN(C1=CC2=C(C(=C(C=C2)OC)OC)OC1=O)C(=O)C3=NO[C@@H]4[C@@H](C=C[C@@H]([C@]4(C3)O)O)O	124871238	PCMUPOUDXMFDRE-UOUNVNTQSA-N	C21H22N2O9
CN(C)[C@H]1C2C(C3[C@H](C4=C(C(=CC=C4)O)C(=C3C(=O)[C@@]2(C(=C(C1=O)C(=O)N)O)O)O)O)O	92131773	VIIXGCAKWGZFBD-PEOLWJNISA-N	C21H22N2O9
CC(C)(C)OC(=O)NC(CC1=CC=C(C=C1)OC(=O)OC2=CC=C(C=C2)[N+](=O)[O-])C(=O)O	141216551	BILKRWRVQXJNCM-UHFFFAOYSA-N	C21H22N2O9
CCOC1=C(C=C(C=C1)C(=O)OCC(=O)NC2=CC3=C(C=C2[N+](=O)[O-])OCCCO3)OC	55467511	FXNXLYDBOTVYAX-UHFFFAOYSA-N	C21H22N2O9
C[C@@H]1[C@@H]2[C@H](C(=O)N2C(=C1OC(=O)OCC=C)C(=O)OCC3=CC=C(C=C3)[N+](=O)[O-])[C@@H](C)O	139703766	XXWFYUIXAMRHFY-CZPYZCIJSA-N	C21H22N2O9
COC1=C(C=CC(=C1)C=CC(=O)OCCCCO[N+](=O)[O-])OC(=O)C2=C(C=CC(=C2)N)O	85041314	HNWAURQUQLLQEP-UHFFFAOYSA-N	C21H22N2O9
CC(=O)CCC(=O)OC[C@@H]1[C@H]([C@H]([C@@H](O1)N2C=CC(=O)NC2=O)OC(=O)C3=CC=CC=C3)O	91703719	MTKITMBCGFIPIG-UTRMSSBJSA-N	C21H22N2O9
C1=CC=C2C(=C1)C(C(C3=CC=CC=C3N2C(=O)N)O[C@H]4[C@@H]([C@H]([C@@H]([C@H](O4)C(=O)O)O)O)O)O	102068981	FXFZXWAWJLOACO-NDBHTADSSA-N	C21H22N2O9
COC1=C(C=C(C=C1)CC(=O)OCC(=O)NC2=CC3=C(C=C2[N+](=O)[O-])OCCCO3)OC	41709443	MHVNTAPMFKBUNA-UHFFFAOYSA-N	C21H22N2O9
CCCCCOC1=CC(=CC(=C1OC(=O)C2=CC(=CC(=C2)[N+](=O)[O-])[N+](=O)[O-])OC)C(=O)C	294773	GXOXCLLISWZVGA-UHFFFAOYSA-N	C21H22N2O9
COC1=CC(=C(C=C1C(=O)OCC(=O)NC(=O)NC2=CC3=C(C=C2)OCCO3)OC)OC	2566203	PHMDQWVOPYLERZ-UHFFFAOYSA-N	C21H22N2O9
CCOC(=O)C(C(=O)OCC)N(CC1=CC=C(C=C1)[N+](=O)[O-])C2=CC(=C(C=C2)C(=O)O)O	138069143	AUUIUQSHDHSRDH-UHFFFAOYSA-N	C21H22N2O9
CC1=CC(=C(C=C1OCCCCCOC2=C(C=C(C(=C2)[N+](=O)[O-])C=O)OC)[N+](=O)[O-])C=O	118857890	AFCJKMBCMYQKII-UHFFFAOYSA-N	C21H22N2O9
CC(=O)OC[C@@H]1[C@H](C[C@@H](O1)N2C=C(C(=O)N(C2=O)C(=O)C3=CC=CC=C3)OC)OC(=O)C	101151600	OAYGKPPQWKOSDC-CGTJXYLNSA-N	C21H22N2O9
COC1=CC(=C(C=C1)NC(=O)COC(=O)/C=C/C2=CC(=C(C=C2OC)OC)OC)[N+](=O)[O-]	31660671	FWIPRZVJZWFQOW-VMPITWQZSA-N	C21H22N2O9
CCCCC1C(=O)NN(C1=O)C2=CC=CC=C2.C1=CC(=O)OC1=O.C(=C\C(=O)O)\C(=O)O	88092361	PLULIXPKZMRJDA-FJOGWHKWSA-N	C21H22N2O9
COC1=C(C=CC(=C1)N2C=CC3=C2C=CC(=C3)[N+](=O)[O-])O[C@H](C4(C([C@H](C4O)O)CO)O)O	70934863	NPUPCMXZMFUJAB-CLPUNQMWSA-N	C21H22N2O9
COC1=C(C(=C(C=C1)C(=O)OCC(=O)NC(=O)NC2=CC3=C(C=C2)OCCO3)OC)OC	2522079	GBOZBWPHJKMYNK-UHFFFAOYSA-N	C21H22N2O9
CCCCOC(=O)CN(C1=CC(=C(C=C1)C(=O)O)O)C(=O)OCC2=CC=C(C=C2)[N+](=O)[O-]	138071912	SNXCYYXUBSWJNG-UHFFFAOYSA-N	C21H22N2O9
CC(=O)OC[C@@H]1[C@@H]([C@H]([C@@H](O1)N2C=C(C(=O)NC2=O)C3=CC=CC=C3)OC(=O)C)OC(=O)C	67462746	YJIBEZWSBKPCIK-AJYBTWMASA-N	C21H22N2O9
CC(=O)O[C@@H]1[C@@H](C(OC1N2C=NC(=C2C=O)C(=O)OC)COC(=O)C3=CC=CC=C3)OC	155476539	KCHKCGPDOQYAKH-KNCVXQGMSA-N	C21H22N2O9
CC1(C2C(C3[C@@H](C(=O)C(=C([C@]3(C(=O)C2=C(C4=C1C=CC=C4O)O)O)O)C(=O)N)NC)O)O	90005132	FPZGHVQFWFQVFK-QNSHNFTASA-N	C21H22N2O9
CC(C)CC(C(=O)O)N(C1=CC(=C(C=C1)C(=O)O)O)C(=O)OCC2=CC=C(C=C2)[N+](=O)[O-]	138070243	JTCFJAFDCFSONY-UHFFFAOYSA-N	C21H22N2O9
COC1=CC(=CC(=C1OC)OC)C(=O)OCC(=O)NC(=O)NC2=CC3=C(C=C2)OCCO3	2572129	PGSKUJVNJVQSSS-UHFFFAOYSA-N	C21H22N2O9
COC1=CC(=CC(=C1OC)OC)NC(=O)COC(=O)CNC(=O)C2=CC3=C(C=C2)OCO3	35948397	MMOZLEBHHCXOGY-UHFFFAOYSA-N	C21H22N2O9
CCOC(=O)CCCN(C1=CC(=C(C=C1)C(=O)O)O)C(=O)OCC2=CC=C(C=C2)[N+](=O)[O-]	138069849	MBPPGPOLKXUNQH-UHFFFAOYSA-N	C21H22N2O9
C1=C(C=C(C2=C1C(=O)C3=C(C2=O)C(=CC(=C3)O)O)O)C(=O)O.C(CCN)CC(C(=O)O)N	69302927	RJERIWQNLFNMNW-UHFFFAOYSA-N	C21H22N2O9
CN(C1=CC2=C(C(=C(C=C2)OC)OC)OC1=O)C(=O)C3=NO[C@@H]4[C@@H](C=C[C@H]([C@]4(C3)O)O)O	99722445	PCMUPOUDXMFDRE-NQBUEBGYSA-N	C21H22N2O9
C1C2C=CC(O2)CC(=O)N(C1=O)OCC(=O)C(CC(=O)O)NC(=O)OCC3=CC=CC=C3	70083313	HZAVJVRPHIKOHB-UHFFFAOYSA-N	C21H22N2O9
CCOC1=CC(=CC(=C1)N(C(=C2C(=C(C(=O)OC2=O)C(=O)C)O)C)C(=O)C(=O)N)OCC	149935691	CODMEPZDHCEZLC-UHFFFAOYSA-N	C21H22N2O9
CC(=O)OC[C@@H]1[C@H]([C@H]([C@@H](O1)N2C=CC(=NC2=O)OC3=CC=CC=C3)OC(=O)C)OC(=O)C	23278084	SKARPSYQQMGREQ-VBSBHUPXSA-N	C21H22N2O9
C1=CC=C(C=C1)C[C@H](CC(=O)OC2=CC=C(C=C2)[N+](=O)[O-])COC(=O)CCCO[N+](=O)[O-]	58165172	QGELQSVZLNFPLL-QGZVFWFLSA-N	C21H22N2O9
C1=CC=C(C=C1)C2(C(=O)NC(=O)N2)C3=CC=CC=C3.[C@@H]1([C@@H]([C@H](OC([C@@H]1O)O)C(=O)O)O)O	70347785	WKPFOILBGUKJOQ-HVPGLEETSA-N	C21H22N2O9
CCOC1=CC=C(C=C1)OCC(=O)OCC(=O)NC2=CC3=C(C=C2[N+](=O)[O-])OCCCO3	46808996	PBDJSRDUKGBPNH-UHFFFAOYSA-N	C21H22N2O9
C1=C(C=C(C2=C1C(=O)C3=C(C2=O)C(=CC(=C3)O)O)O)C(=O)O.C(CCN)C[C@@H](C(=O)O)N	69304529	RJERIWQNLFNMNW-ZSCHJXSPSA-N	C21H22N2O9
CC1=C(C(=O)C2=C(O1)C(=C(C=C2O)O)C3CCN(CC3O)C)C(C4=CC=C(O4)[N+](=O)[O-])O	86275641	VBPDLEGAXWJEHU-UHFFFAOYSA-N	C21H22N2O9
CC(=O)O[C@H]1CO[C@H]([C@@H]([C@H]1OC(=O)C)OC(=O)C)N2C=C(C3=CC=CC=C32)/C=C/[N+](=O)[O-]	23264196	PAXQWWPFUFDWPQ-SXWXAITJSA-N	C21H22N2O9
COC1=C(C=C(C=C1)[C@H]([C@@H](/C=C/C(=O)NO)OC)OC(=O)NC2=CC3=C(C=C2)OCO3)O	24168098	BIKLAJGYTSJCMW-JCTQASJRSA-N	C21H22N2O9
CC1(C2C(C3C(C(=O)C(C(=O)C3(C(=O)C2C(=O)C4=C1C=CC=C4O)O)C(=O)N)NC)O)O	123194343	URMUMXDZLNZOHS-UHFFFAOYSA-N	C21H22N2O9
CN(C1=CC2=C(C(=C(C=C2)OC)OC)OC1=O)C(=O)C3=NO[C@@H]4[C@@H](C=C[C@H]([C@@]4(C3)O)O)O	124871239	PCMUPOUDXMFDRE-WMWAKZPESA-N	C21H22N2O9
CN(C1=CC2=C(C(=C(C=C2)OC)OC)OC1=O)C(=O)C3=NOC4C(C=CC(C4(C3)O)O)O	51136322	PCMUPOUDXMFDRE-UHFFFAOYSA-N	C21H22N2O9
COC1=C(C=CC(=C1)/C=C/C(=O)OCCCCO[N+](=O)[O-])OC(=O)C2=C(C=CC(=C2)N)O	9803597	HNWAURQUQLLQEP-WEVVVXLNSA-N	C21H22N2O9
CN(C)[C@H]1[C@@H]2[C@H]([C@H]3[C@H](C4=C(C(=CC=C4)O)C(=C3C(=O)[C@@]2(C(=C(C1=O)C(=O)N)O)O)O)O)O	95566287	VIIXGCAKWGZFBD-GFVCRYCESA-N	C21H22N2O9
COC1=CC(=C(C=C1)NC(=O)COC(=O)C=CC2=CC(=C(C(=C2)OC)OC)OC)[N+](=O)[O-]	4074014	KFTJEDCHLKYKSP-UHFFFAOYSA-N	C21H22N2O9
CN(C1=CC2=C(C(=C(C=C2)OC)OC)OC1=O)C(=O)C3=NO[C@@H]4[C@H](C=C[C@@H]([C@@]4(C3)O)O)O	52316436	PCMUPOUDXMFDRE-LALQPFAPSA-N	C21H22N2O9
CCCCCC(=O)OC(C)C1=C(C=CC(=C1)[N+](=O)[O-])OC(=O)OC2=CC=C(C=C2)[N+](=O)[O-]	139698184	WLZNBSDDZPZYRJ-UHFFFAOYSA-N	C21H22N2O9
CC1=CC(=CC(=C1C(=O)OC[C@@H](CO)OC(=O)C2=C(C=C(C=C2C)[N+](=O)[O-])C)C)[N+](=O)[O-]	1822405	QTMCXOFGQCMENM-QGZVFWFLSA-N	C21H22N2O9
C1CN(CCN1CC(=O)C2=CC=CO2)C(=O)C3COC4=CC=CC=C4O3.C(=O)(C(=O)O)O	71780724	VWJGLRQZYQIGEB-UHFFFAOYSA-N	C21H22N2O9
