C1=CC(=CC(=C1)O)N2C3=C(C=CC=C3Cl)C=N2	105505219	LXYJRYSRIMCATL-UHFFFAOYSA-N	C13H9ClN2O
CC1=C2C(=CC(=N1)Cl)C3=CC=CC=C3NC2=O	15946060	PYKADDQRIIACGU-UHFFFAOYSA-N	C13H9ClN2O
CC1=CC=C(O1)C2=CC3=C(C=C2)N=CN=C3Cl	88557088	APTGTLLLUHAMQY-UHFFFAOYSA-N	C13H9ClN2O
C1=CC=C(C(=C1)C#N)OCC2=NC(=CC=C2)Cl	79040817	VNSMDBHNFHLNGR-UHFFFAOYSA-N	C13H9ClN2O
CN1C=C(C=C1C#N)C(=O)C2=CC(=CC=C2)Cl	4653399	SGDBTFMQRIOIEI-UHFFFAOYSA-N	C13H9ClN2O
C1C=CC=C2C1=C3N=CC(=CN3C=C2)C(=O)Cl	57179273	NGRYCXWVTXIUDU-UHFFFAOYSA-N	C13H9ClN2O
[2H]C1=CC(=C(C(=C1C2=CC(=C(N=C2)C#N)OC)[2H])Cl)[2H]	142369391	LQXLPTXROAPSNP-QGZYMEECSA-N	C13H9ClN2O
C1=CC(=CC(=C1)Cl)C2=C3C=C(C=CC3=NO2)N	105505238	DVVQTWGOXMXMLD-UHFFFAOYSA-N	C13H9ClN2O
CC1=CC(=CC(=C1)Cl)C2=NC3=C(O2)C=CC=N3	15712566	CMYONSBWTJNCOD-UHFFFAOYSA-N	C13H9ClN2O
CN1C2=C(C=CC(=C2)Cl)C3=C(C1=O)C=NC=C3	86710305	FLMJPJIXMFKKRI-UHFFFAOYSA-N	C13H9ClN2O
C1=CC(=CC(=C1)OCC2=CN=C(C=C2)Cl)C#N	20117323	PZHKSDGGKBVASR-UHFFFAOYSA-N	C13H9ClN2O
C1=CC(=CC=C1C#N)OC2=C(C=C(C=C2)Cl)N	28401737	UXNJPRLHQYFCCO-UHFFFAOYSA-N	C13H9ClN2O
CC1=CC(=NC(=N1)Cl)C2=COC3=CC=CC=C32	116897394	FZARIFNEPKRDBT-UHFFFAOYSA-N	C13H9ClN2O
C1C2=CC=CC=C2C(=O)C1(CC(C#N)Cl)C#N	73225651	SJULVJJUCVBSAQ-UHFFFAOYSA-N	C13H9ClN2O
C1=CC(=O)C=CC1=CN=NC2=CC=C(C=C2)Cl	130410711	BHLJFCAKUKLGTJ-UHFFFAOYSA-N	C13H9ClN2O
C1=CC(=CC=C1OC2=CC3=C(C=C2)N=CN3)Cl	140309727	YTSYXASJNQYWKU-UHFFFAOYSA-N	C13H9ClN2O
C1=CC=C(C(=C1)C2=NOC3=C2C=CC(=C3)N)Cl	105505249	DZKGXJLOVOVEAP-UHFFFAOYSA-N	C13H9ClN2O
CN1C(=O)C2=C(C3=CC=CC=C3C=C2)N=C1Cl	114692905	UVRUUOFTVFTTJP-UHFFFAOYSA-N	C13H9ClN2O
COC1=CC=C(C=C1)C(=CC=C(C#N)C#N)Cl	2775930	YYKNVXUKXSZHTQ-UHFFFAOYSA-N	C13H9ClN2O
CC1=CC2=C(C=C1)N=C3C=CC(=CC3=[N+]2[O-])Cl	2775914	YSNZDNHACBZCOU-UHFFFAOYSA-N	C13H9ClN2O
CC1=C(C=C(C=C1)Cl)OC2=C(N=CC=C2)C#N	81596881	JQTMNBNGMOUDEC-UHFFFAOYSA-N	C13H9ClN2O
CC1=CC(=C(N=C1)C2=CC(=CC=C2)Cl)N=C=O	83919573	MVCFWQIZRSHFQS-UHFFFAOYSA-N	C13H9ClN2O
CC1=C(C=CC(=C1)OC2=CC(=NC=C2)C#N)Cl	62937631	RCCDQMUITUFNBQ-UHFFFAOYSA-N	C13H9ClN2O
C1=CC=C2C=C(C=CC2=C1)C3=C(C(=NO3)N)Cl	79557103	IPYQTPCHNGFMTO-UHFFFAOYSA-N	C13H9ClN2O
C1=CC=C(C=C1)C2=C3C=C(C=CC3=NN2O)Cl	12791914	LZEIJOOLERKGAW-UHFFFAOYSA-N	C13H9ClN2O
C1=CC2=C(C3=NC=CNC3=C2C=C1)CC(=O)Cl	150070470	FVSXEUMPBVGPNO-UHFFFAOYSA-N	C13H9ClN2O
C1=CC(=CC(=C1)Cl)N2C3=C(C=C(C=C3)O)C=N2	105505222	PGNXZMXLRLVKQR-UHFFFAOYSA-N	C13H9ClN2O
C1=CC=C(C(=C1)C2=CN3C=CC=C(C3=N2)O)Cl	117137661	MJIJYBOIIZGTGK-UHFFFAOYSA-N	C13H9ClN2O
C1CC(=O)C2=NC(=NC=C21)C3=CC(=CC=C3)Cl	83899908	OLUBGMXJNUNDJM-UHFFFAOYSA-N	C13H9ClN2O
C1=CC2=C(C=C1N)C(=NO)C3=C2C=CC(=C3)Cl	267242	UMPLPNSTPRVGNE-UHFFFAOYSA-N	C13H9ClN2O
C#CCN1C(=O)C=CC(=N1)C2=CC=C(C=C2)Cl	45520012	FADCAUWDHRFQNT-UHFFFAOYSA-N	C13H9ClN2O
C1=CC=C2C(=C1)N=C(O2)NC3=CC=CC=C3Cl	714839	YCVGAYXIQCGTFE-UHFFFAOYSA-N	C13H9ClN2O
C1=CC(=CC=C1C2=NOC3=C2C=C(C=C3)Cl)N	82105928	SFESZSIPSXGXOS-UHFFFAOYSA-N	C13H9ClN2O
COC1=CC=C(C=C1)C#CC2=NC=C(C=N2)Cl	19984223	FEAMJJUJENKQNA-UHFFFAOYSA-N	C13H9ClN2O
C1=CC=C2C(=C1)C(=O)NN2C3=CC=C(C=C3)Cl	13147418	AXTDLACXKFUPAA-UHFFFAOYSA-N	C13H9ClN2O
CC1=CC(=C(C=C1)Cl)OC2=C(C=CN=C2)C#N	113269455	XABPZBWZMSSJBW-UHFFFAOYSA-N	C13H9ClN2O
CC1=C(C=CC(=C1)OC2=CN=C(C=C2)C#N)Cl	113320689	KVXILFHETQNJEB-UHFFFAOYSA-N	C13H9ClN2O
CN1C=CC(=C(C1=O)C#N)C2=CC=CC=C2Cl	82118169	DREGEZFVMDAFCB-UHFFFAOYSA-N	C13H9ClN2O
CC1=NC2=C(O1)C=CC(=N2)C3=CC=C(C=C3)Cl	117000973	JGXXFRRVAUXMLW-UHFFFAOYSA-N	C13H9ClN2O
CC1=C(C(=CC=C1)Cl)OC2=C(C=CC=N2)C#N	132472384	ODSMKXPDVLYQAY-UHFFFAOYSA-N	C13H9ClN2O
C1=CC(=CC(=C1)Cl)OC2=CC=CC(=C2N)C#N	113444847	VEWHVPYTSPHSJW-UHFFFAOYSA-N	C13H9ClN2O
CC1=C(C(=O)N(C=C1)C2=CC(=CC=C2)Cl)C#N	82118187	VJLYNOTUMLWRSV-UHFFFAOYSA-N	C13H9ClN2O
C1=CC(=CC=C1C2=CN3C=C(C=CC3=N2)Cl)O	398318	MMJUHKRVPBKDDX-UHFFFAOYSA-N	C13H9ClN2O
C1CC2=C(C3=CC=CC=C31)N=CN=C2C(=O)Cl	21781919	RAELXSJQHSUPNK-UHFFFAOYSA-N	C13H9ClN2O
CC1=CC2=NC=C(N2C3=C1C=C(C=C3)Cl)C=O	115045419	VSHVTTLAXSPVFF-UHFFFAOYSA-N	C13H9ClN2O
C1=CC(=CC(=C1)Cl)OCC2=CC(=NC=C2)C#N	63885013	FROCQJJERWNXAE-UHFFFAOYSA-N	C13H9ClN2O
C1=CNC(=C1)C2=NOC(=C2)C3=CC=C(C=C3)Cl	135510275	AHZMMPOXMJUENF-UHFFFAOYSA-N	C13H9ClN2O
CC1=CC(=CC=C1)OC2=NC(=CC(=C2)C#N)Cl	83072910	JAIGOGMCMRDMGO-UHFFFAOYSA-N	C13H9ClN2O
C1=CC=C2C=C(C=CC2=C1)C3=NOC(=N3)CCl	54847516	BLCBMSIPXHMLSA-UHFFFAOYSA-N	C13H9ClN2O
CC1=C(C=CC(=C1)OC2=C(C=CN=C2)C#N)Cl	114287867	CCOULQYYUDRLOK-UHFFFAOYSA-N	C13H9ClN2O
CC(=O)C1=CN2C=CC3=C(C2=N1)C=C(C=C3)Cl	115045417	FAEVOWOPIHUUND-UHFFFAOYSA-N	C13H9ClN2O
CC1=C(C=C(C=C1)C2=NC3=C(O2)C=CN=C3)Cl	91677487	PMYKRGPMHDGECP-UHFFFAOYSA-N	C13H9ClN2O
C1=CC(=CC=C1N2C3=C(C=CC(=C3)Cl)C=N2)O	105505217	IFNXPMQQSFRJDC-UHFFFAOYSA-N	C13H9ClN2O
COC1=C(C=C(C=C1)Cl)C2=NC=C(C=C2)C#N	82118183	KTKMPXSCUPYWNJ-UHFFFAOYSA-N	C13H9ClN2O
CC1=CC2=C(C=C1Cl)OC(=N2)C3=CC=NC=C3	58148104	PGASLKSMBQIIDH-UHFFFAOYSA-N	C13H9ClN2O
COC1=C(C(=CC(=N1)Cl)C2=CC=CC=C2)C#N	12954082	BZNDYAPIQIMFQD-UHFFFAOYSA-N	C13H9ClN2O
COC1=C(C=NC=C1)C2=C(C=CC(=C2)Cl)C#N	152702671	ZRXCYFSVAKRLLU-UHFFFAOYSA-N	C13H9ClN2O
C1C(=CN2C=CN=C2)C(=O)C3=C1C(=CC=C3)Cl	54088634	MSGXQSMLCWHAES-UHFFFAOYSA-N	C13H9ClN2O
COC1=CC=CC2=C1N=C3C=CC(=CC3=N2)Cl	19892572	TVPCECRZQBKLDZ-UHFFFAOYSA-N	C13H9ClN2O
CC1=C(N2C=CC3=C(C2=N1)C=CC=C3Cl)C=O	13821848	WBUPAWUAUQWNMA-UHFFFAOYSA-N	C13H9ClN2O
CN1C2=C(C=C(C=C2)Cl)C(=O)C3=C1N=CC=C3	12893313	IXSHVGGLEOGOEL-UHFFFAOYSA-N	C13H9ClN2O
C1=CC=C(C=C1)N2C(=C3C=C(C=CC3=N2)O)Cl	11368562	NHFUOOLGVDVYLA-UHFFFAOYSA-N	C13H9ClN2O
C1C(=CN2C=CC3=CC=CC=C3C2=N1)C(=O)Cl	22758874	UBCCUTLDTNXLIS-UHFFFAOYSA-N	C13H9ClN2O
C1=CC(=CC(=C1)OC2=C(C=C(C=C2)C#N)Cl)N	63094130	YUMYZKPPASJNLK-UHFFFAOYSA-N	C13H9ClN2O
C1=CC=C(C(=C1)C2=NC3=C(O2)C(=CC=C3)Cl)N	81433288	FHGSVAWAAMSYKI-UHFFFAOYSA-N	C13H9ClN2O
CC1=C(C=C(C=C1)Cl)OC2=NC=C(C=C2)C#N	65657352	DNDREMUEJUGKMG-UHFFFAOYSA-N	C13H9ClN2O
C1=CC(=CC(=C1)Cl)C2=NC3=C(N2)C=CC=C3O	84704661	IOJTVHQLPMLYTL-UHFFFAOYSA-N	C13H9ClN2O
COC1=CC=CC=C1C2=CC(=C(N=C2)Cl)C#N	82118177	XDLOXEFQABRRET-UHFFFAOYSA-N	C13H9ClN2O
C1=CC=C2C(=C1)NC(=O)N2C3=CC(=CC=C3)Cl	20191666	ZRLHJYOEOPAHTD-UHFFFAOYSA-N	C13H9ClN2O
C/C(=C\C1=C(C=CC(=C1)Cl)O)/C=C(C#N)C#N	137762354	AMHSWIJRJOXMRF-WEVVVXLNSA-N	C13H9ClN2O
CC1=CC(=C(C2=NC3=CC=CC=C3N=C12)O)Cl	136476700	HAGIAQYFDCYZRI-UHFFFAOYSA-N	C13H9ClN2O
C1C=CC2=C(N1)C=CC3=C(C2=O)C=C(C=N3)Cl	143449561	FVSIJNZONNUILI-UHFFFAOYSA-N	C13H9ClN2O
CC1=CC=C(C=C1)C2=CC3=C(O2)N=CN=C3Cl	71307724	PKIWTWMUJYJPKO-UHFFFAOYSA-N	C13H9ClN2O
C1=CC(=CC=C1C2=NOC3=C2C=CC(=C3)N)Cl	105505248	KLYMADIXKKALKO-UHFFFAOYSA-N	C13H9ClN2O
COC1=C(C=C(C=C1)C2=C(C=NC=C2)C#N)Cl	84158330	WFPITSABMXJYAN-UHFFFAOYSA-N	C13H9ClN2O
C1=CC2=C(C=C1Cl)OC(=C2)C3=CN=C(C=C3)N	115113660	MEPFKTQTDOFMRO-UHFFFAOYSA-N	C13H9ClN2O
CC1=NC2=C(C3=C(C=C2)C(=CC=C3)Cl)C(=O)N1	135838141	AMXPLCJGGVZZLX-UHFFFAOYSA-N	C13H9ClN2O
CC1=CC(=C(C=C1)Cl)OC2=CN=C(C=C2)C#N	115487926	INNNJABIXZWOLQ-UHFFFAOYSA-N	C13H9ClN2O
C1=CC=C2C(=C1)C(=O)NN2C3=CC=CC=C3Cl	132510848	PJPJJAQZCMRBDU-UHFFFAOYSA-N	C13H9ClN2O
C1=CC=C(C=C1)C2=NC(=C3N2C(=CC=C3)O)Cl	117250676	KQUMBFLSLLPFIQ-UHFFFAOYSA-N	C13H9ClN2O
CC1=NC2=C(O1)C(=CC(=C2)C3=CC=CC=N3)Cl	150239709	FXGPZWYKXUZWQH-UHFFFAOYSA-N	C13H9ClN2O
C1=COC(=C1)C2=CN(N=C2)C3=CC=C(C=C3)Cl	118653070	AGQUDUUUVSAKHL-UHFFFAOYSA-N	C13H9ClN2O
C1=CC=C(C=C1)N2C(=O)C3=C(N2)C=CC(=C3)Cl	10354497	NYNJJZHWPVFBQF-UHFFFAOYSA-N	C13H9ClN2O
C1=CC=C2C(=C1)C3=C(N2)C(=CC=C3)NC(=O)Cl	88699751	JPUOPZDAVRONOW-UHFFFAOYSA-N	C13H9ClN2O
CC1=CNC(=O)C(=C1C2=CC=CC=C2Cl)C#N	82118170	WEQCKVXFMFDPRF-UHFFFAOYSA-N	C13H9ClN2O
C1=CC(=C(C=C1C2=C3C=CNC3=NC=C2)Cl)O	136102686	VHBNSLCRWBOXEO-UHFFFAOYSA-N	C13H9ClN2O
C1=CC(=CC=C1CO)C2=CN=CC(=C2C#N)Cl	118256772	WQCPGLQJKHLZRE-UHFFFAOYSA-N	C13H9ClN2O
C1=CC=C(C(=C1)OC2=C(C=C(C=C2)N)C#N)Cl	61297112	UIRNAYPMNSIVNT-UHFFFAOYSA-N	C13H9ClN2O
C1=CC=C(C(=C1)C2=C3C=CC=C(C3=NO2)Cl)N	105505258	OQTUWXHTHSHVCM-UHFFFAOYSA-N	C13H9ClN2O
CC1=CC(=CC=C1)C2=NC3=C(O2)N=CC(=C3)Cl	82337678	NBDBLKGCNMWECF-UHFFFAOYSA-N	C13H9ClN2O
C1=CC2=C(C=C1C(=O)CCl)C3=C(N2)C=NC=C3	87798180	CYHDBZANRRAPJQ-UHFFFAOYSA-N	C13H9ClN2O
C1=CC=C(C=C1)C2=NC3=C(O2)C=C(C(=C3)Cl)N	115539692	WZLUKXSKHFIBOG-UHFFFAOYSA-N	C13H9ClN2O
CC1=CC2=C(N=C1)OC(=N2)C3=CC=C(C=C3)Cl	82337867	FWFXMMCDCFEIRM-UHFFFAOYSA-N	C13H9ClN2O
CC1=CC2=NC(=CN2C3=C1C=CC(=C3)Cl)C=O	115045432	BFEKQNCYEPESSB-UHFFFAOYSA-N	C13H9ClN2O
CC1=CC=CC=C1C2=NC3=C(C=CN=C3O2)Cl	84704647	NPKQBWNCXWPMGS-UHFFFAOYSA-N	C13H9ClN2O
C1=CC(=CC=C1C#N)[C@H](C2=C(C=CN=C2)Cl)O	125469181	RBBRNHHXNZRABI-CYBMUJFWSA-N	C13H9ClN2O
C1=CC=C2C(=C1)C(=O)/C(=C\C3=C(C=CN3)Cl)/N2	45118172	XPUJKDPNKDHVJQ-KPKJPENVSA-N	C13H9ClN2O
C1C2=C(C=CC(=C2)Cl)C(=O)N1C3=CN=CC=C3	89600056	MMJCDUBUESXINV-UHFFFAOYSA-N	C13H9ClN2O
C1=CC=C(C(=C1)C2=NC=C3N2C=CC=C3Cl)O	137006641	ZAYDJAOPUREFKI-UHFFFAOYSA-N	C13H9ClN2O
CC1=NC2=C(C(=CO2)C3=CC=CC=C3)C(=N1)Cl	59794226	LSQODWXGEWEIOK-UHFFFAOYSA-N	C13H9ClN2O
C1=CC=C(C(=C1)C2=NC=C3N2C(=CC=C3)Cl)O	137006568	ALXUOXWTPZAUOQ-UHFFFAOYSA-N	C13H9ClN2O
C1=CC2=NC=CN2C(=C1)C3=CC(=C(C=C3)O)Cl	136789607	CCPSYMRHZFISNI-UHFFFAOYSA-N	C13H9ClN2O
C1=CC=C2C(=C1)NC(=N2)C3=C(C=CC(=C3)Cl)O	3511211	PBENZIMZQAFNCZ-UHFFFAOYSA-N	C13H9ClN2O
C1=CC(=CC(=C1)Cl)C2=CN3C=CC(=O)C=C3N2	117135356	BASPUFSHSICSSZ-UHFFFAOYSA-N	C13H9ClN2O
C1=CC=C(C(=C1)C2=NC3=C(O2)C=C(C=C3)Cl)N	68123292	UEXWNAYMXJEWKO-UHFFFAOYSA-N	C13H9ClN2O
C1=CC(=CC(=C1)Cl)COC2=C(N=CC=C2)C#N	81596420	FMHQUIGUYCQGBS-UHFFFAOYSA-N	C13H9ClN2O
C1=CC=C(C(=C1)N)OC2=C(C=C(C=C2)Cl)C#N	55133683	ZTPUCMHBYDPUJZ-UHFFFAOYSA-N	C13H9ClN2O
CC1=C2C(=CC=C1)C=C(O2)C3=CN=CC(=N3)Cl	114734150	DYYXYQUIXFBSIX-UHFFFAOYSA-N	C13H9ClN2O
C1=CC=C(C(=C1)C2=NC3=C(O2)C=C(C=C3)N)Cl	39112111	JAUJLLJKGXLRIZ-UHFFFAOYSA-N	C13H9ClN2O
C1=CC=C(C=C1)/C(=C(/C2=CC=C(O2)Cl)\N)/C#N	106690803	AODBUNXRYIDYQI-RAXLEYEMSA-N	C13H9ClN2O
C1=CC(=CN=C1)C2=NC3=C(O2)C=CC(=C3)CCl	118905458	HQBQASBDIHYQFO-UHFFFAOYSA-N	C13H9ClN2O
C1=CC=C(C=C1)COC2=C(N=C(C=C2)C#N)Cl	138985834	FYWGPAWOXBJCTN-UHFFFAOYSA-N	C13H9ClN2O
C1=CC(=NC(=C1)Cl)COC2=CC=C(C=C2)C#N	79041087	PRYHZPXNCGRNIF-UHFFFAOYSA-N	C13H9ClN2O
C1=CC(=C(N=C1)OC2=CC=C(C=C2)C#N)CCl	108231351	LIVOPPJAFRYRAX-UHFFFAOYSA-N	C13H9ClN2O
C1CC(=O)C2=NC(=NC=C21)C3=CC=CC=C3Cl	83899909	XWVDMNDTKIDFQB-UHFFFAOYSA-N	C13H9ClN2O
C1=CC(=CC(=C1)OC2=C(C(=CC=C2)Cl)C#N)N	62501110	YKNHLASBNVVTGW-UHFFFAOYSA-N	C13H9ClN2O
COC1=CC=CC(=C1)C2=CN=CC(=C2C#N)Cl	66926914	XVCHQIGRHPETAF-UHFFFAOYSA-N	C13H9ClN2O
CC1=C(C=CC(=C1)Cl)OC2=CC=CC(=N2)C#N	64594764	ACVKACSMSYWBHC-UHFFFAOYSA-N	C13H9ClN2O
CC1=C(C=CO1)/C(=C(/C#N)\C2=CN=CC=C2)/Cl	80523251	ODGCJSLHKAKBSS-OUKQBFOZSA-N	C13H9ClN2O
C1=CC(=CC=C1OC2=C(C=C(C=C2)C#N)N)Cl	43518236	WCELVODSLXHOHV-UHFFFAOYSA-N	C13H9ClN2O
C1=CC2=C(C=C1Cl)NC(=C2O)C3=CC=NC=C3	135968163	NALMQIYBTDOVLU-UHFFFAOYSA-N	C13H9ClN2O
CC1=NC2=C(C=C1)N=C(O2)C3=CC(=CC=C3)Cl	82337980	BGIMDHFRPQCEDX-UHFFFAOYSA-N	C13H9ClN2O
C1=CC(=CC=C1COC2=NC=CC(=C2)Cl)C#N	71303030	MZEUFUAUALZLEE-UHFFFAOYSA-N	C13H9ClN2O
C1=CC=C(C(=C1)C2=NC3=C(O2)C=CC(=C3)N)Cl	659630	SXJBTOIBTRGZPB-UHFFFAOYSA-N	C13H9ClN2O
C1=CC(=CC=C1C2=NNC3=C2C=CC(=C3)O)Cl	136918061	SYSBTAUTDQHIIB-UHFFFAOYSA-N	C13H9ClN2O
C1=CC=C(C=C1)COC2=NC(=C(C=C2)C#N)Cl	139524033	DTEUOXSZFPLWKQ-UHFFFAOYSA-N	C13H9ClN2O
C\1C2=C(C=C(C=C2)Cl)C(=O)/C1=C/N3C=CN=C3	70583455	ZRTMAGJDBICAGH-JXMROGBWSA-N	C13H9ClN2O
C1=CC(=CC(=C1)O)C2=CC3=NC=CC(=C3N2)Cl	84704644	AHNODTZCIHHJCG-UHFFFAOYSA-N	C13H9ClN2O
C1=CC=C(C(=C1)C2=CN=C(N2)C3=CC=CO3)Cl	99963168	JXCYRFCQNKQUDY-UHFFFAOYSA-N	C13H9ClN2O
C1=CC=C2C(=C1)C(=CO2)C3=NC=CC(=N3)CCl	81955450	JZNFENJXSCGIIC-UHFFFAOYSA-N	C13H9ClN2O
COC1=CC=C(C=C1)C2=C(C(=NC=C2)Cl)C#N	73554558	VYIDMWSMSQOHCB-UHFFFAOYSA-N	C13H9ClN2O
C1=CC=C2C(=C1)N=C(O2)C3=C(C(=CC=C3)Cl)N	107051367	QSOFLFAQDHBAAV-UHFFFAOYSA-N	C13H9ClN2O
C1=CC(=CC(=C1)OC2=C(C=C(C=C2)Cl)N)C#N	28401831	OWSPQWSFAPDJLM-UHFFFAOYSA-N	C13H9ClN2O
CC1=C(C=C(C=C1)C#N)OC2=CC(=NC=C2)Cl	107657747	LNAKMNVWGSZLAQ-UHFFFAOYSA-N	C13H9ClN2O
CC1=NC=C(C=C1)OC2=C(C=CC(=C2)Cl)C#N	63093762	UGARCYMGSDBYON-UHFFFAOYSA-N	C13H9ClN2O
C1C=C2C(=CN=C1Cl)N=C(O2)C3=CC=CC=C3	123435187	JOHKRSIMLXBXFW-UHFFFAOYSA-N	C13H9ClN2O
CC1=NC2=C(C(=N1)Cl)OC(=C2)C3=CC=CC=C3	10705496	JUFJDDDAZSBKCX-UHFFFAOYSA-N	C13H9ClN2O
CC1=CC(=C(C=C1)OC2=CC=CC(=N2)C#N)Cl	64595969	YJBRDEVEGNUMFJ-UHFFFAOYSA-N	C13H9ClN2O
C1=CC=C2C(=C1)C3=C(C=C(C=C3Cl)N)NC2=O	280507	XHDRTQMECXEYLU-UHFFFAOYSA-N	C13H9ClN2O
CC1=C(N2C=CC3=C(C2=N1)C(=CC=C3)Cl)C=O	115045408	OJKNQVURDFAKBP-UHFFFAOYSA-N	C13H9ClN2O
C1=CC(=C2C(=C1)OC(=N2)C3=CN=CC=C3)CCl	150816662	KJAGXCZTRBUVAX-UHFFFAOYSA-N	C13H9ClN2O
CC1=C(C=C(C=C1)Cl)OC2=C(C=CC=N2)C#N	65656006	AODRQBKSSXCFSP-UHFFFAOYSA-N	C13H9ClN2O
C1=CC=C(C=C1)N2C(=O)C3=C(N2)C(=CC=C3)Cl	83805329	LRHIFYXWKHQLHC-UHFFFAOYSA-N	C13H9ClN2O
COC1=CC=CC(=C1)C2=NC(=C(C=C2)C#N)Cl	22693603	PYLQDKPFEMYXIY-UHFFFAOYSA-N	C13H9ClN2O
C1=COC(=C1)N2C=C(N=C2)C3=CC=C(C=C3)Cl	90412609	QUCYRSCQKMCIBP-UHFFFAOYSA-N	C13H9ClN2O
CC(=O)C1=CN2C3=C(C=CC2=N1)C=C(C=C3)Cl	115045429	DJGDVXIATUWEEM-UHFFFAOYSA-N	C13H9ClN2O
C1=CC=C(C(=C1)C2=NC3=C(N2)C=C(C=C3)Cl)O	135740401	MFBAVZSGFJYZLQ-UHFFFAOYSA-N	C13H9ClN2O
C1=CC=C2C(=C1)N=C(O2)C3=CC(=C(C=C3)N)Cl	768517	AHXIIHHSMKTBRL-UHFFFAOYSA-N	C13H9ClN2O
C1=CC2=C(C(=C1)N)NC3=C(C2=O)C=C(C=C3)Cl	16740457	JNUCQNMAERVVKA-UHFFFAOYSA-N	C13H9ClN2O
C1=CC(=CC=C1C2=NNC3=C2C=C(C=C3)O)Cl	105505230	LLAWJRIMYWUGBJ-UHFFFAOYSA-N	C13H9ClN2O
CC1=CC(=C(C(=O)N1)C#N)C2=CC=CC=C2Cl	82085616	BWCFQWQDXKEWFZ-UHFFFAOYSA-N	C13H9ClN2O
C1=CC(=CC(=C1)OCC2=CC(=NC=C2)Cl)C#N	62046667	WODKTXYSTHLMJE-UHFFFAOYSA-N	C13H9ClN2O
C1=CC=C2C(=C1)[C@@H](N(C2=O)C3=CC=CC=N3)Cl	92240367	QZTMILYURWVPIO-GFCCVEGCSA-N	C13H9ClN2O
C1=CC=C(C(=C1)COC2=NC=CC(=C2)Cl)C#N	71302114	VPCVSMYWGVUNLE-UHFFFAOYSA-N	C13H9ClN2O
CC(=O)CC1=CC2=C(C(=CN=C2C=C1)C#N)Cl	147515633	FKEAOXDYXJJFSY-UHFFFAOYSA-N	C13H9ClN2O
C1=CC=C2C(=C1)C3=CC(=NC=C3N2)C(=O)CCl	88431628	IFNFHLLJIASWRM-UHFFFAOYSA-N	C13H9ClN2O
C1=CC(=CC=C1N2C3=C(C=C(C=C3)Cl)C=N2)O	105505214	YUUHCHDWFLDXMV-UHFFFAOYSA-N	C13H9ClN2O
C1=CN2C=C(N=C2C(=C1)O)C3=CC=C(C=C3)Cl	16740237	PJBSRRJPUXFIPI-UHFFFAOYSA-N	C13H9ClN2O
C1=CNC(=C1)/C=C\2/C3=C(C=C(C=C3)Cl)NC2=O	69545339	BNZZGHVLVBUBTN-XFFZJAGNSA-N	C13H9ClN2O
C1=CC(=CC(=C1)Cl)NC2=CC(=C(C=C2)O)C#N	20283852	WKHUGTUIFAHSNE-UHFFFAOYSA-N	C13H9ClN2O
COC1=C(C=C(C=C1)C2=CN=CC(=C2)C#N)Cl	82118180	IILWNAGSIAOOPO-UHFFFAOYSA-N	C13H9ClN2O
C1=CC=C2C(=C1)N=C(N2C3=CC=C(C=C3)O)Cl	84802690	QULICDDCTRFFBK-UHFFFAOYSA-N	C13H9ClN2O
C1=CC=C2C(=C1)C(N(C2=O)C3=CC=CC=N3)Cl	46253508	QZTMILYURWVPIO-UHFFFAOYSA-N	C13H9ClN2O
C1=CC(=CC(=C1)Cl)NC2=COC3=C2N=CC=C3	53373689	PSTBFSJWFCHJFF-UHFFFAOYSA-N	C13H9ClN2O
CC(=O)C1=CN=C2N1C3=C(C=CC=C3Cl)C=C2	115045424	HGVDSTMNUARBJC-UHFFFAOYSA-N	C13H9ClN2O
C1=CC(=CC=C1N2C=NC3=C2C=CC(=C3)O)Cl	69105778	WBMSFECHISRVMG-UHFFFAOYSA-N	C13H9ClN2O
C1=CC(=CC(=C1)Cl)OC2=C(C=C(C=C2)N)C#N	28947563	HDOZEPYIENYNEE-UHFFFAOYSA-N	C13H9ClN2O
C1=CC=C2C(=C1)C(=O)C3=C(N2N)C=C(C=C3)Cl	86052230	VXPJTXPPGSXLEF-UHFFFAOYSA-N	C13H9ClN2O
C1=CC=C2C(=C1)C3=CC(=C(C=C3C2=NO)N)Cl	267222	UTXFRNHNEFAKFV-UHFFFAOYSA-N	C13H9ClN2O
CC1=CN=C(C=C1OC2=CC=CC(=C2)C#N)Cl	83269709	RPSNQGHJHGZJKF-UHFFFAOYSA-N	C13H9ClN2O
C1=CC=C(C=C1)ONC2=CC(=C(C=C2)C#N)Cl	145688859	CQIQSQREZGHEHQ-UHFFFAOYSA-N	C13H9ClN2O
CC1=C(C=CC=N1)OC2=C(C=C(C=C2)C#N)Cl	80093868	XUQDSHGDHIJYDA-UHFFFAOYSA-N	C13H9ClN2O
C1=CC=C(C(=C1)C#N)OC2=C(C=CC(=C2)Cl)N	55057661	KVLFOTQFFJJCIL-UHFFFAOYSA-N	C13H9ClN2O
C1=CC=C(C(=C1)COC2=C(C=CN=C2)C#N)Cl	113269427	MHEORKSEMXWAKF-UHFFFAOYSA-N	C13H9ClN2O
C1=CC(=CC(=C1)Cl)COC2=CC=CC(=N2)C#N	65126301	CWBFANBZNURUJK-UHFFFAOYSA-N	C13H9ClN2O
CC1=CC2=NC(=CN2C3=C1C=CC=C3Cl)C=O	115045430	VCWPWDMPOJRQFE-UHFFFAOYSA-N	C13H9ClN2O
C1=CC=NC(=C1)COC2=C(C(=CC=C2)Cl)C#N	71683323	CMYNTZUPDIJGHG-UHFFFAOYSA-N	C13H9ClN2O
C1=CC=C2C(=C1)NC(=O)N2C3=CC=C(C=C3)Cl	21500326	BOXURPJZEYMGEC-UHFFFAOYSA-N	C13H9ClN2O
[C-]#[N+]CC1=CC=C(C=C1)OC2=NC=C(C=C2)Cl	140790490	LLQDDBILLZTCKG-UHFFFAOYSA-N	C13H9ClN2O
C1C2=CC=CC=C2C(=NO1)C3=CC(=NC=C3)Cl	76312591	CWZFXZBOAMJMFY-UHFFFAOYSA-N	C13H9ClN2O
CC1=CC2=C(C=C3C=CC(=CC3=N2)Cl)C(=O)N1	12579901	WHJBWYAYQZYJHU-UHFFFAOYSA-N	C13H9ClN2O
C1=CC=C\2C(=C1)C3=CC(=C(C=C3/C2=N\O)N)Cl	5850787	UTXFRNHNEFAKFV-SSZFMOIBSA-N	C13H9ClN2O
CC1=CC(=C(C=C1)OC2=NC=CC(=C2)C#N)Cl	55104950	XBYMKCKSALTQDG-UHFFFAOYSA-N	C13H9ClN2O
CN1C=CC(=C(C1=O)C#N)C2=CC=C(C=C2)Cl	82118173	SGPIREMIQUPFPS-UHFFFAOYSA-N	C13H9ClN2O
C1C2=CC=CC=C2C(=O)NC3=C1N=C(C=C3)Cl	150641957	JACDTEURMZVPGY-UHFFFAOYSA-N	C13H9ClN2O
C1=CC(=CC(=C1)OC2=CC(=C(C=C2)N)Cl)C#N	118138180	SZYDJXAVAOQHAP-UHFFFAOYSA-N	C13H9ClN2O
C1=CC=C(C(=C1)C2=C(C=CC3=C2N=CO3)Cl)N	57038116	BNMTVCQLRJOUFN-UHFFFAOYSA-N	C13H9ClN2O
CC1=NC2=C(C3=C(C=CC(=C3)Cl)C=C2)C(=O)N1	135838230	AAIOJDBWRIXHON-UHFFFAOYSA-N	C13H9ClN2O
C1=CC2=C(C(=C1)Cl)N(N=C2)C3=CC=C(C=C3)O	105505220	DAUPFMRHQGDIGG-UHFFFAOYSA-N	C13H9ClN2O
COC1=NC(=NC(=C1)C2=CC=CC(=C2)C#C)Cl	123197774	FEOUHTGFVHHIHO-UHFFFAOYSA-N	C13H9ClN2O
CC1=CC=CC=C1OC2=NC=CC(=C2Cl)C#N	113911348	WCRPKYARSGHUSQ-UHFFFAOYSA-N	C13H9ClN2O
C1=CC=C(C(=C1)C2=NC3=C(N2)C=CC=C3O)Cl	84704662	JGMRFWULKPCJMW-UHFFFAOYSA-N	C13H9ClN2O
C1=CC(=C(N=C1)C#N)OCC2=CC=C(C=C2)Cl	81596421	JTLIAQXVAYWLQB-UHFFFAOYSA-N	C13H9ClN2O
CC1=CC(=C(C=C1)OC2=CC(=CN=C2)Cl)C#N	60051335	ULBITRNGZKNYNP-UHFFFAOYSA-N	C13H9ClN2O
C1=CC(=O)N2C=C(NC2=C1)C3=CC=C(C=C3)Cl	117133174	OEQSUBANOYCNOE-UHFFFAOYSA-N	C13H9ClN2O
C1=CC=C(C(=C1)C2=CC3=NC=CC(=C3N2)Cl)O	136345160	XRDJFZWAMVNTDV-UHFFFAOYSA-N	C13H9ClN2O
CC1=C(C=C(C=C1)C#N)OC2=NC=C(C=C2)Cl	107660098	LNMSRVXDZFLYDW-UHFFFAOYSA-N	C13H9ClN2O
CC1=CC(=CC(=N1)OC2=CC=CC=C2Cl)C#N	114766800	NBAXYIPTNGXXTJ-UHFFFAOYSA-N	C13H9ClN2O
CC1=CC=C(C=C1)C2=NC3=C(C=CN=C3O2)Cl	84704648	SZONGQXQIFXMFN-UHFFFAOYSA-N	C13H9ClN2O
C1=CC(=CC(=C1)O)N2C3=C(C=CC(=C3)Cl)C=N2	105505216	LCMZQVWJHLWWSW-UHFFFAOYSA-N	C13H9ClN2O
C1=CC(=CC=C1OC2=C(C=C(C=C2)N)C#N)Cl	28977135	TVGHFTCHGIZYES-UHFFFAOYSA-N	C13H9ClN2O
COC1=NC2=CC3=CC=CC=C3N=C2C(=C1)Cl	150418224	HHFOGDPZJVEOSA-UHFFFAOYSA-N	C13H9ClN2O
C1=CC(=C(C=C1N)C2=NC=CC3=C2C=CO3)Cl	90117695	ILHRYZNHILCFKL-UHFFFAOYSA-N	C13H9ClN2O
CC1=C(C=CC=N1)OC2=C(C(=CC=C2)Cl)C#N	80093264	NRTZOYLHAUPVJT-UHFFFAOYSA-N	C13H9ClN2O
CC(=O)N1C=CC2=NC3=C(C2=C1)C=C(C=C3)Cl	117071991	QNTXUHYQTPIAGW-UHFFFAOYSA-N	C13H9ClN2O
COC1=C(C=C(C=C1)C#N)C2=NC(=CC=C2)Cl	106951437	VIAGZISSZLMYGA-UHFFFAOYSA-N	C13H9ClN2O
C1=CC=C2C(=C1)C(=O)C(=CC3=CC(=CN3)Cl)N2	91989607	WCXZOKVCXWYRCM-UHFFFAOYSA-N	C13H9ClN2O
CC1=C(C=CC(=C1)Cl)OC2=C(C=CN=C2)C#N	113269441	XRUOAMBTZHQHEQ-UHFFFAOYSA-N	C13H9ClN2O
C1=CC=C2C(=C1)C=CC=C2C3=NN=C(O3)CCl	2794883	VDCURDDZXJGXHJ-UHFFFAOYSA-N	C13H9ClN2O
C1=CC=C(C=C1)C#CCN2C=NC(=CC2=O)Cl	114582295	CXBDXGJUPCBGQN-UHFFFAOYSA-N	C13H9ClN2O
C1=CC(=C(N=C1)C2=CC3=C(O2)C=CC(=C3)Cl)N	114731880	UTDXUOLMICCFIN-UHFFFAOYSA-N	C13H9ClN2O
CC1=NC(=C(C=C1)C#N)OC2=CC=CC=C2Cl	61653869	GVTWWHNDVILXFT-UHFFFAOYSA-N	C13H9ClN2O
CC1=NC=CC2=C1C(=O)NC3=C2C=CC(=C3)Cl	89955424	OFDWLCPBSXAKPV-UHFFFAOYSA-N	C13H9ClN2O
CC1=C(C=C(C=C1)C2=C(C(=O)NC=C2)C#N)Cl	82085621	XRZSHJLKDUXKFY-UHFFFAOYSA-N	C13H9ClN2O
C1=CC=C(C(=C1)CC#CC2=NC(=NC=C2)Cl)O	102468339	VHPOWUCYUQSVHR-UHFFFAOYSA-N	C13H9ClN2O
C#CCNC(=O)C1=CC2=CC=CC=C2C(=N1)Cl	43166503	QQBZZMSPHSNFPJ-UHFFFAOYSA-N	C13H9ClN2O
C1=CC=C2C(=C1)C=C(O2)C3=NC=CC(=N3)CCl	63091502	FLPSGBAYILXIRK-UHFFFAOYSA-N	C13H9ClN2O
C1=CC=C(C(=C1)C2=CN3C=CC(=O)C=C3N2)Cl	117135422	VRIUZBCIGNOHBX-UHFFFAOYSA-N	C13H9ClN2O
CC1=C(C=CO1)/C(=C(/C#N)\C2=CC=NC=C2)/Cl	80525008	YQNFDRAQDKIZAX-OUKQBFOZSA-N	C13H9ClN2O
CC1=CC2=C(C=C1)C=C(O2)C3=NC=CC(=N3)Cl	153556358	CIMJCRMOIRTUMF-UHFFFAOYSA-N	C13H9ClN2O
C1=CC=NC(=C1)COC2=CC(=C(C=C2)C#N)Cl	99830267	DVOVOJISGUZFEQ-UHFFFAOYSA-N	C13H9ClN2O
C1=CC=C(C(=C1)C2=CNC3=CC(=O)C=CN32)Cl	105505208	ZWGAGVYVEYIGLO-UHFFFAOYSA-N	C13H9ClN2O
C1=CC2=C(C=CN2)C=C1OC3=CC(=NC=C3)Cl	89343903	AHFGFTPRRGHPMS-UHFFFAOYSA-N	C13H9ClN2O
C1=CC2=C(C(=C1)O)N=C(N2)C3=CC=C(C=C3)Cl	10490540	JKMFQIUMBJALCC-UHFFFAOYSA-N	C13H9ClN2O
CC1=NC2=C(C=C1)N=C(O2)C3=CC=CC=C3Cl	82337979	YLXHAFHNQXMGPD-UHFFFAOYSA-N	C13H9ClN2O
CC1=CC=CC=C1C2=NC3=C(O2)C=CC(=N3)Cl	84704659	MMMRAMJRZVRPSJ-UHFFFAOYSA-N	C13H9ClN2O
CC1=CC=C(C=C1)C2=NC3=C(O2)N=C(C=C3)Cl	84704651	BRLHJXYJJLSAKS-UHFFFAOYSA-N	C13H9ClN2O
C1=CC(=CC=C1OC2=C(C=CC(=C2)C#N)N)Cl	113444291	IXSHCWGRDCJOCO-UHFFFAOYSA-N	C13H9ClN2O
COC1=CC2=C(C=C1)N=C3C=C(C=CC3=N2)Cl	21179595	DTEFZMLAXOFUQH-UHFFFAOYSA-N	C13H9ClN2O
CC1=CN=C(C(=C1C2=CC=C(C=C2)O)C#N)Cl	136300278	LGAGCAQCXVTLHE-UHFFFAOYSA-N	C13H9ClN2O
C1=CC2=C(C=C1C#N)NC=C2/C=C/C(=O)CCl	107916606	JLTSACBCBSAFSB-NSCUHMNNSA-N	C13H9ClN2O
CC1=CC(=C(C=C1)C#N)OC2=CC(=CN=C2)Cl	64600207	HMTYDVKEXUXZLU-UHFFFAOYSA-N	C13H9ClN2O
CC(=O)C1=CN2C=CC3=C(C2=N1)C=CC(=C3)Cl	115045418	PPWPYJXOCBQIEO-UHFFFAOYSA-N	C13H9ClN2O
C1=CC=C(C(=C1)/C=C/C(=O)C2=NC=CN=C2)Cl	12608057	JOXCTAXSODPBCX-AATRIKPKSA-N	C13H9ClN2O
CC1=NC=C(C=C1)OC2=C(C=C(C=C2)C#N)Cl	55180832	IPJCVIYZZZRSBS-UHFFFAOYSA-N	C13H9ClN2O
CC1=CC(=C(C=C1)OC2=C(N=CC=C2)C#N)Cl	81596418	SVPDDHZWOQENDY-UHFFFAOYSA-N	C13H9ClN2O
C1=CC=C(C=C1)OCC2=NC(=C(C=C2)C#N)Cl	85682790	YTTKEKYDNBBSPO-UHFFFAOYSA-N	C13H9ClN2O
C1=CC(=CN=C1)C2C3=C(C=C(C=C3)Cl)NC2=O	57803067	IQQBDVBDKDHZJM-UHFFFAOYSA-N	C13H9ClN2O
C1=CC2=NC(=CN2C=C1)C3=C(C=CC(=C3)Cl)O	71614621	OWWIXONRYFOGIE-UHFFFAOYSA-N	C13H9ClN2O
C1=CC2=C(C=CN2)C(=C1)OC3=NC=C(C=C3)Cl	22163801	FPORWUTWJLIAGC-UHFFFAOYSA-N	C13H9ClN2O
CC(=O)C1=CN=C2N1C=CC3=C2C(=CC=C3)Cl	115045411	UZCGFZUBICGNRS-UHFFFAOYSA-N	C13H9ClN2O
C1=CC(=CC=C1C#N)OC2=C(C=CC(=C2)Cl)N	62303988	BZYTWSOZEFOJCB-UHFFFAOYSA-N	C13H9ClN2O
C#CCNC(=O)C1=NC2=CC=CC=C2C(=C1)Cl	63376162	MQASUQOOFBPXGR-UHFFFAOYSA-N	C13H9ClN2O
C1=CC=NC(=C1)C2C3=C(C=C(C=C3)Cl)NC2=O	90701102	SKPGCSUDFMKBNQ-UHFFFAOYSA-N	C13H9ClN2O
C1=CC=C(C(=C1)C(=O)CN2C=CC=C2C#N)Cl	114651373	MJWCFYNXQXBVOR-UHFFFAOYSA-N	C13H9ClN2O
CC1=NC2=C(C=C1)C=C(C=C2)C3=NOC(=C3)Cl	105379820	TWKUMEMVGAIVTO-UHFFFAOYSA-N	C13H9ClN2O
C1=CC2=C(C=C1C3=C(C=CC(=C3)Cl)O)C=NN2	130460833	LSEMUUDRRWXNGP-UHFFFAOYSA-N	C13H9ClN2O
CC1=CN=C(C(=C1C2=CC(=CC=C2)O)C#N)Cl	82118176	UYJBLRSIRFPVRU-UHFFFAOYSA-N	C13H9ClN2O
C1=CC(=CC=C1C=CC(=O)C2=NC=CN=C2)Cl	85989593	CEBQSQKCXODOFN-UHFFFAOYSA-N	C13H9ClN2O
CN1C2=C(C=CN=C2)C3=C(C1=O)C=C(C=C3)Cl	134324129	RPZQXAZEQSDOGT-UHFFFAOYSA-N	C13H9ClN2O
C1=CC(=CC=C1C2=NC=C3N2C=C(C=C3)O)Cl	117139892	CAXBKBWKUSQJIQ-UHFFFAOYSA-N	C13H9ClN2O
C1=CC2=C(C(NC2=O)C3=CC=C(C=C3)Cl)N=C1	155394719	UCKPXGKLTCBHLL-UHFFFAOYSA-N	C13H9ClN2O
C1=CC=C(C=C1)OCC2=C(C(=NC=C2)Cl)C#N	154318306	RPPKXOYICIDAFL-UHFFFAOYSA-N	C13H9ClN2O
CC1=C(C=CC(=C1)Cl)OC2=CN=C(C=C2)C#N	115487886	OADFTJLESXYHBG-UHFFFAOYSA-N	C13H9ClN2O
CC1=C(C(=CC=C1)C2=NC3=C(O2)C=CC=N3)Cl	15712561	BHTFQHPYTBRSLG-UHFFFAOYSA-N	C13H9ClN2O
C1=CC=C2C(=C1)C=C(N2)C3=C(C=CC(=N3)Cl)O	86728225	DBSGVZLABQDDEU-UHFFFAOYSA-N	C13H9ClN2O
C1=CC=C2C=C(C=CC2=C1)C3=C(OC(=N3)N)Cl	12425144	UNBQXQXCVGCHSM-UHFFFAOYSA-N	C13H9ClN2O
C1=CC=C(C(=C1)C2=CN3C=CC(=CC3=N2)Cl)O	117128063	FADRWZILGWTLGZ-UHFFFAOYSA-N	C13H9ClN2O
C1=CN2C(=CN=C2C3=CC=C(C=C3)O)C(=C1)Cl	137006651	FZXZADLZLYDDLP-UHFFFAOYSA-N	C13H9ClN2O
C1=CC=C2C(=C1)C(=O)N(N2)C3=CC(=CC=C3)Cl	14870736	CNHVXOJAMGIWBK-UHFFFAOYSA-N	C13H9ClN2O
C#CCOC1=CC(=NC(=N1)C2=CC=CC=C2)Cl	112559589	CUPVUMFZVHZROE-UHFFFAOYSA-N	C13H9ClN2O
C1=CC=C(C=C1)C2=CC3=C(C(=C2)Cl)OC(=N3)N	55068863	SEGPTDLJZHFKHY-UHFFFAOYSA-N	C13H9ClN2O
[C-]#[N+]C1=CC=C(C=C1)COC2=NC=C(C=C2)Cl	140790492	BNLVLOKOAWOZNT-UHFFFAOYSA-N	C13H9ClN2O
C1=CC(=CN=C1)OC2=C(C=CC(=C2)CC#N)Cl	53883313	XEOKMIUJENNSJO-UHFFFAOYSA-N	C13H9ClN2O
C1=CC=C2C(=C1)C3=CC(=C(C=C3NC2=O)N)Cl	270673	UYAMHWHJNFZGKH-UHFFFAOYSA-N	C13H9ClN2O
C1=CC2=C(C=C(O2)C3=NC=C(C=C3)N)C(=C1)Cl	115113592	YOEMQPLTKMTSQV-UHFFFAOYSA-N	C13H9ClN2O
C1=CC(=CC=C1N)OC2=C(C=C(C=C2)Cl)C#N	62493851	UHEMTVFLCNWCHD-UHFFFAOYSA-N	C13H9ClN2O
CC1=C(C=C(C=C1)Cl)OC2=CC(=NC=C2)C#N	65657543	OMLIUVFEBWCQBS-UHFFFAOYSA-N	C13H9ClN2O
C1C2=C(C(=N)C3=C(O1)C=C(C=C3)Cl)N=CC=C2	141791714	QFQNNIPAXHMESQ-UHFFFAOYSA-N	C13H9ClN2O
C1=CC=C(C(=C1)C#N)OCC2=CN=C(C=C2)Cl	20117484	VMSJOHFCYCNHAM-UHFFFAOYSA-N	C13H9ClN2O
C1C=CC=C1C2=NC(=NO2)C3=CC=C(C=C3)Cl	153180176	WFZWLFHBPCDXAP-UHFFFAOYSA-N	C13H9ClN2O
C1=CC(=CC(=C1)Cl)C(=O)CN2C=CC=C2C#N	114651430	TTXNUAWPJGKRAJ-UHFFFAOYSA-N	C13H9ClN2O
COC1=NC2=C(C3=CC=CC=C3N=C2C=C1)Cl	23337811	MQKHDOIYZNMNCO-UHFFFAOYSA-N	C13H9ClN2O
COC1=CC=C(C2=NC3=CC=CC=C3N=C12)Cl	124197279	BHBCWHOGVJBMBN-UHFFFAOYSA-N	C13H9ClN2O
COC1=CC(=C(C=C1)C2=C(C=NC=C2)C#N)Cl	84158332	BIMGHOAQTAEVGU-UHFFFAOYSA-N	C13H9ClN2O
C1=CC2=C(N=C1)OC(=N2)CC3=CC=C(C=C3)Cl	82337557	PDWDUEYMEHGVMY-UHFFFAOYSA-N	C13H9ClN2O
CC1=C(C=CC(=C1)Cl)OC2=C(N=CC=C2)C#N	81595936	ILKWSAPFGFOXPB-UHFFFAOYSA-N	C13H9ClN2O
C1=CC2=C(C=C1N)NC3=C(C2=O)C=CC(=C3)Cl	12393112	HAVMFSNJYOWIOE-UHFFFAOYSA-N	C13H9ClN2O
C1=CC(=CC=C1C#N)OC2=CC(=C(C=C2)N)Cl	55035933	PBOAPICYZBRXFO-UHFFFAOYSA-N	C13H9ClN2O
C=CCOC1=C(C=C(C=C1)Cl)C=C(C#N)C#N	137763645	RXISLMYANWLGOQ-UHFFFAOYSA-N	C13H9ClN2O
C1=CC2=C(C=CC3=C2C=C(C(=O)N3)N)C=C1Cl	20400774	UXNSVBSAZPEQHF-UHFFFAOYSA-N	C13H9ClN2O
CC1=C(C=CC=C1Cl)C2=NC3=C(O2)C=CC=N3	15712560	LEOVFDDRSTYZFR-UHFFFAOYSA-N	C13H9ClN2O
C1CC(=O)C2=CN=C(N=C21)C3=CC=C(C=C3)Cl	83868822	KVNMDNUADUCSAF-UHFFFAOYSA-N	C13H9ClN2O
C1=CC=C(C(=C1)C2=NOC3=C2C=C(C=C3)N)Cl	105505246	RRQMRXMBLGSGRM-UHFFFAOYSA-N	C13H9ClN2O
COC1=C(C2=NC3=CC=CC=C3N=C2C=C1)Cl	85772750	MLLWLFZMZQSZRI-UHFFFAOYSA-N	C13H9ClN2O
COC1=NC=CC(=C1C#N)C2=CC=C(C=C2)Cl	1487470	IOVBWWXJWFOMJY-UHFFFAOYSA-N	C13H9ClN2O
C1=CC(=CC(=C1)Cl)C2=CN3C(=O)C=CC=C3N2	117133007	OFXPMSFBTOHBLJ-UHFFFAOYSA-N	C13H9ClN2O
C1C(=CC2=C(O1)C=CC(=C2)Cl)CC(C#N)C#N	137762612	HZOUDYMDBOVLBN-UHFFFAOYSA-N	C13H9ClN2O
CC1=CC(=NC(=N1)Cl)C2=CC3=CC=CC=C3O2	114734060	RJGPZVJAFNBKPA-UHFFFAOYSA-N	C13H9ClN2O
C1=CC(=CC=C1C2=CC3=NC=CC(=C3N2)Cl)O	136345161	JVKABOJIBUZSTH-UHFFFAOYSA-N	C13H9ClN2O
C1=CC=C(C(=C1)OCC2=C(N=CC=C2)C#N)Cl	10467016	LQDQGIBHDDYNMX-UHFFFAOYSA-N	C13H9ClN2O
C1=CC(=CC=C1C2=NC3=C(O2)C=C(C=C3)Cl)N	67331842	RMMSFFSYEIYWAK-UHFFFAOYSA-N	C13H9ClN2O
C1=CNC(=C1)C=C2C3=C(C=C(C=C3)Cl)NC2=O	69545340	BNZZGHVLVBUBTN-UHFFFAOYSA-N	C13H9ClN2O
CC1=C2C(=CC=C1)C=C(O2)C3=NC(=NC=C3)Cl	114734144	MQBBEMBRGRJKKU-UHFFFAOYSA-N	C13H9ClN2O
C1=COC(=C1)C2=C(C=C(C=C2)Cl)C3=NC=CN3	91391498	FIDQPMDESWVJLP-UHFFFAOYSA-N	C13H9ClN2O
CC1=CC=C(O1)/C(=C(/C#N)\C2=CC=NC=C2)/Cl	80524973	NTEZRWONCLXQCZ-ACCUITESSA-N	C13H9ClN2O
C1=CC=C2C(=C1)C3=C(N2)C(=C(C=C3)Cl)C(=O)N	153982306	AYECMIXUFJEAKA-UHFFFAOYSA-N	C13H9ClN2O
CC1=CN=C(N=C1C2=CC3=CC=CC=C3O2)Cl	114734061	AMOBRTZVJFGXQF-UHFFFAOYSA-N	C13H9ClN2O
C1=CC(=CC(=C1)O)C2=CN3C=C(C=CC3=N2)Cl	398301	KCUZXFOLZTYCHB-UHFFFAOYSA-N	C13H9ClN2O
C1=CC(=C(C=C1C#N)Cl)CN2C=CC(=O)C=C2	102665677	FCGLEGISGLAOBQ-UHFFFAOYSA-N	C13H9ClN2O
CC1=CN=C(N=C1)C2=COC3=C2C=CC(=C3)Cl	146081517	MTLVIUDPPOCCAU-UHFFFAOYSA-N	C13H9ClN2O
C1=CC=C(C(=C1)N2C3=C(C=C(C=C3)O)C=N2)Cl	105505221	VNTVHBPPTMDWRU-UHFFFAOYSA-N	C13H9ClN2O
C1C(=CN=C2N1C=CC3=CC=CC=C32)C(=O)Cl	88806708	APODYJFPWCGURQ-UHFFFAOYSA-N	C13H9ClN2O
CN1C=C(C=C(C1=O)C#N)C2=CC(=CC=C2)Cl	3736589	NBHOCGLPOJIFHZ-UHFFFAOYSA-N	C13H9ClN2O
C1=CC=C2C(=C1)C=CC=C2CC3=NC(=NO3)Cl	112571804	PHKSWYLCSKQREJ-UHFFFAOYSA-N	C13H9ClN2O
C1=CC(=CC(=C1)C2=NC3=C(O2)C=CC=N3)CCl	104257988	COGDFSVLMWYVRF-UHFFFAOYSA-N	C13H9ClN2O
CC1=C(C=CC=N1)OC2=C(C=C(C=C2)Cl)C#N	80093350	RAKJIBJLTKCLCU-UHFFFAOYSA-N	C13H9ClN2O
C1=CC=C2C(=C1)NC(=N2)C3=CC(=C(C=C3)O)Cl	135665560	HPFOEQYAZPMRDG-UHFFFAOYSA-N	C13H9ClN2O
C1=CC=C2C=C(C=CC2=C1)CC3=NC(=NO3)Cl	112572077	KKZDOMTVZXXJDO-UHFFFAOYSA-N	C13H9ClN2O
C1=CC(=CC(=C1)C#N)COC2=CC(=CN=C2)Cl	64601369	ZTAHXRDCQSUWBG-UHFFFAOYSA-N	C13H9ClN2O
C1=CC(=CC(=C1)O)C2=CN3C(=N2)C=CC=C3Cl	117133026	ZVSKWJOIZQXYJE-UHFFFAOYSA-N	C13H9ClN2O
C1=CC2=C(C=CC(=C2NC3=CC=CO3)Cl)N=C1	155282097	YXVHDDSFKVVDCL-UHFFFAOYSA-N	C13H9ClN2O
CC1=C(C(=O)N(C=C1)C2=CC=CC=C2Cl)C#N	82118185	NLPOFLQJQYMAFO-UHFFFAOYSA-N	C13H9ClN2O
C1=CC(=CC(=C1)O)C2=CN3C=CC=C(C3=N2)Cl	117128107	PYMJZKIKFZIXCX-UHFFFAOYSA-N	C13H9ClN2O
C1=CC=C2C(=C1)N=C(C3=C(O2)C=CC(=C3)Cl)N	141351055	WYYCVZMJXAYETC-UHFFFAOYSA-N	C13H9ClN2O
C1=CC=C(C(=C1)C2=CN3C(=N2)C=CC=C3Cl)O	101962245	QZCZWZDKIHVAQQ-UHFFFAOYSA-N	C13H9ClN2O
C1=CC(=CC=C1COC2=CN=C(C=C2)Cl)C#N	80454935	YCYGFPUNHUZLHZ-UHFFFAOYSA-N	C13H9ClN2O
C1=CC(=CC=C1C(=O)C2=CC=C(N2)CC#N)Cl	18424273	UZQLEMLKKBRPQG-UHFFFAOYSA-N	C13H9ClN2O
CN1C(=O)C(=C(C=N1)Cl)C#CC2=CC=CC=C2	11379568	QGGUOCAIAOPYKT-UHFFFAOYSA-N	C13H9ClN2O
C1C2=C(C=C(C=C2)Cl)N(C1=O)C3=CC=CC=N3	132570702	JGUNDJDYCBQNOM-UHFFFAOYSA-N	C13H9ClN2O
C1=CC(=CC=C1OC2=NC=CC(=C2)CC#N)Cl	141407854	VSWDSAVAMXMJTH-UHFFFAOYSA-N	C13H9ClN2O
C1=CC=NC(=C1)COC2=C(C=C(C=C2)C#N)Cl	60701027	XSQOVIOCRMSEAT-UHFFFAOYSA-N	C13H9ClN2O
C1=CC(=CC(=C1)N)C2=C3C=C(C=CC3=NO2)Cl	105505259	SERJWHMQDJSCLH-UHFFFAOYSA-N	C13H9ClN2O
C1=CC=C(C=C1)C2=NC3=CC(=CC(=C3O2)N)Cl	82095404	PVOBOHNVJDAVFB-UHFFFAOYSA-N	C13H9ClN2O
C1=CC2=C(C3=C1C=CC(=O)N3)N=C(C=C2)CCl	89979106	ZZVSSEOYWJRRAS-UHFFFAOYSA-N	C13H9ClN2O
CC1=C(C=C(C=C1)Cl)C2=C(C(=O)NC=C2)C#N	82085619	VPQGASNMXJEENT-UHFFFAOYSA-N	C13H9ClN2O
C1=CC=C(C=C1)C(=O)C2=C(C=CC(=C2)Cl)N=N	71263454	LXVUYDNWGLNZTH-UHFFFAOYSA-N	C13H9ClN2O
C1=CC=C2C(=C1)N=C(O2)C3=C(C=CC=C3Cl)N	63722604	UBBNPYDYYBPTCL-UHFFFAOYSA-N	C13H9ClN2O
C1=CC(=CC=C1C2=NC3=C(O2)C=CC(=C3)Cl)N	721058	GYSYRVJSEWBENX-UHFFFAOYSA-N	C13H9ClN2O
C1=CC=C(C(=C1)C2=NC(=C3N2C=CC=C3)Cl)O	137005599	AXIZLOUAHSOZIG-UHFFFAOYSA-N	C13H9ClN2O
C1=CC=C2C(=C1)[C@H](N(C2=O)C3=CC=CC=N3)Cl	92240369	QZTMILYURWVPIO-LBPRGKRZSA-N	C13H9ClN2O
COC1=C(C=C(C=C1)C2=C(C=CC=N2)C#N)Cl	56716730	BABJIBLHYZTCJS-UHFFFAOYSA-N	C13H9ClN2O
C1=CC=C2C(=C1)N=C(N2O)C3=CC=C(C=C3)Cl	3528154	UMSVDCHVJXMNBC-UHFFFAOYSA-N	C13H9ClN2O
C1=CC=C2C(=C1)C=CC=C2CC3=NN=C(O3)Cl	114770888	IATRJPJRTDCEDZ-UHFFFAOYSA-N	C13H9ClN2O
C1=CC(=CC=C1N)OC2=C(C=C(C=C2)C#N)Cl	63093966	LSMWYMNMKNSBBC-UHFFFAOYSA-N	C13H9ClN2O
C1=CC(=C(C=C1OCC2=CC=NC=C2)Cl)C#N	102724101	IYCHCCFHVCRCQE-UHFFFAOYSA-N	C13H9ClN2O
CC1=C(N=CN=C1Cl)C2=CC3=CC=CC=C3O2	114734058	GLTDUZLZCWMWGG-UHFFFAOYSA-N	C13H9ClN2O
CC1=C(C2=C(O1)N=CN=C2Cl)C3=CC=CC=C3	143163757	PPTMGUUTOGYVRL-UHFFFAOYSA-N	C13H9ClN2O
C1=CC=C2C=C(C=CC2=C1)CC3=NN=C(O3)Cl	114770935	NXDDZEMOKODBHU-UHFFFAOYSA-N	C13H9ClN2O
C1=CNC(=C1)C(=O)C(C#N)C2=CC=C(C=C2)Cl	20217099	RMJRCJYEDYXDSQ-UHFFFAOYSA-N	C13H9ClN2O
C1=CC(=CC(=C1)Cl)OC2=CC=CC(=N2)CC#N	54172523	IZKWGPLERXFDIN-UHFFFAOYSA-N	C13H9ClN2O
C1=CC=C(C(=C1)COC2=CC(=CN=C2)Cl)C#N	64600978	ZPVQYIZCJJHHHY-UHFFFAOYSA-N	C13H9ClN2O
C1=CC=C(C(=C1)N2C3=C(C=CC(=C3)Cl)C=N2)O	105505215	UWXVANYWCSCDDH-UHFFFAOYSA-N	C13H9ClN2O
CN1C=C(C=C(C1=O)C#N)C2=CC=C(C=C2)Cl	1476348	DNMWCFZJXGSDGE-UHFFFAOYSA-N	C13H9ClN2O
C1=CC(=CC=C1C2=CC=C(O2)C3=NC=CN3)Cl	91989326	QKDHXUUZBXXJCA-UHFFFAOYSA-N	C13H9ClN2O
C1=CC=C(C=C1)N=NC2=CC=CC=C2C(=O)Cl	54291715	RXYQBEUFWLEHES-UHFFFAOYSA-N	C13H9ClN2O
CC1=C(C=C(C=C1)Cl)OC2=NC=CC(=C2)C#N	65657155	CRFSMVPNURELAC-UHFFFAOYSA-N	C13H9ClN2O
C1=CC2C(C=CC3=C(C2=O)C=C(C=N3)Cl)N=C1	149359276	YHOWPCDQPGTJMA-UHFFFAOYSA-N	C13H9ClN2O
C1=CC(=C(C(=C1)Cl)OC2=CC=C(C=C2)C#N)N	28401740	GBXRCHBZDGJOTO-UHFFFAOYSA-N	C13H9ClN2O
COC1=CC(=CC2=NC3=CC=CC=C3N=C12)Cl	101549093	QEOCQOBRRNLPSV-UHFFFAOYSA-N	C13H9ClN2O
CC1=CC(=CC(=N1)Cl)OC2=CC=CC(=C2)C#N	71512931	MSNKSRNAJRIWGO-UHFFFAOYSA-N	C13H9ClN2O
C1=CC=C2C(=C1)C(=CO2)C3=NC=C(C=N3)CCl	81955478	CKEJMXDGULLTTN-UHFFFAOYSA-N	C13H9ClN2O
CC1=C(C=CC(=C1)Cl)OC2=NC=C(C=C2)C#N	25993246	BXQQWJXHOPAIEA-UHFFFAOYSA-N	C13H9ClN2O
CC1=C(C(=O)N(C=C1)C2=CC=C(C=C2)Cl)C#N	82118189	YUUDJKVYIDZBMK-UHFFFAOYSA-N	C13H9ClN2O
C1=CC=C(C=C1)N2C3=C(C(=CC=C3)O)N=C2Cl	84802688	MPETUCKROVXLMS-UHFFFAOYSA-N	C13H9ClN2O
C1=CN(C=C1)C2=NC=C(O2)C3=CC=C(C=C3)Cl	58122973	SICXJMHCXFYYAJ-UHFFFAOYSA-N	C13H9ClN2O
CC1=CC=C(C(=O)N1C2=CC=C(C=C2)Cl)C#N	82118190	KVSFAGVRBKRBPX-UHFFFAOYSA-N	C13H9ClN2O
COC1=C(C=C(C=C1)Cl)C2=NC=CC(=C2)C#N	50950859	VHKFWQWYPCWJDI-UHFFFAOYSA-N	C13H9ClN2O
C1=CC(=CC(=C1)Cl)C2=NC3=C(C=CC=C3O2)N	80361457	NGABOAJNHSJGGV-UHFFFAOYSA-N	C13H9ClN2O
CN1C2=CC=CC=C2N=C3C1=CC(=CC3=O)Cl	86103908	MEHSPQJQKFGGKG-UHFFFAOYSA-N	C13H9ClN2O
C1=CC(=CC(=C1)OC2=C(C=CC(=C2)Cl)N)C#N	115469250	BMCLEQKAXIACNI-UHFFFAOYSA-N	C13H9ClN2O
C1=CC=NC(=CC(=O)C2=CC=C(C=C2)Cl)N=C1	141232234	APGZZPBMXBZPGO-UHFFFAOYSA-N	C13H9ClN2O
C1=CC2=C(N(C=C2N=C1)C3=CC=C(C=C3)Cl)O	136035721	OKWZPQDACNOFGE-UHFFFAOYSA-N	C13H9ClN2O
CC(=O)C1=CN=C2N1C3=C(C=C2)C=C(C=C3)Cl	115045421	RSWNSPKWGLPROF-UHFFFAOYSA-N	C13H9ClN2O
CC(=O)C1=CN=C2N1C=CC3=C2C=CC(=C3)Cl	115045414	LQUHELXUTZHKMU-UHFFFAOYSA-N	C13H9ClN2O
C1=CC=C(C=C1)N=NC2=CC=CC(=C2Cl)C=O	141213978	LUHZEXXIXUTIRE-UHFFFAOYSA-N	C13H9ClN2O
CC1=CN=C(C=C1OC2=CC=C(C=C2)C#N)Cl	83269238	JBQXQJRFBOFTLH-UHFFFAOYSA-N	C13H9ClN2O
C1=CC2=C(C(=C1)Cl)OC(=N2)C3=CC=C(C=C3)N	79016777	UFIKWELWQDWGJD-UHFFFAOYSA-N	C13H9ClN2O
C#CC1=CC(=CC=C1)NC(=O)C2=CC(=CN2)Cl	18168147	LNEMWGIHPMDUSA-UHFFFAOYSA-N	C13H9ClN2O
CC1=CC2=C(C=C1)OC(=N2)C3=CC(=NC=C3)Cl	58148129	ONLDMXLQPSLWEI-UHFFFAOYSA-N	C13H9ClN2O
C1=CC2=C(C(=C1)Cl)OC(=C2)C3=CC(=NC=C3)N	102821914	KWCSSXQWAAPLCR-UHFFFAOYSA-N	C13H9ClN2O
C1=CC2=NC(=C(N2C=C1)C3=CC=C(C=C3)Cl)O	13608740	DRMRHLLYNZYZOT-UHFFFAOYSA-N	C13H9ClN2O
C1=CN=CC2=CC3=CC=NC3=C4C21C=CO4.Cl	141002461	SVHYGLAOTFECKC-UHFFFAOYSA-N	C13H9ClN2O
C1=CC=C(C(=C1)COC2=CN=C(C=C2)Cl)C#N	80455073	XRYCSIRFRNRWKD-UHFFFAOYSA-N	C13H9ClN2O
C1=CC=C(C(=C1)C#N)OC2=CC(=C(C=C2)N)Cl	62111793	MKURQVXVNLPGHH-UHFFFAOYSA-N	C13H9ClN2O
C1=CC=C(C(=C1)C#N)OC2=C(C=C(C=C2)Cl)N	28401751	NBYXERQNLARIHW-UHFFFAOYSA-N	C13H9ClN2O
C1=CC=C(C(=C1)C2=CN3C=C(C=CC3=N2)Cl)O	618537	DDLLODUEQJKYOZ-UHFFFAOYSA-N	C13H9ClN2O
C1=CC=C2C(=C1)NC3=C(C=CC(=C3)Cl)C(=O)N2	13445632	AQPBTIINWFWUAU-UHFFFAOYSA-N	C13H9ClN2O
C1=CC=C(C(=C1)C#N)OC2=CN=CC(=C2)CCl	116063158	KIUGDRPQTWVZEB-UHFFFAOYSA-N	C13H9ClN2O
C1=CC(=O)N(C=C1)CC2=C(C=C(C=C2)C#N)Cl	102665636	NBKXJVMQUPTGDP-UHFFFAOYSA-N	C13H9ClN2O
CC1=C(C=CC(=C1)C2=C(C=NC=C2)N=C=O)Cl	83919575	SUSOOWOJHHTDRX-UHFFFAOYSA-N	C13H9ClN2O
C1=CC=C2C(=C1)C(=O)C3=C(C=CC(=C3N2)N)Cl	14742943	ZEHREUWGXILRCX-UHFFFAOYSA-N	C13H9ClN2O
CC1=CC2=C(C=C1)C(=NC(=N2)Cl)C3=CC=CO3	105505263	VEDYSRDKLBZFCK-UHFFFAOYSA-N	C13H9ClN2O
C1=CC(=CN=C1)COC2=CC(=C(C=C2)C#N)Cl	102724098	KROUQNYOYRPWIB-UHFFFAOYSA-N	C13H9ClN2O
C1=CC(=CC(=C1)Cl)C2=CC3=C(C=C2)NC(=O)N3	150538770	IFKNHCDAFQKTBF-UHFFFAOYSA-N	C13H9ClN2O
CC1=CC(=CO1)/C(=C(/C#N)\C2=CN=CC=C2)/Cl	114821546	UOYAMNDEPSVHMH-OUKQBFOZSA-N	C13H9ClN2O
C1=CC=C(C(=C1)C2=NC=C3N2C(=CC=C3)O)Cl	117142237	XCOAVUBFAPDZDB-UHFFFAOYSA-N	C13H9ClN2O
C1=CC2=C(C(=C1)Cl)OC(=C2)C3=CC(=CN=C3)N	114223139	YIOPIJVLZZXABM-UHFFFAOYSA-N	C13H9ClN2O
C1=CC=C(C=C1)N2C(=O)C3=C(N2)C=C(C=C3)Cl	83805238	HXCUDVSIGMNKAN-UHFFFAOYSA-N	C13H9ClN2O
C1=CC=C(C(=C1)C#N)OC2=C(C=C(C=C2)N)Cl	28401753	HDLNELHSJNALTF-UHFFFAOYSA-N	C13H9ClN2O
C1=CC(=CC(=C1)Cl)C2=CN=C3N2C=CC=C3O	105505209	BHBUEAZIYGGCOF-UHFFFAOYSA-N	C13H9ClN2O
C1=CC=C(C=C1)C2=NC3=C(C=C(C=C3)Cl)ON2	134928016	FYQVJAFYPWXXCO-UHFFFAOYSA-N	C13H9ClN2O
COC1=CC=C(C=C1)C2=CC(=C(N=C2)Cl)C#N	82118179	QOVQLXIBONOBDW-UHFFFAOYSA-N	C13H9ClN2O
CC(=O)C1=CC2=C(C=C1)NC3=NC=CC(=C23)Cl	135084540	HYFOUSLBMRUJTQ-UHFFFAOYSA-N	C13H9ClN2O
C1=CC(=CC(=C1)Cl)COC2=NC=C(C=C2)C#N	65126014	WEFUMFBDDIKBHV-UHFFFAOYSA-N	C13H9ClN2O
C1=CC(=C(C=C1Cl)OCC2=CC=NC=C2)C#N	113277294	JSBHNVOWLUKALT-UHFFFAOYSA-N	C13H9ClN2O
CC1=CC=C(C=C1)C2=NC3=C(O2)C=CC(=N3)Cl	84704660	QNNUBRSNSXGDSE-UHFFFAOYSA-N	C13H9ClN2O
CC(=O)C1=CN=C2N1C=CC3=C2C=C(C=C3)Cl	115045413	YEGQIVBVDSMUOP-UHFFFAOYSA-N	C13H9ClN2O
C1=CC(=CC(=C1)OCC2=C(N=CC=C2)Cl)C#N	55075466	GRZXHFNDXWRESD-UHFFFAOYSA-N	C13H9ClN2O
C1=CC(=NC(=C1)Cl)OC2=CC3=C(C=C2)NC=C3	87181435	BWZRBWUBBMHHSX-UHFFFAOYSA-N	C13H9ClN2O
CC1=CC2=NC(=O)C3=C(N2C=C1)C=CC(=C3)Cl	135018084	DWPPTEIOIPTAMZ-UHFFFAOYSA-N	C13H9ClN2O
CC1=C(N2C(=N1)C=CC3=C2C(=CC=C3)Cl)C=O	115045423	WTZLLLOBCCDVND-UHFFFAOYSA-N	C13H9ClN2O
C1=CC=C2C(=C1)C(=O)/C(=C\C3=CC(=CN3)Cl)/N2	45118173	WCXZOKVCXWYRCM-WUXMJOGZSA-N	C13H9ClN2O
CC1=CC(=CC=C1)C2=CC3=NON=C3C(=C2)Cl	60057367	PZSMKSCFTUCRIN-UHFFFAOYSA-N	C13H9ClN2O
C1=CC(=CC(=C1)OC2=C(C=CC=N2)CCl)C#N	108231229	UECXCOLNJAOBJM-UHFFFAOYSA-N	C13H9ClN2O
C1=CC(=CC(=C1)Cl)COC2=CN=C(C=C2)C#N	113320717	NHSSSPXHTCNSJD-UHFFFAOYSA-N	C13H9ClN2O
C=CC1=NC=C(N=C1C(=O)Cl)C2=CC=CC=C2	57698472	XOIYTTNOHGAQNW-UHFFFAOYSA-N	C13H9ClN2O
C1=CC(=CC(=C1)Cl)COC2=C(C=CN=C2)C#N	113269476	IGVYEUYPEOCZSP-UHFFFAOYSA-N	C13H9ClN2O
C1=CC(=CN=C1)OCC2=C(C=C(C=C2)C#N)Cl	102670693	MFJQODCVBQIWAO-UHFFFAOYSA-N	C13H9ClN2O
CC1=C(C=CC(=C1)Cl)OC2=NC=CC(=C2)C#N	28367931	OJVMSDUZHBLHAU-UHFFFAOYSA-N	C13H9ClN2O
COC1=CC=C(C=C1)C#CC2=NN=C(C=C2)Cl	19984377	MESUOEHAGDKAOZ-UHFFFAOYSA-N	C13H9ClN2O
C1=CC2=C(C(=C1)Cl)OC(=C2)C3=C(C=CC=N3)N	113623906	PTRCZCIPRBXOQJ-UHFFFAOYSA-N	C13H9ClN2O
C1=CC(=CC=C1CC2=CC=C(C(=O)N2)C#N)Cl	21548062	GYFPBANTRZTHEH-UHFFFAOYSA-N	C13H9ClN2O
C1=CC=C2C(=C1)C=CC3=C2N=C(NC3=O)CCl	136862964	WTAOWROHLWYLDR-UHFFFAOYSA-N	C13H9ClN2O
COC1=C(C=CC2=NC3=CC=CC=C3N=C21)Cl	124197281	NUEMDDYWTOLKKD-UHFFFAOYSA-N	C13H9ClN2O
C1=CC=C2C(=C1)N=C(O2)C3=CC(=CC(=C3)Cl)N	81558056	VCPNQCQGJGUTRC-UHFFFAOYSA-N	C13H9ClN2O
CC1=C(C=CC(=C1)OC2=NC=CC(=C2)C#N)Cl	28376721	QQDRNCDONFLICO-UHFFFAOYSA-N	C13H9ClN2O
C1=CC(=NC(=C1)OCC2=CC=C(C=C2)Cl)C#N	65125919	KFYHNPCHCRQHEG-UHFFFAOYSA-N	C13H9ClN2O
C1=CC(=CC(=C1)N)C2=NC3=C(O2)C=C(C=C3)Cl	25219103	UYOQZGWIBYYUPP-UHFFFAOYSA-N	C13H9ClN2O
C1=CC2=C(C(=C1)Cl)OC(=C2)C3=NC=C(C=C3)N	114732014	IVYHWUDBVSWNSR-UHFFFAOYSA-N	C13H9ClN2O
C1=CC=C(C=C1)C2=NC3=C(N2O)C=CC(=C3)Cl	68723901	PJRLXYLOTWWAMX-UHFFFAOYSA-N	C13H9ClN2O
C1=CC=NC(=C1)OC2=C(C=CC(=C2)CC#N)Cl	54413480	LDWBBFMZRJRENS-UHFFFAOYSA-N	C13H9ClN2O
C1=CC2=C(C(=C1)N)C3=C(C=CC(=C3)Cl)NC2=O	9859659	VFBOTGVYGURPNN-UHFFFAOYSA-N	C13H9ClN2O
C1=CC=C2C(=C1)NC(=N2)C3=C(C(=CC=C3)Cl)O	136771355	AREKLUFNKQSWRR-UHFFFAOYSA-N	C13H9ClN2O
C1=CC(=CC=C1COC2=NC=C(C=C2)C#N)Cl	65126401	OGPBQDGZAKGKHY-UHFFFAOYSA-N	C13H9ClN2O
COC1=NN=C(C2=CC3=CC=CC=C3C=C21)Cl	24944448	BEACXLQHWXXPBY-UHFFFAOYSA-N	C13H9ClN2O
C1=CC=C(C(=C1)OC2=CC=CC(=C2N)C#N)Cl	104717133	MRIVYNZSPKDOAI-UHFFFAOYSA-N	C13H9ClN2O
C1=CC(=CC(=C1)Cl)C2=C3C=CC(=CC3=NO2)N	105505241	YQBOLIZRBHMUEA-UHFFFAOYSA-N	C13H9ClN2O
C1=CN2C(=CN=C2C(=C1)O)C3=CC=C(C=C3)Cl	105505210	MIHJSGDQWGWZMG-UHFFFAOYSA-N	C13H9ClN2O
COC1=CC=CC2=C1N=C3C=C(C=CC3=N2)Cl	3371849	FGAMSQGWUFNXBG-UHFFFAOYSA-N	C13H9ClN2O
C1=CC=C(C=C1)C2=NC(=C3N2C=CC(=C3)O)Cl	117251892	YASIWPMPVGDXMR-UHFFFAOYSA-N	C13H9ClN2O
CC1=CC(=CC=C1)C2=NC3=NC=CC(=C3O2)Cl	84704652	BQIKFHASBPTWPP-UHFFFAOYSA-N	C13H9ClN2O
C1=CC(=CC(=C1)N)C2=NC3=C(O2)C(=CC=C3)Cl	79016853	NOQYYIIQFGVEBX-UHFFFAOYSA-N	C13H9ClN2O
CC1=CC=CC=C1OC2=C(C(=NC=C2)Cl)C#N	140118250	YTYBOZHUJOUVDI-UHFFFAOYSA-N	C13H9ClN2O
COC1=CC=CC(=C1)C2=CC(=C(N=C2)Cl)C#N	82118178	LVWXGPDNIBFDOB-UHFFFAOYSA-N	C13H9ClN2O
COC1=NC=NC(=C1)C2=C(C=CC(=C2)Cl)C#C	118277776	HNRCXNJKQLSQRK-UHFFFAOYSA-N	C13H9ClN2O
C1=CC=C(C(=C1)C#N)OC2=NC=C(C=C2)CCl	80629262	DCYVKRLNWQCOIJ-UHFFFAOYSA-N	C13H9ClN2O
CC1=C2C(=NC=C1)OC(=N2)C3=CC=C(C=C3)Cl	82338056	CJUMAAFTUJBZER-UHFFFAOYSA-N	C13H9ClN2O
CC1=C(C=CC=N1)OC2=CC(=C(C=C2)C#N)Cl	80092912	URZMFXYCPAOUFJ-UHFFFAOYSA-N	C13H9ClN2O
CC1=NC(=CC(=N1)Cl)C2=CC3=CC=CC=C3O2	114734057	ULRDVCXLZQRHGR-UHFFFAOYSA-N	C13H9ClN2O
C1=CC=C(C(=C1)COC2=CC(=NC=C2)C#N)Cl	55157636	RSLBFNMLVWYHQG-UHFFFAOYSA-N	C13H9ClN2O
C1=CC(=NC(=C1)Cl)OC2=CC=C(C=C2)CC#N	55212791	IOTUIAUKQWCBIH-UHFFFAOYSA-N	C13H9ClN2O
C1=CC=C2C(=C1)C3=C(C(=CC(=C3)Cl)N)NC2=O	274957	RPHDVDPPAGWMNV-UHFFFAOYSA-N	C13H9ClN2O
C1=CC=C(C(=C1)COC2=C(C=CC=N2)C#N)Cl	24708644	MBNBKLVYQXPYBZ-UHFFFAOYSA-N	C13H9ClN2O
C1=CC=C2C(=C1)C=C(O2)C3=NC=C(C=N3)CCl	55181239	PFCPADBXGMQQFB-UHFFFAOYSA-N	C13H9ClN2O
CN1C2=CC=CC=C2C3=C(C=NC=C3C1=O)Cl	135056686	ZCDYKOQFEAIBTH-UHFFFAOYSA-N	C13H9ClN2O
C1=CC(=CC(=C1)Cl)OC2=C(C=CC(=C2)C#N)N	104712452	UTHHUGOPHPGEJB-UHFFFAOYSA-N	C13H9ClN2O
C1=CC(=CC(=C1)N)C2=C3C=CC=C(C3=NO2)Cl	105505257	KIAAYYKIKHBSHG-UHFFFAOYSA-N	C13H9ClN2O
CC1=CC(=C(C=C1)OC2=NC=C(C=C2)C#N)Cl	62671287	QTFSSFKTMPCVME-UHFFFAOYSA-N	C13H9ClN2O
C1=CC(=C(N=C1)OCC2=CC=C(C=C2)Cl)C#N	65126588	AKPWAMHZBOKOIZ-UHFFFAOYSA-N	C13H9ClN2O
CC1=CC(=C(C=C1)Cl)OC2=C(N=CC=C2)C#N	81596415	SIXDTEHGDWODSO-UHFFFAOYSA-N	C13H9ClN2O
CC1=CC(=CC=C1)C2=NC3=C(C=CN=C3O2)Cl	84704646	FKAVVXHTHYWWJV-UHFFFAOYSA-N	C13H9ClN2O
CC1=CC(=CN=C1C2=CC=C(C=C2)Cl)N=C=O	83919578	ODAKZGHBQKRZLA-UHFFFAOYSA-N	C13H9ClN2O
C1=CC=C(C=C1)C2=NC(=C3N2C=CC=C3O)Cl	117252486	WSCCQOLUUZOCCS-UHFFFAOYSA-N	C13H9ClN2O
C1=CC=C2C(=C1)C(=O)C3=C(N2)C=CC(=C3Cl)N	154197915	CQAFMMGJXSLDPI-UHFFFAOYSA-N	C13H9ClN2O
C1=CC(=CN=C1)COC2=C(C=CC(=C2)Cl)C#N	113277286	HTRDEIQXJUESHN-UHFFFAOYSA-N	C13H9ClN2O
CC1=CC2=C(C(=O)C3=CC=CC=C3N2)C(=N1)Cl	125468027	RIINLYFTKIBNQG-UHFFFAOYSA-N	C13H9ClN2O
C1=CC=C(C=C1)COC2=CC(=C(N=C2)Cl)C#N	12852021	TYHDMIGJLTYWFO-UHFFFAOYSA-N	C13H9ClN2O
C1C2=C(C(=CC(=C2)C3=CN=CC=C3)Cl)NC1=O	58255663	WSTSVRBJYSQKGO-UHFFFAOYSA-N	C13H9ClN2O
C1=CC=C(C(=C1)CN2C(=O)C=CC=C2Cl)C#N	11459215	BCVJWRGLEYIGPL-UHFFFAOYSA-N	C13H9ClN2O
CC1=CC(=CC(=N1)OC2=CC=C(C=C2)Cl)C#N	113631087	JMJGNMVNJXZMSP-UHFFFAOYSA-N	C13H9ClN2O
C1=CC=C(C(=C1)N)OC2=CC(=C(C=C2)C#N)Cl	62945215	NJEVHDPCNSMCJR-UHFFFAOYSA-N	C13H9ClN2O
C1=CC(=C(C(=C1)Cl)N)OC2=CC=C(C=C2)C#N	104834935	SFSCZJWOEXHNCM-UHFFFAOYSA-N	C13H9ClN2O
C1=CC(=CC=C1CO)C2=C(C(=NC=C2)Cl)C#N	118256982	CBVWCPRTSZZKAM-UHFFFAOYSA-N	C13H9ClN2O
CC1=C(OC=C1)/C(=C(/C#N)\C2=CC=NC=C2)/Cl	80524914	DLNJSAIQWCETPD-VAWYXSNFSA-N	C13H9ClN2O
C1=CC2=C(C=C1Cl)OC(=C2)C3=NC=C(C=C3)N	115110748	JYUFMCLMBSVRDJ-UHFFFAOYSA-N	C13H9ClN2O
C1=CC2=NC(=CN2C(=C1)Cl)C3=CC=C(C=C3)O	117133187	WORXDOFJBWWOTJ-UHFFFAOYSA-N	C13H9ClN2O
C1=CC=C(C(=C1)OC2=C(C=CC(=C2)C#N)N)Cl	104712432	ZFORONLKLLHGRW-UHFFFAOYSA-N	C13H9ClN2O
C1=CC=C(C=C1)CC2=C(C=CC(=N2)Cl)N=C=O	23126637	XVIITDLLVLNIBQ-UHFFFAOYSA-N	C13H9ClN2O
C1=CC(=C(C(=C1)Cl)C#N)OCC2=CN=CC=C2	113277251	VPHBGLPDSOQEJH-UHFFFAOYSA-N	C13H9ClN2O
C1=CC=C(C=C1)C2=NC3=CC=CC=C3N2OCl	68724348	VNOPDUZVXOPUSO-UHFFFAOYSA-N	C13H9ClN2O
CN1C2=CC=CC=C2N=C3C1=CC=C(C3=O)Cl	86103806	HBOIZNMMVFHNQP-UHFFFAOYSA-N	C13H9ClN2O
CC1=CC=CN2C1=NC3=C(C2=O)C=CC=C3Cl	145954884	GUYSOLSJMOHGTH-UHFFFAOYSA-N	C13H9ClN2O
CC1=CC(=C(C=C1)C2=CC(=C(N=C2)C#N)Cl)O	142614336	CLHWIIQHWYGVOJ-UHFFFAOYSA-N	C13H9ClN2O
C1=CC=C(C(=C1)C2=CC3=C(C=C2)NC(=O)N3)Cl	122656440	JTCPNQQNALGTCJ-UHFFFAOYSA-N	C13H9ClN2O
CC1=CC(=C(C=C1)Cl)OC2=NC=CC(=C2)C#N	43132433	ZEBAETFSYVQGQQ-UHFFFAOYSA-N	C13H9ClN2O
CC1=CNC(=O)C(=C1C2=CC(=CC=C2)Cl)C#N	82118172	MHAGFRPJWFYQRU-UHFFFAOYSA-N	C13H9ClN2O
C1=CC=C(C(=C1)C2=CC3=NC=CC(=C3O2)Cl)N	66779691	QPJHCPNEXZJEOC-UHFFFAOYSA-N	C13H9ClN2O
C1=CC(=C(C=C1Cl)CC2=CC(=NC=C2)C#N)O	141418401	LLNNLNWGGJVZEV-UHFFFAOYSA-N	C13H9ClN2O
C1=CC(=CC(=C1)Cl)C2=NC3=C(O2)C=CC(=C3)N	721061	XJHAVALWFPKQEE-UHFFFAOYSA-N	C13H9ClN2O
CC1=CC(=C(C=C1)Cl)OC2=NC=C(C=C2)C#N	43243095	QXEUDWWNBNGGOP-UHFFFAOYSA-N	C13H9ClN2O
C1=CC(=CC=C1OC2=CC(=C(C=C2)C#N)N)Cl	80029228	UVDVKZIJXFSPEV-UHFFFAOYSA-N	C13H9ClN2O
C1=CC(=CC=C1C#N)OCC2=CC(=NC=C2)Cl	62044802	TZQMACXCRHDTCP-UHFFFAOYSA-N	C13H9ClN2O
C1=CC(=CC=C1OCC2=CC(=NC=C2)C#N)Cl	63884431	LLRLAKOCHOWTJV-UHFFFAOYSA-N	C13H9ClN2O
C1=CC(=CC=C1C#N)OC2=C(C=C(C=C2)N)Cl	20346903	QSZHEJLSQHKYIB-UHFFFAOYSA-N	C13H9ClN2O
C1=CC(=CC=C1C2=C(C=C3C(=C2)C=NN3)Cl)O	141078652	XVUJZRYROXBJAD-UHFFFAOYSA-N	C13H9ClN2O
CC1=C(C=CC=C1Cl)N2C=CC=C(C2=O)C#N	82118191	NORCPWVAYPVDMT-UHFFFAOYSA-N	C13H9ClN2O
C1=CC=C(C=C1)C(=O)N=NC2=CC=C(C=C2)Cl	71354236	IVOYRWCZASPFPI-UHFFFAOYSA-N	C13H9ClN2O
CC1=C2C(=CC=C1)C=C(O2)C3=NC=NC=C3Cl	105371624	XIZITEFGKNEKJF-UHFFFAOYSA-N	C13H9ClN2O
C1=CC(=CC(=C1)OC2=NC=C(C=C2)CCl)C#N	80628876	DEPSMOOEHQKBMP-UHFFFAOYSA-N	C13H9ClN2O
C1=CC(=CC=C1C2=CC3=C(C=CN=C3N2)Cl)O	84704642	UJNNXSXVCJIJQC-UHFFFAOYSA-N	C13H9ClN2O
C1=CC=C2C(=C1)N=C(O2)C3=C(C=C(C=C3)Cl)N	14980664	UUNPGPFJVQNTKG-UHFFFAOYSA-N	C13H9ClN2O
C1=CC=C2C(=C1)NC(=N2)C3=C(C=C(C=C3)O)Cl	136623096	IYKBQPLZBIDCHV-UHFFFAOYSA-N	C13H9ClN2O
C1=CC=C(C=C1)N=NC2=CC=C(C(=O)C=C2)Cl	344930	UBLRSCFAFOJFMP-UHFFFAOYSA-N	C13H9ClN2O
CC1=CC2=C(C=C1)OC(=N2)C3=C(C=NC=C3)Cl	58148201	OPPHMXGXDLIVAV-UHFFFAOYSA-N	C13H9ClN2O
C#CC(C1=CC=C(C=C1)Cl)(C2=CN=CN=C2)O	14719601	NCBCHWZZALWMHX-UHFFFAOYSA-N	C13H9ClN2O
C1=CC=C(C(=C1)OC2=CC=CC(=N2)CC#N)Cl	53882398	CACCMSHKQNUJLH-UHFFFAOYSA-N	C13H9ClN2O
C1=CC=C2C(=C1)N=C(O2)NC3=CC=C(C=C3)Cl	23455834	DVWWGAYDBQNYTG-UHFFFAOYSA-N	C13H9ClN2O
C1=CC=C(C(=C1)N2C3=C(C=CC(=C3)O)C=N2)Cl	136918056	KLDSZDPDUNGDGL-UHFFFAOYSA-N	C13H9ClN2O
C1C2C=CC1N(C2=O)C3=CC(=C(C=C3)C#N)Cl	117762111	JQJMPEYKCVUYLN-UHFFFAOYSA-N	C13H9ClN2O
C1C2=C(C=C(C=C2)Cl)C(=O)C1=CN3C=CN=C3	54562865	ZRTMAGJDBICAGH-UHFFFAOYSA-N	C13H9ClN2O
C1=CC=C2C(=C1)C3=C(C=CC(=C3C2=NO)N)Cl	154101849	PWEBMBFKQVWFQW-UHFFFAOYSA-N	C13H9ClN2O
C1=CC2=C(C(=C1)Cl)N=C(N2)C3=CC=C(C=C3)O	136118934	KGOAOXIAVCYXJE-UHFFFAOYSA-N	C13H9ClN2O
CC1=CC(=C(C=C1)OC2=CC(=NC=C2)C#N)Cl	55156103	KEQVMYQIKYJFEP-UHFFFAOYSA-N	C13H9ClN2O
C1=CC(=C(N=C1)Cl)OCC2=CC=C(C=C2)C#N	64432122	GDBOYGFMOBKIDW-UHFFFAOYSA-N	C13H9ClN2O
C1=CC(=CC(=C1)Cl)C2=CNC3=CC(=O)C=CN32	105505206	NVSFXJNNZQGSLQ-UHFFFAOYSA-N	C13H9ClN2O
C1=CC=C(C=C1)NC2=NC3=C(O2)C=CC(=C3)Cl	4915226	YWNAVPSABPGECL-UHFFFAOYSA-N	C13H9ClN2O
C1=CC=C2C(=C1)C(C(=O)N2C3=CC=CC=N3)Cl	153788853	GDOLDEMRSCRSEH-UHFFFAOYSA-N	C13H9ClN2O
C1=CC(=C2C(=C1)NC=C2/C=C/C(=O)CCl)C#N	107918538	WLHQVJCMAJQFMQ-SNAWJCMRSA-N	C13H9ClN2O
C1=CC=C2C(=C1)C=C(O2)C3=C(N=CC(=C3)Cl)N	114733093	IEDJIRIWGOYPMW-UHFFFAOYSA-N	C13H9ClN2O
C1=CC=C(C(=C1)C2=NC=C3N2C=CC=C3O)Cl	117147177	HNLTYKGPWFEJHP-UHFFFAOYSA-N	C13H9ClN2O
C1=CC=C2C(=C1)C(=O)C(=CC3=CC=C(N3)Cl)N2	91989590	PCXBAHVXZVMLBE-UHFFFAOYSA-N	C13H9ClN2O
CC(=O)C1=CN2C=CC3=C(C2=N1)C=CC=C3Cl	115045416	NLMGWZMURWINOM-UHFFFAOYSA-N	C13H9ClN2O
C1=CC2=C(C=C1C#N)C(=CN2)/C=C/C(=O)CCl	107919750	KBJCDIMKEJFAMW-NSCUHMNNSA-N	C13H9ClN2O
C1=CC=C(C(=C1)CN2C=C(C=CC2=O)Cl)C#N	82150555	ULBDZLUSCLBUEF-UHFFFAOYSA-N	C13H9ClN2O
C1=CC(=CC(=C1)OC2=C(C(=CC=C2)Cl)N)C#N	113458726	SZIQAQIMNNEJOD-UHFFFAOYSA-N	C13H9ClN2O
CC1=NC2=C(O1)C=CC(=N2)C3=CC(=CC=C3)Cl	117000972	STRKOBJGGNGDKJ-UHFFFAOYSA-N	C13H9ClN2O
C1=CC(=CC(=C1)Cl)C2=NOC3=C2C=CC(=C3)N	105505247	PKOJPKKGBHUGSR-UHFFFAOYSA-N	C13H9ClN2O
C1=CC=C(C=C1)C2=NC3=C(C=CC=C3Cl)ON2	134928015	FYSPYCJNMBQXRV-UHFFFAOYSA-N	C13H9ClN2O
C1=CC2=C(C(=C1)Cl)C(=O)NC3=C2C=CC(=C3)N	278736	LBTZFVNZUJHRTC-UHFFFAOYSA-N	C13H9ClN2O
C1=CC(=CC(=C1)OC2=C(C=CC=C2Cl)N)C#N	28401836	OJNLXKJUALKCMA-UHFFFAOYSA-N	C13H9ClN2O
C1=CC(=CC(=C1)Cl)C2=NNC(=C2)C3=CC=CO3	99964710	WFUKBNRPDJHMGA-UHFFFAOYSA-N	C13H9ClN2O
C1=CC=C(C(=C1)C=O)N=NC2=CC=C(C=C2)Cl	151076036	MJDATSNECQZWGI-UHFFFAOYSA-N	C13H9ClN2O
C1=CC=C(C(=C1)COC2=CC=CC(=N2)C#N)Cl	64595333	MYZBYVPVUHYKAA-UHFFFAOYSA-N	C13H9ClN2O
CC1=CC2=C(C=C1)OC(=C2)C3=NN=C(C=C3)Cl	114734095	DAKIQBQWEOCKIL-UHFFFAOYSA-N	C13H9ClN2O
C1=CN2C=C(N=C2C(=C1)Cl)C3=CC=C(C=C3)O	117128134	APIKBJIBPPAVCO-UHFFFAOYSA-N	C13H9ClN2O
C1=CC=C(C(=C1)C#N)OC2=C(C=CC(=C2)N)Cl	64009985	GDOKRAQPLIXXGS-UHFFFAOYSA-N	C13H9ClN2O
C1=CC2=C(C=C1N)NC(=O)C3=C2C=C(C=C3)Cl	278040	NMYIVWNWWUOPBU-UHFFFAOYSA-N	C13H9ClN2O
C1=CC=C2C=C(C=CC2=C1)C3=NN=C(O3)CCl	2794880	UMNGOHKHXNBZFZ-UHFFFAOYSA-N	C13H9ClN2O
C1=CC2=C(C=C1Cl)C=C(O2)C3=NC=CC(=C3)N	114731884	UEVQPILOMOKAKO-UHFFFAOYSA-N	C13H9ClN2O
COC1=C(C=C(C=C1)Cl)/C=C/C=C(C#N)C#N	5777936	HNVCTNZGJAKYMD-DUXPYHPUSA-N	C13H9ClN2O
C1=CC=C(C(=C1)C#N)OCC2=NC=CC(=C2)Cl	79255116	RZEDYUVAPYTOGG-UHFFFAOYSA-N	C13H9ClN2O
C1=CC(=CC(=C1)C#N)CN2C=C(C=CC2=O)Cl	82150604	OTHKNGXRHOFEEV-UHFFFAOYSA-N	C13H9ClN2O
C1=CC=C(C(=C1)C2=NC3=C(O2)C=CC(=C3)Cl)N	43114856	NDKPUIWCARCSJW-UHFFFAOYSA-N	C13H9ClN2O
C1=CC=C(C(=C1)C2=NC=C3N2C=CC(=C3)O)Cl	117144725	NZSGEUORXCHXPQ-UHFFFAOYSA-N	C13H9ClN2O
C1=CC(=CC(=C1)Cl)C2=CN3C=CC=C(C3=N2)O	117137605	FGRYVSIIBURNES-UHFFFAOYSA-N	C13H9ClN2O
CC1=C(NC(=O)C(=C1)C#N)C2=CC(=CC=C2)Cl	61658607	FTCCITIXIHDPLQ-UHFFFAOYSA-N	C13H9ClN2O
C1=CC=C(C(=C1)C2=C3C=C(C=CC3=NO2)N)Cl	105505240	VRZMRUUYULTKMA-UHFFFAOYSA-N	C13H9ClN2O
CC(=O)N1C=C(C(=C1)C2=CC=CC=C2Cl)C#N	13604661	FXSMDFDDFGSBFV-UHFFFAOYSA-N	C13H9ClN2O
C1=CC2=C(C=C1Cl)C=C(O2)C3=CC(=NC=C3)N	102821912	FRLALKFLZZYNNB-UHFFFAOYSA-N	C13H9ClN2O
COC1=NC(=CC(=C1)C2=CC=C(C=C2)C#N)Cl	134419762	QRAOZDMWVIPDOS-UHFFFAOYSA-N	C13H9ClN2O
C1=CC=C(C(=C1)N2C3=C(C=CC=C3O)C=N2)Cl	105505227	DYOYFBBCWFUOAD-UHFFFAOYSA-N	C13H9ClN2O
CC1=CC=CC=C1C2=NC3=C(O2)N=CC(=C3)Cl	82337677	HTQSAEXLKJKLHR-UHFFFAOYSA-N	C13H9ClN2O
COC1=CC2=C(C3=C(C=NC=C3)N=C2C=C1)Cl	618485	UMPRTMFPQOFPAT-UHFFFAOYSA-N	C13H9ClN2O
C1=CC=C2C(=C1)C=CC(=N2)/C(=C(/CCl)\O)/C#N	135445479	FTNAJERBOLRVSE-RAXLEYEMSA-N	C13H9ClN2O
C1=CC=C2C(=C1)C3=C(N2)C(=CC(=C3)Cl)C(=O)N	153981653	FMUMPJDAYYSFKV-UHFFFAOYSA-N	C13H9ClN2O
C1=CC2=C(N=C1)N=C(O2)CC3=CC=C(C=C3)Cl	82337416	DUTMARKIELQMAL-UHFFFAOYSA-N	C13H9ClN2O
C1=CC=C2C(=C1)C(=O)NC3=C(N2)C=CC(=C3)Cl	3653116	YVWNDABPZGGQFE-UHFFFAOYSA-N	C13H9ClN2O
C1=CN2C(=CN=C2C3=CC=C(C=C3)Cl)C(=C1)O	117147226	SJGKSVZBBKQWQS-UHFFFAOYSA-N	C13H9ClN2O
C1=CC=C(C(=C1)C2=NC=C3N2C=CC(=C3)Cl)O	137006605	WTXBLMOBUFNPIT-UHFFFAOYSA-N	C13H9ClN2O
CC1=CC2=C(C=C1)OC(=N2)C3=C(N=CC=C3)Cl	1472067	HOQVQZIUEKSPAH-UHFFFAOYSA-N	C13H9ClN2O
C1=CC(=CC(=C1)Cl)OC2=CC(=C(C=C2)N)C#N	115499744	BNIPPWGXVJZNAQ-UHFFFAOYSA-N	C13H9ClN2O
C1=CNC(=C1)C=C2C3=C(C=CC(=C3)Cl)NC2=O	40485715	SYFAEBVHHBJQER-UHFFFAOYSA-N	C13H9ClN2O
C1=CC(=CC=C1CC(=O)C2=CNC(=C2)C#N)Cl	1473917	ZUCGOHYGFSNHIU-UHFFFAOYSA-N	C13H9ClN2O
COC1=NC=C(C=C1)C2=C(C=C(C=C2)Cl)C#N	139893405	XRCCNIRGUUADOH-UHFFFAOYSA-N	C13H9ClN2O
COC1=CC=CC=C1C2=C(C(=NC=C2)Cl)C#N	82118168	LCIYCHQLXPPTAE-UHFFFAOYSA-N	C13H9ClN2O
CC1=CC=C(C=C1)C2=NC3=C(O2)N=CC(=C3)Cl	82337679	BUMWYNVAIONXPX-UHFFFAOYSA-N	C13H9ClN2O
C1=CC(=C(C(=C1)Cl)C#N)OC2=CC=C(C=C2)N	55135215	WMFCTIFPRQKVFG-UHFFFAOYSA-N	C13H9ClN2O
C1=CC(=CC(=C1)O)N2C3=C(C=C(C=C3)Cl)C=N2	105505213	ASKNUZMEVUORGS-UHFFFAOYSA-N	C13H9ClN2O
CC1=CC2=NC(=CN2C3=C1C=C(C=C3)Cl)C=O	115045428	RHYXZQNFQLNMEZ-UHFFFAOYSA-N	C13H9ClN2O
CC1=CC2=NC3=C(C=CC=C3Cl)C(=O)N2C=C1	145957107	QVGMFDIDAPGKGJ-UHFFFAOYSA-N	C13H9ClN2O
C1C2=C(C=CC=N2)C(=O)N1C3=CC=C(C=C3)Cl	10657977	HXTBNLNDSFTAAQ-UHFFFAOYSA-N	C13H9ClN2O
CC1=CC(=C(C=C1)Cl)OC2=CC(=NC=C2)C#N	55155529	RZVJZDYUFVGAAJ-UHFFFAOYSA-N	C13H9ClN2O
CC1=C(C2=NC3=CC=CC=C3N=C2C(=C1)Cl)O	145233541	PBECMCYAOWZZML-UHFFFAOYSA-N	C13H9ClN2O
C1=CC(=CC(=C1)O)C#CC2=NC=CC(=C2N)Cl	18511297	CJYGFBDSEWYEHT-UHFFFAOYSA-N	C13H9ClN2O
C1=CC=C2C=C(C=CC2=C1)C3=NC(=NO3)CCl	28941948	WJBOVQLLPQOXBV-UHFFFAOYSA-N	C13H9ClN2O
C1=CC=C(C=C1)COC2=C(N=CC(=C2)Cl)C#N	129139525	HPMHECWKFXVFLN-UHFFFAOYSA-N	C13H9ClN2O
CC1=CC(=C(C=C1)OC2=C(C=CC=N2)C#N)Cl	62669163	RMUDKWUAZMVUHV-UHFFFAOYSA-N	C13H9ClN2O
C1=CC=C2C(=C1)C(=NO2)C3=C(C=CC(=C3)Cl)N	13000910	ZFOCFQNDDNVWTL-UHFFFAOYSA-N	C13H9ClN2O
CC1=C(C=C(C=C1)C#N)OC2=NC(=CC=C2)Cl	107657708	OTXAWOCBHDYJEG-UHFFFAOYSA-N	C13H9ClN2O
COC1=CC=CC2=C1N=C3C=CC=C(C3=N2)Cl	612095	WAHWQGPEPMELKZ-UHFFFAOYSA-N	C13H9ClN2O
CC1=CC2=NC(=CC(=O)N2C3=CC=CC=C13)Cl	10467017	FOCRCSIVWJAECI-UHFFFAOYSA-N	C13H9ClN2O
CC1=C(C(=NC=C1)OC2=CC(=CC=C2)Cl)C#N	81731042	PFSBKDQURPHUFR-UHFFFAOYSA-N	C13H9ClN2O
C1=CC(=CC=C1C2=NC3=C(O2)C=C(C=C3)N)Cl	3159092	XVCHBGBTMDMWAI-UHFFFAOYSA-N	C13H9ClN2O
C1=CC2=C(C=C1Cl)C=C(O2)C3=CC(=CN=C3)N	114223137	KPITYHDNQSVEHC-UHFFFAOYSA-N	C13H9ClN2O
C1=CC=C(C(=C1)C2=CN3C=CC=C(C3=N2)Cl)O	117128076	PAEKCUGHJMCEBN-UHFFFAOYSA-N	C13H9ClN2O
C1=CC=C(C(=C1)COC2=NC=CC(=C2)C#N)Cl	24709008	ZFHNQGJNGGJEFI-UHFFFAOYSA-N	C13H9ClN2O
CC1=CC2=C(C=C1)N=C(N=C2C3=CC=CO3)Cl	105505262	VXYKWHNSVAXNTG-UHFFFAOYSA-N	C13H9ClN2O
C1C=CC(=C2C1=NC3=C2C=CC(=C3)C(=O)N)Cl	152045812	UPQOMOIFPVLNBG-UHFFFAOYSA-N	C13H9ClN2O
C1=CC(=CC(=C1)O)C2=NC=C3N2C=C(C=C3)Cl	117139804	FOVAQTTVMUFOKF-UHFFFAOYSA-N	C13H9ClN2O
CC1=C(C(=O)N(C1=C)C2=CC=CC=C2Cl)C#N	52947266	CICLLRIYFIKBIV-UHFFFAOYSA-N	C13H9ClN2O
CC1=C2C(=CC=C1)C=C(O2)C3=NN=C(C=C3)Cl	114734143	YKUZUESWNHQYPW-UHFFFAOYSA-N	C13H9ClN2O
C1=CN(C(=C1)C#N)CC(=O)C2=CC=C(C=C2)Cl	114651412	YNPPAMJMBCMOKB-UHFFFAOYSA-N	C13H9ClN2O
C1=CC(=CN=C1)COC2=C(C=C(C=C2)C#N)Cl	60731273	CPFLUDYEYDMCGM-UHFFFAOYSA-N	C13H9ClN2O
C1=CC2=C(C=C1Cl)C=C(O2)C3=C(C=CN=C3)N	114731901	IOLQFUSHYXVRBK-UHFFFAOYSA-N	C13H9ClN2O
CC1=CN2C3=C(C=C(C=C3)Cl)C(=O)N=C2C=C1	135018085	YCBWAFGDEQLEPE-UHFFFAOYSA-N	C13H9ClN2O
C1=CC2=C(NN=C2C(=C1)Cl)C3=CC=C(C=C3)O	136383577	JRCXPZJKONDCFC-UHFFFAOYSA-N	C13H9ClN2O
C1=CC=C(C(=C1)C2=CC3=C(C=CN=C3N2)Cl)O	84704640	RHVNYODUZVOGLL-UHFFFAOYSA-N	C13H9ClN2O
CC1=CC(=C(C=C1)Cl)OC2=CC=CC(=N2)C#N	64595952	NJROUFBWALOFNV-UHFFFAOYSA-N	C13H9ClN2O
C1=CC2=C(C(=C1)Cl)C3=C(C=CC(=C3)N)NC2=O	10198744	CYDFFDWYHRTKAM-UHFFFAOYSA-N	C13H9ClN2O
CC1=NOC2=C1C(=CC(=N2)C3=CC=CC=C3)Cl	21505696	CCVHGGGVKZFKJX-UHFFFAOYSA-N	C13H9ClN2O
CC1=CC=C(C=C1)C2=NC3=NC=CC(=C3O2)Cl	84704654	UAYXFUVVBWQNMD-UHFFFAOYSA-N	C13H9ClN2O
CC1=CC=C(C(=O)N1C2=CC(=CC=C2)Cl)C#N	82118188	ZDOUMPUKUBHTSG-UHFFFAOYSA-N	C13H9ClN2O
C1=CC(=CC=C1C(=O)C2=C(NC=C2)CC#N)Cl	154271623	OACSPXMXNFOBGV-UHFFFAOYSA-N	C13H9ClN2O
CC(=O)C1=CN=C2N1C=CC3=C2C=CC=C3Cl	115045412	AKTIGHNTSNPFQS-UHFFFAOYSA-N	C13H9ClN2O
C1=CC(=C(C(=C1)OC2=CC=C(C=C2)Cl)N)C#N	113444844	ZQIWQISYLNUQDV-UHFFFAOYSA-N	C13H9ClN2O
C1C(=CC2=C(C1=O)C=C3C=CC(=CC3=N2)Cl)N	70635001	AEAJIIXFRXPWOW-UHFFFAOYSA-N	C13H9ClN2O
COC1=NC2=C(C=C1)N=C3C=C(C=CC3=C2)Cl	129833065	GFVWFUVQJJMMIK-UHFFFAOYSA-N	C13H9ClN2O
CC(=O)N1C2=C(C=C(C=C2)Cl)C3=C1C=NC=C3	21362731	QMAJYTZTFGSWOU-UHFFFAOYSA-N	C13H9ClN2O
COC1=CC2=C(C=C1)N=C3C=CC(=CC3=N2)Cl	618484	CMIJNPNNJHHINZ-UHFFFAOYSA-N	C13H9ClN2O
C1=CC=C(C(=C1)C2=C3C=CC(=CC3=NO2)N)Cl	105505243	AFCOMTMGZUFORV-UHFFFAOYSA-N	C13H9ClN2O
COC1=CN=C(C=C1C#N)C2=CC=C(C=C2)Cl	117525783	YZGABAUMARCFPL-UHFFFAOYSA-N	C13H9ClN2O
C1=CC=C2C(=C1)NC3=C(C(=CC=C3)Cl)C(=O)N2	129762889	XVXLTBDDUTZGLT-UHFFFAOYSA-N	C13H9ClN2O
C1=CC(=C(N=C1)Cl)COC2=CC=C(C=C2)C#N	62469923	VTPNBJNRSVHBNH-UHFFFAOYSA-N	C13H9ClN2O
CC(=O)N1C=CC2=CN=C3C=C(C=CC3=C21)Cl	17866278	FBYXEEZKGGYZLU-UHFFFAOYSA-N	C13H9ClN2O
C1=CC(=CC=C1C2=NC=C3N2C=CC(=C3)Cl)O	137006614	TZTVZZRCPHHQEE-UHFFFAOYSA-N	C13H9ClN2O
C1CC2=C(C=CO2)C3=C1N4C=C(C=CC4=N3)Cl	115467529	RZYCUEMPYHJLRL-UHFFFAOYSA-N	C13H9ClN2O
C1=CN(C=C1)C2=C(C=C3C(=C2)C=CC(=O)N3)Cl	91082131	BSJPZQRIBRVJSQ-UHFFFAOYSA-N	C13H9ClN2O
C1=CC=C2C(=C1)C(=CN2)C3=CC(=O)NC(=C3)Cl	84158333	WPGKDQVDFRIOTB-UHFFFAOYSA-N	C13H9ClN2O
CC1=C2C(=CC=C1)C=C(O2)C3=CC(=NC=N3)Cl	114734139	XFPHKDIXSFOXLN-UHFFFAOYSA-N	C13H9ClN2O
C1CC(=O)C2=CN=C(N=C21)C3=CC(=CC=C3)Cl	83868821	PEWGRAKONRKTFC-UHFFFAOYSA-N	C13H9ClN2O
C1=CC(=CC(=C1)Cl)C2=NC=C3N2C=CC(=C3)O	117144673	RCMLIWFXHJBOAB-UHFFFAOYSA-N	C13H9ClN2O
C#CCNC(=O)C1=CN=C(C2=CC=CC=C21)Cl	106765895	MSJJFLYHDRCXHZ-UHFFFAOYSA-N	C13H9ClN2O
C1=CC(=CC=C1C#N)OCC2=C(C=NC=C2)Cl	65688579	IGOKPIOLXQAURI-UHFFFAOYSA-N	C13H9ClN2O
C1=CC=C(C(=C1)C2=C3C=CC(=CC3=NO2)Cl)N	105505255	XOAGGNOWNLNQCG-UHFFFAOYSA-N	C13H9ClN2O
C1CC1OC2=CC3=NC=C(C(=C3C=C2)Cl)C#N	134275586	VQRFFQFWXKXLND-UHFFFAOYSA-N	C13H9ClN2O
C1=CC(=CC=C1C2=NNC3=C2C=CC(=C3)Cl)O	135526974	VODTVKNUGJMELB-UHFFFAOYSA-N	C13H9ClN2O
CC1=C(C=CC(=C1)C2=NC=C(C=C2)N=C=O)Cl	83919577	RODIGMNTDJHSEP-UHFFFAOYSA-N	C13H9ClN2O
C1C2=CC=CC=C2C(=O)[C@]1(C[C@H](C#N)Cl)C#N	134833139	SJULVJJUCVBSAQ-ZWNOBZJWSA-N	C13H9ClN2O
C1=CC(=CC(=C1)Cl)C2=NNC3=C2C=C(C=C3)O	105505229	ZVKKLOMVDSNIKZ-UHFFFAOYSA-N	C13H9ClN2O
CN1C(=O)C2=CC3=CC=CC=C3C=C2N=C1Cl	114693232	BZZNPQPBDHGYNJ-UHFFFAOYSA-N	C13H9ClN2O
C1=CC(=CC=C1CC#N)OC2=NC=C(C=C2)Cl	66234557	FXBSDXMZIGFSBW-UHFFFAOYSA-N	C13H9ClN2O
CC1=C(N2C(=N1)C=CC3=C2C=C(C=C3)Cl)C=O	115045426	KUVNKYOWHPGOPV-UHFFFAOYSA-N	C13H9ClN2O
CC1=CC=CC=C1C2=NC3=C(O2)N=C(C=C3)Cl	84704650	RWUFJXNMVDLLFJ-UHFFFAOYSA-N	C13H9ClN2O
COC1=CC=CC2=C1N=C3C(=N2)C=CC=C3Cl	71668482	AZJDDAPKWRVAFO-UHFFFAOYSA-N	C13H9ClN2O
C1=CC=C(C(=C1)C#N)OCC2=C(C=NC=C2)Cl	65688777	JMMIZTVMSCIULG-UHFFFAOYSA-N	C13H9ClN2O
CC1=C(C=NC=C1)C2=CC=CC3=C2ON=C3Cl	89478572	BKLBNJQGHVEDNL-UHFFFAOYSA-N	C13H9ClN2O
CC1=CC=C(C(=O)N1C2=CC=CC=C2Cl)C#N	82118186	OCVPAMDVCZHSKT-UHFFFAOYSA-N	C13H9ClN2O
CC1=CC2=NC=C(N2C3=C1C=CC(=C3)Cl)C=O	115045425	GCEPTIXQRPGPMT-UHFFFAOYSA-N	C13H9ClN2O
COC1=C(C=C(C=C1)Cl)C=CC=C(C#N)C#N	274212	HNVCTNZGJAKYMD-UHFFFAOYSA-N	C13H9ClN2O
C1=CN=C2C=C(C(=CC2=C1C=O)CCC#N)Cl	148240349	OECRCGSKFKOFEK-UHFFFAOYSA-N	C13H9ClN2O
COC1=CC=CC=C1C2=NC(=C(C=C2)C#N)Cl	61654631	RDNRINBELULXCL-UHFFFAOYSA-N	C13H9ClN2O
C1CC(=O)C2=CN=C(N=C21)C3=CC=CC=C3Cl	83868820	JWYNMPQMODVIKS-UHFFFAOYSA-N	C13H9ClN2O
CC1=C2C=CN=C2N(C1=O)C3=CC=C(C=C3)Cl	102276488	IZNYMFMJJJAHCR-UHFFFAOYSA-N	C13H9ClN2O
C1=CC(=CC(=C1)Cl)COC2=NC=CC(=C2)C#N	65126253	PNIZHBWDPMENLR-UHFFFAOYSA-N	C13H9ClN2O
CC1=C(N=C2C=C(OC2=N1)C3=CC=CC=C3)Cl	135009564	WNJAUWAMUMTXOB-UHFFFAOYSA-N	C13H9ClN2O
C1=CC=C2C(=C1)C(=O)N(N2)C3=CC=C(C=C3)Cl	12565792	ILEAZVSSPXNFCR-UHFFFAOYSA-N	C13H9ClN2O
C1CC2=C(C1)C(=NC(=C2C#N)Cl)C3=CC=CO3	82118167	CEDPIHOVFVAHRG-UHFFFAOYSA-N	C13H9ClN2O
C1=CC=C(C=C1)N2C3=C(C=C(C=C3)O)N=C2Cl	84802687	REXIZMSDCWOERH-UHFFFAOYSA-N	C13H9ClN2O
COC1=CC=C(C=C1)C2=NC(=C(C=C2)C#N)Cl	2768878	PELDIRQBLYTDBQ-UHFFFAOYSA-N	C13H9ClN2O
C1=CC(=CC(=C1)O)C2=CC3=C(C=CN=C3N2)Cl	84704641	XGMVXNWJFLVZGB-UHFFFAOYSA-N	C13H9ClN2O
C1C=NC2=C1C(=O)C=NC2C3=CC=CC=C3Cl	138539995	UMSUVTJETXEXQQ-UHFFFAOYSA-N	C13H9ClN2O
CN1C(=O)C=CC2=C1C3=C(C=C2)C=CC(=N3)Cl	2847540	YXXDYYVBJXXVFC-UHFFFAOYSA-N	C13H9ClN2O
C1=CC(=CC=C1CC2=CC(=C(C=N2)O)C#N)Cl	117525633	SADRXBFEPAFZPT-UHFFFAOYSA-N	C13H9ClN2O
C1=CC(=CC(=C1)N)C2=NOC3=C2C=C(C=C3)Cl	82105913	ZLMWRZZWAYXNAU-UHFFFAOYSA-N	C13H9ClN2O
CC1=CC(=CC=C1)C2=NC3=C(O2)C=CC(=N3)Cl	84704658	RSDACZGPDNXFAU-UHFFFAOYSA-N	C13H9ClN2O
CC1=C(C=C(C=C1)N2C=CC=C(C2=O)C#N)Cl	82118194	COMICFMMJHSOPL-UHFFFAOYSA-N	C13H9ClN2O
C1=CC(=CC(=C1)OCC2=NC(=CC=C2)Cl)C#N	79040296	HLJMUXQAASZCPY-UHFFFAOYSA-N	C13H9ClN2O
C1C2=C(C(=O)N1C3=CC=C(C=C3)Cl)N=CC=C2	131877861	OUWKCQXULHKGFW-UHFFFAOYSA-N	C13H9ClN2O
COC1=C(N=CC(=C1)C2=CC(=CC=C2)Cl)C#N	71075701	LQXLPTXROAPSNP-UHFFFAOYSA-N	C13H9ClN2O
COC1=CC=C(C=C1)C2=C(C=CC(=N2)Cl)C#N	118211577	AEIYKEUNEHPUCU-UHFFFAOYSA-N	C13H9ClN2O
COC1=CC=CC(=C1)C2=C(C(=NC=C2)Cl)C#N	82085622	HAJXMWYUAIHULL-UHFFFAOYSA-N	C13H9ClN2O
C1=CC(=CC=C1N2C3=C(C=CC(=C3)O)C=N2)Cl	136918058	YSBWEJSSYNOODJ-UHFFFAOYSA-N	C13H9ClN2O
C1=CC2=C(C=CN2)C(=C1)OC3=NC(=CC=C3)Cl	141124793	AHGLJRNVBZOZNZ-UHFFFAOYSA-N	C13H9ClN2O
CC1=CC2=NC=C(N2C3=C1C=CC=C3Cl)C=O	115045422	JWDPOTIRJBQUSH-UHFFFAOYSA-N	C13H9ClN2O
C1=CC(=CC=C1COC2=C(C=CN=C2)C#N)Cl	54007594	KPZQPUZPUYPCDS-UHFFFAOYSA-N	C13H9ClN2O
C1=CC=C(C=C1)OCC#CC2=NC(=NC=C2)Cl	102468342	XOQSBYMSWCPLFQ-UHFFFAOYSA-N	C13H9ClN2O
CC1=C(C2=C(C=C1)OC(=N2)C3=CC=NC=C3)Cl	58148253	WASLMNBTSZVCBA-UHFFFAOYSA-N	C13H9ClN2O
C1=CC(=CC(=C1)OCC2=C(C=NC=C2)Cl)C#N	65688580	HSVISDFLKZSSIC-UHFFFAOYSA-N	C13H9ClN2O
CC1=C(C=C(C=C1)Cl)N2C=CC=C(C2=O)C#N	82118192	NMYRMPPHXJRQTC-UHFFFAOYSA-N	C13H9ClN2O
CC1=CC=C(O1)/C(=C(/C#N)\C2=CN=CC=C2)/Cl	80523154	QWZJEMLFVQVIFC-ACCUITESSA-N	C13H9ClN2O
C1=CC(=CC=C1C2=CNC3=CC(=O)C=CN32)Cl	105505207	TUUKWWVDWAIHMF-UHFFFAOYSA-N	C13H9ClN2O
CC1=C2C(=CC=C1)[N+](=C3C=CC(=CC3=N2)Cl)[O-]	618503	DCBIWUNDZFWFBN-UHFFFAOYSA-N	C13H9ClN2O
CC1=NOC2=CC(=C(N=C12)C3=CC=CC=C3)Cl	150414577	HGMUKSUFGQTCSO-UHFFFAOYSA-N	C13H9ClN2O
C1=CC=NC(=C1)C2=C(C3=C(N2)C=C(C=C3)Cl)O	135968161	NTVQJUMSGPERDJ-UHFFFAOYSA-N	C13H9ClN2O
C1=CC=C(C(=C1)C2=NNC3=C2C=C(C=C3)O)Cl	105505231	ZREOYHQGHWNMKN-UHFFFAOYSA-N	C13H9ClN2O
COC1=NC2=C(C=CC3=C2N=C(C=C3)Cl)C=C1	117907287	CVPFUEABTVVXGD-UHFFFAOYSA-N	C13H9ClN2O
C1=CC(=CC=C1COC2=CC(=CN=C2)Cl)C#N	64601565	FBTIXFGKEXBKCH-UHFFFAOYSA-N	C13H9ClN2O
C1CC2=C(C=CO2)C3=C1N=C4N3C=CC=C4Cl	103095166	KBYJQUDTYKPWDF-UHFFFAOYSA-N	C13H9ClN2O
CC1=C(C(=O)NC=C1C2=CC=C(C=C2)Cl)C#N	70496315	FEKJDKVYLNRWEX-UHFFFAOYSA-N	C13H9ClN2O
CC1=CC=CC=C1OC2=NC(=CC(=C2)C#N)Cl	83073056	PUCJJMIBGQOGLD-UHFFFAOYSA-N	C13H9ClN2O
C1=CC(=C(N=C1)N)C2=CC3=C(O2)C=CC(=C3)Cl	113623865	BKIWWLRTOLZOPD-UHFFFAOYSA-N	C13H9ClN2O
CC1=NC2=C(O1)C=C(C=N2)C3=CC=CC=C3Cl	117000846	FZTRZKXOURHCCW-UHFFFAOYSA-N	C13H9ClN2O
CC1=NC2=C(O1)C=CC(=N2)C3=CC=CC=C3Cl	117000971	FCLGLWUREIPNGC-UHFFFAOYSA-N	C13H9ClN2O
C1=CC(=CC(=C1)OC2=CN=CC(=C2)CCl)C#N	116063155	FCGRTUFWKUOOCK-UHFFFAOYSA-N	C13H9ClN2O
C1=CC2=C(C=C1N)C3=C(C=C(C=C3)Cl)C(=O)N2	278031	CBDFLCDZPOWADC-UHFFFAOYSA-N	C13H9ClN2O
C1=CC=C2C(=C1)C=CC(=N2)/C(=C(\CCl)/O)/C#N	136663101	FTNAJERBOLRVSE-JLHYYAGUSA-N	C13H9ClN2O
CC1=NC2=C(C=C1)NC3=C(C2=O)C=CC(=C3)Cl	123996941	PYSIVAYRUMCHIT-UHFFFAOYSA-N	C13H9ClN2O
CC1=C2C3=C(C=C1)C(=CC(=O)C3=NC(=N2)C)Cl	12324914	KWBLPTPSHOYQQD-UHFFFAOYSA-N	C13H9ClN2O
CC1=CC=CC=C1C2=NC3=NC=CC(=C3O2)Cl	84704653	PADOKIIXBZUXJD-UHFFFAOYSA-N	C13H9ClN2O
C1=CC(=CC(=C1)Cl)OC2=CC3=C(C=C2)NN=C3	71280518	NULBLHOMVINQCW-UHFFFAOYSA-N	C13H9ClN2O
C1=CN=C(N=C1)C=CC(=O)C2=CC=C(C=C2)Cl	67715528	ONUYYHHUUPMTAZ-UHFFFAOYSA-N	C13H9ClN2O
C1=CC(=CC(=C1)C#N)COC2=C(N=CC=C2)Cl	64433662	KWEWAJCPCULYDO-UHFFFAOYSA-N	C13H9ClN2O
CC1=CC(=O)C(=CN1C2=CC=C(C=C2)Cl)C#N	82422126	OTDWDCABRJHRHP-UHFFFAOYSA-N	C13H9ClN2O
C1=CC=C2C(=C1)C(=NN)C3=C(O2)C(=CC=C3)Cl	86246354	MQUCABBBPOQLLB-UHFFFAOYSA-N	C13H9ClN2O
C1=CC(=CC=C1C#N)OCC2=NC=CC(=C2)Cl	79255017	OVCCPXQHVVZNRW-UHFFFAOYSA-N	C13H9ClN2O
CC(=O)C1=CC2=C(C=C1)NC3=C2C=C(C=N3)Cl	46185149	BXKTUYWHMGIVHB-UHFFFAOYSA-N	C13H9ClN2O
C1C2=CC(=C(C=C2C(=O)N1)C3=CN=CC=C3)Cl	140925402	QKOZKBXXLRJUIQ-UHFFFAOYSA-N	C13H9ClN2O
C1=CC(=C(C=C1C#N)Cl)CN2C=CC(=C2)C=O	102669376	KSJCTXZULJVGRQ-UHFFFAOYSA-N	C13H9ClN2O
C1=CC(=CC(=C1)Cl)OC2=C(C=C(C=C2)C#N)N	43518246	WCMVZMBAUKOGFQ-UHFFFAOYSA-N	C13H9ClN2O
C1=CC2=C(N=C(N2C=C1)C3=CC=C(C=C3)O)Cl	137005619	FZVJEAHIJAPVOU-UHFFFAOYSA-N	C13H9ClN2O
C1C2=C(C=CC(=C2)Cl)OC=C1CC(C#N)C#N	137762671	OVWCWVSLFYFQBO-UHFFFAOYSA-N	C13H9ClN2O
C1=CC=C(C(=C1)C#N)OC2=C(C(=CC=C2)Cl)N	104834949	AKWZUMOVNWXPMD-UHFFFAOYSA-N	C13H9ClN2O
C1=CC(=CC=C1N2C3=C(C=C(C=C3)O)C=N2)Cl	105505223	TVADQBIKDWARJW-UHFFFAOYSA-N	C13H9ClN2O
C1=CC(=CC(=C1)C#N)COC2=NC=CC(=C2)Cl	71302610	LSMGITPAAZWGJL-UHFFFAOYSA-N	C13H9ClN2O
C1=CC(=CC=C1C#N)OC2=NC=C(C=C2)CCl	80629063	ZLPVTYVOAORPIQ-UHFFFAOYSA-N	C13H9ClN2O
C1=CC=C2C(=C1)C=CC=C2C3=NOC(=N3)CCl	17607624	FHIJPPVHGQVQAP-UHFFFAOYSA-N	C13H9ClN2O
C1=CC=C(C(=C1)COC2=NC=C(C=C2)C#N)Cl	24694677	ADFWTSRDDXJSCQ-UHFFFAOYSA-N	C13H9ClN2O
C1=CC2=C(ON=C2C(=C1)Cl)C3=CC=C(C=C3)N	105505256	DUDXBWUJGLKFKP-UHFFFAOYSA-N	C13H9ClN2O
C1CC2=C(C=C(C=N2)Cl)C(=O)C3=C1N=CC=C3	143449539	ZMCVDVWFVVCCFE-UHFFFAOYSA-N	C13H9ClN2O
CC1=CC(=C(C=C1)Cl)OC2=C(C=CC=N2)C#N	17476577	KCWXVCBIYCQRBF-UHFFFAOYSA-N	C13H9ClN2O
C1=CC=NC(=C1)OC2=C(C(=CC=C2)Cl)CC#N	134122761	LFLICJYHPXESFM-UHFFFAOYSA-N	C13H9ClN2O
C1=CC(=C2C(=C1)N=C(O2)C3=CC=C(C=C3)Cl)N	28752269	VLZLMKSCLHPTIE-UHFFFAOYSA-N	C13H9ClN2O
C1=CC=C(C(=C1)N2C3=C(C=C(C=C3)Cl)C=N2)O	105505212	ZCMXMPDIJJYAFY-UHFFFAOYSA-N	C13H9ClN2O
C1=CC=C(C(=C1)C#N)OCC2=CC(=NC=C2)Cl	62046491	UPPOVRZXNXFRBR-UHFFFAOYSA-N	C13H9ClN2O
C=C(C#N)C(C1=CC2=CC=CC=C2N=C1Cl)O	56964418	CXSQRPZDNCNBOC-UHFFFAOYSA-N	C13H9ClN2O
C1=CC2C=C/C(=C(\C#N)/C(=O)CCl)/N=C2C=C1	71651244	OCMMBYIAAUOUBC-BENRWUELSA-N	C13H9ClN2O
C1=CC2=C(C=C1N)/C(=N/O)/C3=C2C=CC(=C3)Cl	5380855	UMPLPNSTPRVGNE-DTQAZKPQSA-N	C13H9ClN2O
C1=CC=C(C(=C1)COC2=C(N=CC=C2)C#N)Cl	81596213	FDGGKFXRTMDOAC-UHFFFAOYSA-N	C13H9ClN2O
CN1C(=CC=C(C1=O)C#N)C2=CC=C(C=C2)Cl	1488322	IWXSTGCZEMQTGC-UHFFFAOYSA-N	C13H9ClN2O
C#CCNC(=O)C1=CC(=NC2=CC=CC=C21)Cl	18284984	GOMDZXJGLBJEIC-UHFFFAOYSA-N	C13H9ClN2O
C1=CC=C(C(=C1)C2=CN=C3N2C=CC=C3O)Cl	105505211	HDTZCHLWYDNFEP-UHFFFAOYSA-N	C13H9ClN2O
CN1C(=O)C(=C(C=N1)C#CC2=CC=CC=C2)Cl	11172615	GNYAOHMKGKILQM-UHFFFAOYSA-N	C13H9ClN2O
C1=CC=C(C(=C1)C2=CN3C(=O)C=CC=C3N2)Cl	117133093	DAOJXZWFCRYYQR-UHFFFAOYSA-N	C13H9ClN2O
C1=CC=C2C(=C1)C3=C(N2)C(=NC=C3)C(=O)CCl	21955117	LJNICHLVHKGLLT-UHFFFAOYSA-N	C13H9ClN2O
C1=CC2=C(C=C1N)C(=O)C3=CC(=C(C=C23)Cl)N	251983	ABNRDGNCDFAXHA-UHFFFAOYSA-N	C13H9ClN2O
C1=CC(=CC(=C1)Cl)C2=NOC3=C2C=C(C=C3)N	105505244	YTTGHFPXIVBDIA-UHFFFAOYSA-N	C13H9ClN2O
C1=CC(=CC=C1OC2=NC=C(C=C2)CC#N)Cl	90131312	HQMSRQLPMGKISG-UHFFFAOYSA-N	C13H9ClN2O
CC1=NC(=C(C=C1)C#N)OC2=CC(=CC=C2)Cl	61654153	DFVBIXJTDTYTID-UHFFFAOYSA-N	C13H9ClN2O
C1=CC(=CC(=C1)OC2=C(C=CC(=C2)Cl)C#N)N	63082782	DLFWHISKYLNILS-UHFFFAOYSA-N	C13H9ClN2O
C1=CC=C(C=C1)C(=O)C2=CC=C(C=C2)[N+]#N.[Cl-]	13527193	YBCJACKEWXMCOG-UHFFFAOYSA-M	C13H9ClN2O
C1=CC=C2C(=C1)C=CC=C2C3=NC(=NO3)CCl	12580347	GLJOAFGLVBNBPH-UHFFFAOYSA-N	C13H9ClN2O
COC1=CC=C(C=C1)/C(=C/C=C(C#N)C#N)/Cl	5708665	YYKNVXUKXSZHTQ-QPEQYQDCSA-N	C13H9ClN2O
C1=CC2=C(C(=C1)O)C(=NN2)C3=CC=C(C=C3)Cl	136918059	NDJWDERAPBIWRB-UHFFFAOYSA-N	C13H9ClN2O
COC1=C(C=C(C=C1)C2=NC=C(C=C2)C#N)Cl	82118182	RRSZCSXSBGVLQN-UHFFFAOYSA-N	C13H9ClN2O
C1=CC=C(C(=C1)OC2=CC(=C(C=C2)N)C#N)Cl	113324070	NJCXPALWEBTZNI-UHFFFAOYSA-N	C13H9ClN2O
C1=CC=C(C=C1)OCC2=C(N=C(C=C2)Cl)C#N	23092614	IADWATKANKBQCG-UHFFFAOYSA-N	C13H9ClN2O
C1=CC(=C(C(=C1)Cl)C#N)OCC2=CC=NC=C2	113277257	MSELUWLEWMPKJO-UHFFFAOYSA-N	C13H9ClN2O
C1=CC=C2C(=C1)N=C(O2)C3=C(C=CC(=C3)Cl)N	10933745	HEIPBIUWPIUSSP-UHFFFAOYSA-N	C13H9ClN2O
CC1=CNC(=O)C=C1C2=C(C=CC(=C2)Cl)C#N	118981547	FLXGPYPCZFLPOI-UHFFFAOYSA-N	C13H9ClN2O
C1=CC(=CC(=C1)O)C2=NC=C3N2C(=CC=C3)Cl	117142200	AQJGBIPIRRAXTO-UHFFFAOYSA-N	C13H9ClN2O
C1=CC(=CC=C1C2=CC3=NOC=C3C=C2Cl)N	147907966	IFOHWXNIUDWZCH-UHFFFAOYSA-N	C13H9ClN2O
C1=CC=C(C(=C1)COC2=CN=C(C=C2)C#N)Cl	115487832	HMHHUYAAGHNDHL-UHFFFAOYSA-N	C13H9ClN2O
C1=CC=C(C=C1)/C=C/C(=O)C2=NC=CN=C2Cl	102498441	DTHUTVFISKRNFS-VOTSOKGWSA-N	C13H9ClN2O
COC1=CC=C(C=C1)C#CC2=CN=C(C=N2)Cl	19983953	BZYXOCQVHSWEAQ-UHFFFAOYSA-N	C13H9ClN2O
C1=CC2=C(C=C1N)/C(=N\O)/C3=C2C=CC(=C3)Cl	9562192	UMPLPNSTPRVGNE-SSZFMOIBSA-N	C13H9ClN2O
CC1=CC=C(C=C1)C2=NC3=C(O2)C=C(C=N3)Cl	84704657	BDYTZANJWFULID-UHFFFAOYSA-N	C13H9ClN2O
C1=CC=C2C(=C1)C=CC(=N2)C(C#N)C(=O)CCl	12295586	ZVPBMAAAUXDXKE-UHFFFAOYSA-N	C13H9ClN2O
C1=CC=C(C(=C1)C2=NC3=C(N2)C=CC=C3Cl)O	136118933	BFXLXZXQLKXFKN-UHFFFAOYSA-N	C13H9ClN2O
CC1=CC(=CC=C1)OC2=C(C(=NC=C2)Cl)C#N	140118286	KJPYRQRZVTXNQE-UHFFFAOYSA-N	C13H9ClN2O
CC1=CC2=C(C=C1)OC(=C2)C3=NC=CN=C3Cl	114734102	SYLIUYJEEMZSTL-UHFFFAOYSA-N	C13H9ClN2O
C1=CC2=C(N=C(N2C=C1)C3=CC(=CC=C3)O)Cl	117250718	VNRRKKOFLNSQPO-UHFFFAOYSA-N	C13H9ClN2O
C1=CC=C2C(=C1)C(=O)NC3=C(N2)C=C(C=C3)Cl	21539232	GBYOLOVLJOLLLR-UHFFFAOYSA-N	C13H9ClN2O
C1=CC=C(C(=C1)C#N)OCC2=C(N=CC=C2)Cl	62471023	ORZNQDZJIKMQRG-UHFFFAOYSA-N	C13H9ClN2O
C1=CC=C(C(=C1)C2=C3C=C(C=CC3=NO2)Cl)N	105505260	DEURYXIFPIEDMB-UHFFFAOYSA-N	C13H9ClN2O
C1C2=CC=CC=C2C(=O)[C@@]1(C[C@H](C#N)Cl)C#N	102179144	SJULVJJUCVBSAQ-MFKMUULPSA-N	C13H9ClN2O
C1=CC2=C(C=CC(=C2N=C1)C(=O)CCC#N)Cl	112618103	SBZHORUCXPJCDI-UHFFFAOYSA-N	C13H9ClN2O
C1=CC=C2C(=C1)C(=O)/C(=C\C3=CC=C(N3)Cl)/N2	45118174	PCXBAHVXZVMLBE-YRNVUSSQSA-N	C13H9ClN2O
C1=CC(=CC=C1OC2=CC(=C(C=C2)N)C#N)Cl	21824851	SRWGVUCUYFWUGZ-UHFFFAOYSA-N	C13H9ClN2O
C1=CC=C(C=C1)COC2=NC(=CC(=C2)C#N)Cl	21471067	DCRFOFSGAZQBFJ-UHFFFAOYSA-N	C13H9ClN2O
C1=CC(=CC(=C1)Cl)C2=NC3=C(N2)C=C(C=C3)O	81431333	QTXNLUQDUTWQDP-UHFFFAOYSA-N	C13H9ClN2O
C1=CC(=CC=C1CC2=C(C(=O)NC=C2)C#N)Cl	70495829	DNQCPIKMNGCVIV-UHFFFAOYSA-N	C13H9ClN2O
C1=CC2=CN=C(N2C(=C1)Cl)C3=CC=C(C=C3)O	137006578	LPHQTVPZLSUCPD-UHFFFAOYSA-N	C13H9ClN2O
C1=CC(=CC=C1CC#N)OC2=CC(=NC=C2)Cl	63776511	IVEGKPZABOUZPR-UHFFFAOYSA-N	C13H9ClN2O
C1=CC=C(C=C1)COC2=NC=CC(=C2Cl)C#N	107058730	MEYCTKJDWGXFGD-UHFFFAOYSA-N	C13H9ClN2O
C1=CC=C(C=C1)C(C2=NC3=C(O2)C=CC=N3)Cl	104257990	CRWBMNHJWYFMRL-UHFFFAOYSA-N	C13H9ClN2O
CC1=C(N2C=CC3=C(C2=N1)C=CC(=C3)Cl)C=O	115045410	RJBLRUIUSZCMDI-UHFFFAOYSA-N	C13H9ClN2O
C1=CC=C2C(=C1)C(=NO2)NC3=CC(=CC=C3)Cl	53373690	POBFJKRBZRTKLS-UHFFFAOYSA-N	C13H9ClN2O
C1=CC=C(C(=C1)COC2=C(N=CC=C2)Cl)C#N	60324937	HIBQYKXSQFLARZ-UHFFFAOYSA-N	C13H9ClN2O
C1=CC(=CC=C1CN2C=C(C=CC2=O)Cl)C#N	82150654	CUCPMSJNWJCXCD-UHFFFAOYSA-N	C13H9ClN2O
C1=CC(=CC=C1C#N)OC2=C(C=CC(=C2)N)Cl	64009794	OAIUZABRMITKPV-UHFFFAOYSA-N	C13H9ClN2O
C1=CC2=C(C(=C1)N)NC3=C(C2=O)C=CC=C3Cl	16740456	DBLGQYKZJAGWQA-UHFFFAOYSA-N	C13H9ClN2O
C#CCOC1=CC=CC=C1C2=NC=C(C=N2)Cl	15748933	GRLCDDYDBHJONM-UHFFFAOYSA-N	C13H9ClN2O
C1=CC(=CC=C1COC2=CC(=NC=C2)C#N)Cl	65126016	VVURJETUSMTTSB-UHFFFAOYSA-N	C13H9ClN2O
C1CC1N2C=C(C(=O)C3=C2C=C(C=C3)Cl)C#N	13630725	KKLQSWBHUHTJOI-UHFFFAOYSA-N	C13H9ClN2O
CC1=CC=CC=C1C2=CC3=NC(=CN=C3O2)Cl	135037957	DLTZTGJLOPSOKW-UHFFFAOYSA-N	C13H9ClN2O
C1=CC(=CC=C1C2=CN3C=CC(=CC3=N2)Cl)O	83526196	UQPHOCOAOWMSEC-UHFFFAOYSA-N	C13H9ClN2O
C1=CC(=NC(=C1)N)C2=CC3=C(O2)C=CC(=C3)Cl	114731902	USDXPTOZLGLTPC-UHFFFAOYSA-N	C13H9ClN2O
C1=CC=C2C(=C1)C(=O)N(N2)C3=CC=CC=C3Cl	12565791	QJAGPZGSIJVYAJ-UHFFFAOYSA-N	C13H9ClN2O
CC1=C(C=CC=N1)OC2=C(C=CC(=C2)Cl)C#N	80093096	POSGNIFGIJKVGK-UHFFFAOYSA-N	C13H9ClN2O
CC1=C(C=C(C=C1)C2=NC3=C(O2)C=CC=N3)Cl	73254665	IIEPRVGBUCWPPF-UHFFFAOYSA-N	C13H9ClN2O
C1=CC=C2C(=C1)N=C(O2)C3=C(C=C(C=C3)N)Cl	4772726	JAACPXRPBNORHZ-UHFFFAOYSA-N	C13H9ClN2O
CC1=CC(=O)C(=CN1C2=CC(=CC=C2)Cl)C#N	17966025	MHVYAPBQATYMIY-UHFFFAOYSA-N	C13H9ClN2O
C1=CC2=C(C=C1Cl)C=C(O2)C3=NC=C(C=C3)N	113623868	BLLDFIAELMDSKM-UHFFFAOYSA-N	C13H9ClN2O
C1=CC(=CC(=C1)Cl)NC2=NC=CC3=C2C=CO3	25096012	QLYMHNFNFSMMHX-UHFFFAOYSA-N	C13H9ClN2O
C1=CC=C(C(=C1)OC2=CC(=C(C=C2)C#N)N)Cl	80029227	WESQWILAJMKAPZ-UHFFFAOYSA-N	C13H9ClN2O
COC1=NC=CC(=C1)C2=C(C=CC(=C2)Cl)C#N	118981667	SUJCLOQJANVVJO-UHFFFAOYSA-N	C13H9ClN2O
CC1=CC=CC=C1N2C=CC(=C(C2=O)C#N)Cl	117770476	JUZZCHJVJCNCHB-UHFFFAOYSA-N	C13H9ClN2O
C1=CC(=C(N=C1)C#N)COC2=CC=C(C=C2)Cl	10399594	SONXODFYCDNJEO-UHFFFAOYSA-N	C13H9ClN2O
CC1=CC(=CC=C1)C2=NC3=C(O2)N=C(C=C3)Cl	84704649	YRDTYZKXOGWVTC-UHFFFAOYSA-N	C13H9ClN2O
CC1=NC=C(C=C1)OC2=C(C=C(C=C2)Cl)C#N	62493069	GKWNXWJRYHCHNZ-UHFFFAOYSA-N	C13H9ClN2O
C1=CC=C(C(=C1)N)OC2=C(C=C(C=C2)C#N)Cl	55219014	VAFPSMXJIVCMJG-UHFFFAOYSA-N	C13H9ClN2O
C1=CC(=CC=C1C2=NC=C3N2C=C(C=C3)Cl)O	137006545	CBPVTMSZDWJQEL-UHFFFAOYSA-N	C13H9ClN2O
C1=CC=C(C(=C1)C2=NC=C3N2C=C(C=C3)O)Cl	117139838	PUCZCQUNZORGBZ-UHFFFAOYSA-N	C13H9ClN2O
C1=CC(=CC(=C1)Cl)OCC2=C(N=CC=C2)C#N	15280223	JXXCVAHVUUALHN-UHFFFAOYSA-N	C13H9ClN2O
C1=CC(=CC(=C1)Cl)N2C3=C(C=CC(=C3)O)C=N2	136918057	WJJKAVFSWAFHGA-UHFFFAOYSA-N	C13H9ClN2O
C1CC2=C(C1)N=C(C(=C2C3=CC=CO3)C#N)Cl	82085615	QGZGNLNALBZBGU-UHFFFAOYSA-N	C13H9ClN2O
C1=CC2=NC=CN2C(=C1)C3=CC(=C(C=C3)Cl)O	102627401	DMEUHMSVVJHMKY-UHFFFAOYSA-N	C13H9ClN2O
C1=CC(=CC(=C1)O)C2=NC=C3N2C=CC(=C3)Cl	117144694	ASTMDXLUQYUVSH-UHFFFAOYSA-N	C13H9ClN2O
CC1=C(C=CC(=C1)OC2=NC=C(C=C2)C#N)Cl	25993309	VRZOJHMVODTQJB-UHFFFAOYSA-N	C13H9ClN2O
CC1=CC(=O)C(=CN1C2=CC=CC=C2Cl)C#N	82422201	AQLWSJXOSXOFCC-UHFFFAOYSA-N	C13H9ClN2O
C1=CC=C2C3N=CC(=CN3C=CC2=C1)C(=O)Cl	53744384	CWVOCLVDAZWSEE-UHFFFAOYSA-N	C13H9ClN2O
C1=CC(=CC=C1C2=C3C=C(C=CC3=NO2)Cl)N	11977260	SJQPRHPXPGODEZ-UHFFFAOYSA-N	C13H9ClN2O
C1=CC=C(C=C1)N2C3=C(C(=CC=C3)Cl)NC2=O	117206798	GQQNFDUOUARAPD-UHFFFAOYSA-N	C13H9ClN2O
CC1=C(C=C(C(=O)N1)C#N)C2=CC=C(C=C2)Cl	67884242	KRQAHVWRMLYKRW-UHFFFAOYSA-N	C13H9ClN2O
C1=CC(=CC(=C1)N)C2=NC3=C(O2)C=CC(=C3)Cl	721056	QZWFTMFERGNVLX-UHFFFAOYSA-N	C13H9ClN2O
C1=CC(=CC(=C1)O)C2=NC3=C(N2)C=C(C=C3)Cl	17817540	OVYCSELFYJORLS-UHFFFAOYSA-N	C13H9ClN2O
C1=CC(=CC(=C1)O)C2=NC3=C(N2)C=CC=C3Cl	60786435	NOCUWXSMTXGWGB-UHFFFAOYSA-N	C13H9ClN2O
C1CC1C2=NN(C3=C2C(=O)C4=CC=CC=C43)Cl	154160958	MRPDEPQPVZDKCF-UHFFFAOYSA-N	C13H9ClN2O
C1=CC=C(C=C1)OC2(C=CC3=CN=NC3=C2)Cl	154002800	FKBZPYTUQPNGOS-UHFFFAOYSA-N	C13H9ClN2O
C1=CC2=C(C(=C1)Cl)OC(=C2)C3=NC=CC(=C3)N	113623908	OLSLTGQSAZCDMB-UHFFFAOYSA-N	C13H9ClN2O
C1=CC=C(C=C1)C(=O)C2=CC=CC=C2[N+]#N.[Cl-]	139236390	YKFZKPDMXQUQDG-UHFFFAOYSA-M	C13H9ClN2O
CC1=CC2=C(C=C1)OC3=C(C=CC=N3)C(=N2)Cl	10263889	OOTCQMTXRKYPCE-UHFFFAOYSA-N	C13H9ClN2O
CC1=CC(=C(C=C1)Cl)C2=CC3=C(N3N=O)C=C2	146580076	FHAIOBYLSADUOW-UHFFFAOYSA-N	C13H9ClN2O
C1=CC(=CC=C1C2=NOC3=C2C=C(C=C3)N)Cl	105505245	IHMHHWFBBAXLIB-UHFFFAOYSA-N	C13H9ClN2O
C1=CC=C2C(=C1)[14C](=O)NC3=C(N2)C=CC(=C3)Cl	10060506	YVWNDABPZGGQFE-ALWQSETLSA-N	C13H9ClN2O
C1=CC=C2C(=C1)NC(=O)N2C3=CC=CC=C3Cl	82085623	COZOAUOHJZZREI-UHFFFAOYSA-N	C13H9ClN2O
CC1=CC2=C(N=C1)OC(=N2)C3=CC=CC=C3Cl	82337865	VCWMFYNSKRUJOH-UHFFFAOYSA-N	C13H9ClN2O
CC1=CC(=C(C(=O)N1)C#N)C2=CC(=CC=C2)Cl	82085617	ZFRAZORUNKIITH-UHFFFAOYSA-N	C13H9ClN2O
C1=CC(=CC(=C1)O)C2=NC=C3N2C=CC=C3Cl	117147142	DFQDBTRBKGMSHC-UHFFFAOYSA-N	C13H9ClN2O
C1=CC=C2C(=C1)C(=O)NN2C3=CC(=CC=C3)Cl	132510849	NWCCLFZULFCMHU-UHFFFAOYSA-N	C13H9ClN2O
C1=CC=C2C(=C1)C(=O)N=C3C=CC=CC3=N2.Cl	73885139	BPWFIMBFROXJMW-UHFFFAOYSA-N	C13H9ClN2O
C1=CC(=CC(=C1)OC2=CC(=C(C=C2)C#N)Cl)N	62945217	UTCXIVPTVNPTMT-UHFFFAOYSA-N	C13H9ClN2O
CC1=NC2=C(O1)C=C(C=N2)C3=CC(=CC=C3)Cl	117000847	JCLYJRSTDYDENH-UHFFFAOYSA-N	C13H9ClN2O
C1CC(=O)C2=NC(=NC=C21)C3=CC=C(C=C3)Cl	83899907	OQXBOLLZKGYYJP-UHFFFAOYSA-N	C13H9ClN2O
C1=CC2=C(N(N=C2C=C1)C3=CC=C(C=C3)O)Cl	11172616	RHTYLNDFEDGXEM-UHFFFAOYSA-N	C13H9ClN2O
C1=CC2=C(C(=C1)Cl)OC(=C2)C3=C(N=CC=C3)N	114732002	OAHLMBUCXKNXGC-UHFFFAOYSA-N	C13H9ClN2O
CC1=C(C=CC(=N1)C#N)OC2=CC=C(C=C2)Cl	152124106	VFVRJMPDCJLBBE-UHFFFAOYSA-N	C13H9ClN2O
C1=CC=C(C(=C1)N2C3=C(C=CC=C3Cl)C=N2)O	105505218	JWPWFXILIAJCTN-UHFFFAOYSA-N	C13H9ClN2O
C1=CC(=CC=C1N)OC2=CC(=C(C=C2)C#N)Cl	62945049	HSVZDVOYLDFQFU-UHFFFAOYSA-N	C13H9ClN2O
C1=CC=C(C=C1)OC=C=CC2=NC(=NC=C2)Cl	102468340	MLRYLDYVOSDQNN-UHFFFAOYSA-N	C13H9ClN2O
C1=CC(=CC(=C1)OC2=C(C=C(C=C2)Cl)C#N)N	62494025	NBXZMSHAXAUWLX-UHFFFAOYSA-N	C13H9ClN2O
C1=CN(C(=C1)C=O)CC2=C(C=C(C=C2)C#N)Cl	102669375	ACKDPOILUREJOZ-UHFFFAOYSA-N	C13H9ClN2O
CC1=CC2=C(N=C1)OC(=N2)C3=CC(=CC=C3)Cl	82337866	GMJAFNGSVDYUST-UHFFFAOYSA-N	C13H9ClN2O
CC1=C(C(=O)N(C1=C)C2=CC(=CC=C2)Cl)C#N	52941207	JUKOAPCWWOOOSX-UHFFFAOYSA-N	C13H9ClN2O
C1/C(=C\N2C=CN=C2)/C(=O)C3=C1C(=CC=C3)Cl	23346382	MSGXQSMLCWHAES-VQHVLOKHSA-N	C13H9ClN2O
C1=CC=C2C(=C1)C(=C3C=CC(=C(C3=N2)Cl)O)N	135818226	NKXLOZVDECODOD-UHFFFAOYSA-N	C13H9ClN2O
C1=CC2=NC=CN2C(=C1)C3=C(C=CC(=C3)Cl)O	136508801	DENCHKUGWKUKOR-UHFFFAOYSA-N	C13H9ClN2O
C1CC1OC2=C(C=C3C=CN=C(C3=C2)Cl)C#N	118414456	ZVDQIJUOPUEMQF-UHFFFAOYSA-N	C13H9ClN2O
CC1=C(C=C(C=C1)Cl)OC2=CN=C(C=C2)C#N	115488006	ZEJJXAKNCLFGAD-UHFFFAOYSA-N	C13H9ClN2O
C1=CC=C(C(=C1)C2=NC=C3N2C=C(C=C3)Cl)O	137006535	WQUWNFUFMPGLEJ-UHFFFAOYSA-N	C13H9ClN2O
C1=CC=C2C(=C1)C(=CO2)C3=NC(=NC=C3)CCl	116899302	OTMSVKSJHSFIME-UHFFFAOYSA-N	C13H9ClN2O
COC1=C(C(=CC=C1)Cl)C2=NC=C(C=C2)C#N	56704384	BJFCCJZAHDPMDM-UHFFFAOYSA-N	C13H9ClN2O
C1C(CO1)(C#N)C2=CC3=CC=CC=C3N=C2Cl	116985261	BWIXQHRYTMFNRF-UHFFFAOYSA-N	C13H9ClN2O
C=CCOC1=C(C=C(C=C1)C=C(C#N)C#N)Cl	137763641	CSBBYSORUTUXSO-UHFFFAOYSA-N	C13H9ClN2O
C1=CC=C(C=C1)C2=C(N3C=CC(=CC3=N2)Cl)O	71219629	FVVJOUSJFSUDCT-UHFFFAOYSA-N	C13H9ClN2O
C1=CC2=C(C=C1Cl)C=C(O2)C3=C(C=NC=C3)N	114731897	FWVDONLXZYQJSR-UHFFFAOYSA-N	C13H9ClN2O
C1=CC=C(C=C1)C2=NC3=C(N2O)C=CC=C3Cl	124908465	PJKXBOXAOHACOJ-UHFFFAOYSA-N	C13H9ClN2O
COC1=CN=C(C=C1C#N)C2=CC=CC=C2Cl	117525781	WWJPFIJWPPBVFQ-UHFFFAOYSA-N	C13H9ClN2O
C1=CC=C(C(=C1)C2=NC3=CC=CC=C3N2O)Cl	3633777	QCPNESSCFJPWPD-UHFFFAOYSA-N	C13H9ClN2O
CC1=NOC2=C1N=C(C=C2Cl)C3=CC=CC=C3	21889799	YMFSEHYHSGHTHH-UHFFFAOYSA-N	C13H9ClN2O
CC1=CC2=NC3=CC=CC=C3C(=C2C(=O)N1)Cl	125468117	YUGRDCVDLIMMAC-UHFFFAOYSA-N	C13H9ClN2O
COC1=CC2=CC(=C(N=C2C=C1)Cl)C(=C)C#N	142778229	XNINTVRYRDBGEE-UHFFFAOYSA-N	C13H9ClN2O
C1=CC=C(C=C1)N2C3=C(C=CC(=C3)Cl)NC2=O	108653	UCBSMOSFCAQPAI-UHFFFAOYSA-N	C13H9ClN2O
CC1=C(C(=NC=C1)OC2=CC=CC=C2Cl)C#N	81730573	AHRNQFMAVXXFNT-UHFFFAOYSA-N	C13H9ClN2O
C1=CC=C2C(=C1)NC3=C(C=C(C=C3)Cl)C(=O)N2	10657978	DJOORGSPIHHCOG-UHFFFAOYSA-N	C13H9ClN2O
CC1=CC2=C(C=C1)OC(=C2)C3=NC=NC=C3Cl	105371620	WRSMVIMVBYJZKQ-UHFFFAOYSA-N	C13H9ClN2O
C1=CC=C(C=C1)N=NC(=O)C2=CC=C(C=C2)Cl	24824566	VYNQSNLQQLINBG-UHFFFAOYSA-N	C13H9ClN2O
C1=CC(=CC=C1CC2=NC3=C(O2)C=CN=C3)Cl	91684415	GECCFLWLBYLJOD-UHFFFAOYSA-N	C13H9ClN2O
C1=CC(=CC(=C1)Cl)COC2=CC(=NC=C2)C#N	65126400	HKSOLAOEECRQPI-UHFFFAOYSA-N	C13H9ClN2O
CC1=C(C=CC(=C1)Cl)OC2=CC(=NC=C2)C#N	62937097	MPMSLEPLYZCYRB-UHFFFAOYSA-N	C13H9ClN2O
C1=CC=C2C(=C1)N=C(O2)C3=C(C=CC(=C3)N)Cl	721037	ZSFXYTRJAYXWPQ-UHFFFAOYSA-N	C13H9ClN2O
C1CC(=CC=C1C2=CC(=CC(=C2)C#N)Cl)N=O	152948797	UOGZXFRLBRTFSK-UHFFFAOYSA-N	C13H9ClN2O
C1=CNC(=C1)/C=C\2/C3=C(C=CC(=C3)Cl)NC2=O	10562306	SYFAEBVHHBJQER-XFFZJAGNSA-N	C13H9ClN2O
C1=CC2=C(C(=C1)N)C(=O)NC3=C2C(=CC=C3)Cl	9881328	YGXOPCNGRHJPRL-UHFFFAOYSA-N	C13H9ClN2O
CC1=CC(=NC(=N1)C2=COC3=CC=CC=C32)Cl	81954488	NCKVFQSUWHJOOC-UHFFFAOYSA-N	C13H9ClN2O
C1=CC2=C(C(=C1)Cl)OC(=C2)C3=C(C=NC=C3)N	113623912	APUOHYSXOSSOAA-UHFFFAOYSA-N	C13H9ClN2O
C1=CC(=CC(=C1)Cl)C2=NNC3=C2C=CC(=C3)O	136918060	VYBLPGWMQIQPLB-UHFFFAOYSA-N	C13H9ClN2O
C1=CC(=C2C(=C1)OC(=N2)C3=CC=C(C=C3)Cl)N	70701182	QZWOHGHCINIPEA-UHFFFAOYSA-N	C13H9ClN2O
C1=CC=C(C(=C1)C2C=CC3=NC(=O)NC3=C2)Cl	155295235	PYAAXDRETNMCKE-UHFFFAOYSA-N	C13H9ClN2O
C1=CC=C(C=C1)C#CCN2C=CN=C(C2=O)Cl	114561785	KOKICTDIHBNADK-UHFFFAOYSA-N	C13H9ClN2O
CC1=CC(=NC(=N1)C2=CC3=CC=CC=C3O2)Cl	43557799	ZIHBLQLPGRSEOB-UHFFFAOYSA-N	C13H9ClN2O
CC1=CC(=CO1)/C(=C(/C#N)\C2=CC=NC=C2)/Cl	114821547	YUVDMENMAZQDMW-OUKQBFOZSA-N	C13H9ClN2O
CN1C2=C(C=CC3=CC=CC=C32)C(=N1)C(=O)Cl	88256631	BLHKECGEPUSXNF-UHFFFAOYSA-N	C13H9ClN2O
C1=CC(=CC(=C1)Cl)C2=CN3C=CC=C3C(=O)N2	71765384	MSPDXZPBLLSYOU-UHFFFAOYSA-N	C13H9ClN2O
C1=CC=NC(=C1)COC2=C(C=CC(=C2)Cl)C#N	80708655	LTLZGPVAKGZSHJ-UHFFFAOYSA-N	C13H9ClN2O
CC(=O)C1=CN2C(=N1)C=CC3=C2C(=CC=C3)Cl	115045431	GWJZZHYFLZGDOY-UHFFFAOYSA-N	C13H9ClN2O
C1C2=C(C=CN=C2NC1=O)C3=CC=C(C=C3)Cl	67796399	XCXUQTOGJDETLT-UHFFFAOYSA-N	C13H9ClN2O
CN1C2=C(C=C(C=C2)Cl)C3=C1N=C(C=C3)C=O	135059917	NCMGAKOWTRFYKQ-UHFFFAOYSA-N	C13H9ClN2O
C1=CC2=CN=C(N2C(=C1)O)C3=CC=C(C=C3)Cl	117142295	DFYSGXGGJHBHMN-UHFFFAOYSA-N	C13H9ClN2O
C1=CC(=CC=C1COC2=CN=C(C=C2)C#N)Cl	115488002	VMBOQPBYACSEHF-UHFFFAOYSA-N	C13H9ClN2O
C1=CC=C(C(=C1)C2C3=C(C=C(C=C3)Cl)N=N2)O	21829161	SOPSYRWURSWSMC-UHFFFAOYSA-N	C13H9ClN2O
C1=CC2=C(C=C1C3=C(C=CC(=C3)Cl)O)NC=N2	89544109	RVXHMQHRVJBXTJ-UHFFFAOYSA-N	C13H9ClN2O
COC1=CC=C(C=C1)C2=C(N=CC(=C2)C#N)Cl	86588577	PJULUGIKVCAAEL-UHFFFAOYSA-N	C13H9ClN2O
C1=COC(=C1)C2=NC=C(N2)C3=CC=C(C=C3)Cl	99963169	ZQVSVFIQCVWLSD-UHFFFAOYSA-N	C13H9ClN2O
CC1=CC=C(C=C1)C2=COC3=C2C(=NC=N3)Cl	89219390	QAWSAPZTIWPAAH-UHFFFAOYSA-N	C13H9ClN2O
C1=CC=C(C=C1)OCC2=CC(=C(N=C2)C#N)Cl	68008447	VPNQVLLMEDXWMO-UHFFFAOYSA-N	C13H9ClN2O
CC1=NC2=C(O1)C=C(C=N2)C3=CC=C(C=C3)Cl	117000848	SUYVTCHLVZCRIQ-UHFFFAOYSA-N	C13H9ClN2O
C1=CC(=CC=C1N)OC2=C(C=CC(=C2)Cl)C#N	63082608	HKCOAFVZYWYTAK-UHFFFAOYSA-N	C13H9ClN2O
C1=CC(=CC=C1N2C=C3C=C(C=CC3=N2)Cl)O	68156787	YJVTUUPVROXHPT-UHFFFAOYSA-N	C13H9ClN2O
C1=CC(=CC(=C1)OC2=C(C=C(C=C2)N)Cl)C#N	28401833	JGTDOENQWPUSNV-UHFFFAOYSA-N	C13H9ClN2O
C1=CC(=CC=C1C2=CC3=C(C=C2)OC(=N3)N)Cl	118519795	WDSDNJDKKUHZPL-UHFFFAOYSA-N	C13H9ClN2O
CC1=CC(=C(N=C1)C2=CC=CC=C2Cl)N=C=O	83919579	CBQLLJYYZZJXEB-UHFFFAOYSA-N	C13H9ClN2O
C1=CC2=NC=C(C=C2C=C1CC3=CN=CO3)Cl	135354750	MLEWRNQVPYFLGC-UHFFFAOYSA-N	C13H9ClN2O
CC1=C2C(=CC=C1)C=C(O2)C3=CN=CN=C3Cl	105371622	QGWTXKBNFCRTKA-UHFFFAOYSA-N	C13H9ClN2O
C1=CC=C(C(=C1)C2=NNC3=C2C(=CC=C3)O)Cl	136270105	CPAONUPYGIKJPK-UHFFFAOYSA-N	C13H9ClN2O
CC1=CC(=CC=C1)OC2=NC=CC(=C2Cl)C#N	107058838	LEXDXEIEKLTIJI-UHFFFAOYSA-N	C13H9ClN2O
CC1=NC=C(C=C1)OC2=CC(=C(C=C2)C#N)Cl	62948675	GSFDSTDSROALFE-UHFFFAOYSA-N	C13H9ClN2O
C1=CC(=CN=C1)OC2=C(C=C(C=C2)CCl)C#N	108287944	MWERHRXOVIKHNI-UHFFFAOYSA-N	C13H9ClN2O
C1=CC=C2C=C(C=CC2=C1)N3C=CC(=N3)OCl	151392930	OUVCXBQTLWGCQZ-UHFFFAOYSA-N	C13H9ClN2O
CC1=C2C(=CC=C1)C=C(O2)C3=NC=CN=C3Cl	114734151	CHBBYWKUBFAQNF-UHFFFAOYSA-N	C13H9ClN2O
CC1=C2C(=CC(=N1)C(=O)Cl)C3=CC=CC=C3N2	95911036	SMULECAHECZORX-UHFFFAOYSA-N	C13H9ClN2O
CC1=C(NC(=O)C(=C1)C#N)C2=CC=C(C=C2)Cl	61658560	HNICVDXTGAPYNJ-UHFFFAOYSA-N	C13H9ClN2O
C1=CC=C2C(=C1)C=CC=C2C3=C(OC(=N3)N)Cl	12425143	MEABEFOAABOARC-UHFFFAOYSA-N	C13H9ClN2O
C1=CC(=CC(=C1)Cl)COC2=C(C=CC=N2)C#N	65126206	CRSVCFZIVZUSQU-UHFFFAOYSA-N	C13H9ClN2O
C1C2=C(C=NC=C2)C(=O)N1C3=CC=CC=C3Cl	20930715	UNZLBNXOMFYQGB-UHFFFAOYSA-N	C13H9ClN2O
C1=CC=C2C(=C1)NC(=N2)C3=C(C=C(C=C3)Cl)O	135665565	IDTBILCGHPPVER-UHFFFAOYSA-N	C13H9ClN2O
CC(=O)N1C2=C(C3=C1N=CC=C3)C(=CC=C2)Cl	12588344	DUVLKXJEAOAWGB-UHFFFAOYSA-N	C13H9ClN2O
C1=CN(C(=O)C(=C1)C#N)CC2=CC=C(C=C2)Cl	15767196	HHZGGAZIGVQTTQ-UHFFFAOYSA-N	C13H9ClN2O
CC1=C(C=C(C=C1)Cl)OC2=CC=CC(=N2)C#N	65656769	XFWOXGYFNDPQAY-UHFFFAOYSA-N	C13H9ClN2O
C1=CC=C2C(=C1)N=C(O2)C3=CC(=C(C=C3)Cl)N	736247	OQKDQHJUUGMNCC-UHFFFAOYSA-N	C13H9ClN2O
CN1C=CC(=C(C1=O)C#N)C2=CC(=CC=C2)Cl	82118171	XDYCWONRXDRAQD-UHFFFAOYSA-N	C13H9ClN2O
[2H]C1=CC=C(C=C1C2=CC(=C(N=C2)C#N)OC)Cl	142369375	LQXLPTXROAPSNP-WFVSFCRTSA-N	C13H9ClN2O
COC1=CC=C(C=C1)/C(=C\C=C(C#N)C#N)/Cl	92908705	YYKNVXUKXSZHTQ-NTUHNPAUSA-N	C13H9ClN2O
COC1=C(C=C(C=C1)C#N)C2=NC=CC(=C2)Cl	106951447	KRHJCJCSNIPYHG-UHFFFAOYSA-N	C13H9ClN2O
CC1=C(C(=O)NC(=C1)C2=CC=C(C=C2)Cl)C#N	5020140	QLPLXCVOLQXNHH-UHFFFAOYSA-N	C13H9ClN2O
CC1=NC(=C(C=C1)C#N)OC2=CC=C(C=C2)Cl	12891115	GDVVNGJNMXLNCW-UHFFFAOYSA-N	C13H9ClN2O
CC1=C(C=CC=C1Cl)C2=NC3=C(O2)N=CC=C3	70627029	YWASAZAQDHBELM-UHFFFAOYSA-N	C13H9ClN2O
C1=CNC(=C1)/C=C/2\C3=C(C=CC(=C3)Cl)NC2=O	21957736	SYFAEBVHHBJQER-YRNVUSSQSA-N	C13H9ClN2O
CC1=CN=CC(=C1C2=CC=C(C=C2)Cl)N=C=O	83919576	WBGFBWCOQZQJNU-UHFFFAOYSA-N	C13H9ClN2O
C1=CC=C2C(=C1)C(=O)NC3=C(N2)C(=CC=C3)Cl	20460490	BPEAVAKINJAQCS-UHFFFAOYSA-N	C13H9ClN2O
CC1=C(N2C=CC3=C(C2=N1)C=C(C=C3)Cl)C=O	115045409	VJQXXZJSNQLZGJ-UHFFFAOYSA-N	C13H9ClN2O
CC1=CC2=C(C=C1)C3=C(NC2=O)N=CC(=C3)Cl	71111092	ZGMJDJZDYLHOKW-UHFFFAOYSA-N	C13H9ClN2O
CC1=CC2=C(C=C1)OC(=C2)C3=CN=CC(=N3)Cl	114734101	WWADUPSURBUNQV-UHFFFAOYSA-N	C13H9ClN2O
C1=CC(=CC(=C1)Cl)C2=NNC3=C2C=CC=C3O	105505235	RQKOFHPYNCOXTE-UHFFFAOYSA-N	C13H9ClN2O
C1=CNC(=C1)/C=C/2\C3=C(C=C(C=C3)Cl)NC2=O	21957712	BNZZGHVLVBUBTN-YRNVUSSQSA-N	C13H9ClN2O
CC1=CC(=C(C=C1)OC2=CN=C(C=C2)C#N)Cl	113320708	PZQMUAVEBOEWFV-UHFFFAOYSA-N	C13H9ClN2O
CC1=CC(=C(C=C1)OC2=C(C=CN=C2)C#N)Cl	114287953	WVSOUJMYYPYOPW-UHFFFAOYSA-N	C13H9ClN2O
C1=CC=C(C=C1)N2C3=C(C=C(C=C3)Cl)NC2=O	649443	RMPWZHBFXOLXFG-UHFFFAOYSA-N	C13H9ClN2O
C1=CC=C(C(=C1)C2=NNC3=C2C=CC=C3O)Cl	105505237	FEUFKFBOSPWTAR-UHFFFAOYSA-N	C13H9ClN2O
C1=CC(=CC(=C1)Cl)C2=NOC3=C2C=CC=C3N	105505250	QUGXRZMYCKGURV-UHFFFAOYSA-N	C13H9ClN2O
C1=CC=C(C(=C1)C2=NC3=C(N2)C=C(C=C3)O)Cl	81432203	ARGNXZRRGHTOSE-UHFFFAOYSA-N	C13H9ClN2O
C1=CC=C(C=C1)/C(=C(/C2=C(OC=C2)Cl)\N)/C#N	106690802	FCXWHAHREBRYDE-QXMHVHEDSA-N	C13H9ClN2O
CC1=C(C=CC(=C1)Cl)OC2=C(C=CC=N2)C#N	17469966	UPDOBBNEZIOIJY-UHFFFAOYSA-N	C13H9ClN2O
C1=CC2=C(C=C(O2)C3=NC=CC(=C3)N)C(=C1)Cl	115113994	YTCYWQWMINNCRL-UHFFFAOYSA-N	C13H9ClN2O
CC1=C(C=CC(=C1)Cl)N2C=CC=C(C2=O)C#N	82118193	MTZFAHXLKOZIEZ-UHFFFAOYSA-N	C13H9ClN2O
C1=CN2C=C(NC(=O)C2=C1)C3=CC=C(C=C3)Cl	139023939	MHHABSZUKBWCBY-UHFFFAOYSA-N	C13H9ClN2O
C1CC1C2=C3C(=NN2)C4=C(C3=O)C=CC(=C4)Cl	154269316	QBYVQQKEJRYKGN-UHFFFAOYSA-N	C13H9ClN2O
C1=CC=C(C=C1)N=NC2=CC=C(C=C2)C(=O)Cl	66910	RYMHZBAYPLCCAC-UHFFFAOYSA-N	C13H9ClN2O
CC1=CC(=CC=C1)C2=NC3=C(O2)C=C(C=N3)Cl	84704655	DKZLILATJADCHD-UHFFFAOYSA-N	C13H9ClN2O
COC1=C(C=CC(=N1)C2=CC=C(C=C2)Cl)C#N	154002372	PQSWWNDNAVJNCH-UHFFFAOYSA-N	C13H9ClN2O
CC1=CC2=C(O1)N=C(N=C2Cl)C3=CC=CC=C3	82017666	ZOAYURAUYSHFTM-UHFFFAOYSA-N	C13H9ClN2O
C1CC1C2=NC3=C(O2)C4=CC=CC=C4N=C3Cl	84045327	OQYXKFUCEQRSQY-UHFFFAOYSA-N	C13H9ClN2O
CC1=C(C(=O)N(C1=C)C2=CC=C(C=C2)Cl)C#N	11708560	JFTNGFDDPIJIRH-UHFFFAOYSA-N	C13H9ClN2O
C1=CC=C(C(=C1)N)OC2=C(C(=CC=C2)Cl)C#N	62501106	WUOCANBTMDBCCK-UHFFFAOYSA-N	C13H9ClN2O
C1=CC(=CC(=C1)Cl)C2=NC3=C(O2)C=C(C=C3)N	760345	CJFLYWKXRZASFY-UHFFFAOYSA-N	C13H9ClN2O
C1=CC=C(C=C1)C2=NC(=C3N2C=C(C=C3)O)Cl	117251316	VYSFAYBMXPZPEQ-UHFFFAOYSA-N	C13H9ClN2O
C1=CC(=CC(=C1)Cl)C2=NC=C3N2C=CC=C3O	117147122	GTEAAMGMPHYGGL-UHFFFAOYSA-N	C13H9ClN2O
C1=CC(=CC(=C1)Cl)OC2=CC(=C(C=C2)C#N)N	80029712	SPPVZMPDUXOPTC-UHFFFAOYSA-N	C13H9ClN2O
CC1=C(N2C3=C(C=CC2=N1)C=C(C=C3)Cl)C=O	115045420	PNISGAJMWUYPIS-UHFFFAOYSA-N	C13H9ClN2O
C1=CC(=CC=C1/C=C/C(=O)C2=NC=CN=C2)Cl	12608058	CEBQSQKCXODOFN-ZZXKWVIFSA-N	C13H9ClN2O
CC1=CC=C(C=C1)OC2=NC=CC(=C2Cl)C#N	107058758	YDDNXXWQZRFOBT-UHFFFAOYSA-N	C13H9ClN2O
CC1=C(OC2=C1C(=NC=N2)Cl)C3=CC=CC=C3	149171049	WZBKNAHCEFGNAY-UHFFFAOYSA-N	C13H9ClN2O
C1=CC=C2C(=C1)N=C(N2C3=CC(=CC=C3)O)Cl	84802691	SIAMKCRYXYSHJW-UHFFFAOYSA-N	C13H9ClN2O
C1=CC=C(C(=C1)C#N)OC2=C(C=CC=C2Cl)N	28401755	PEFWVDWAVWAMIO-UHFFFAOYSA-N	C13H9ClN2O
C1=CC2=C(C=C1N)NC(=O)C3=C2C=CC(=C3)Cl	274928	XBZUMGORNJVOQD-UHFFFAOYSA-N	C13H9ClN2O
C1=CC=C(C(=C1)C2=NNC3=C2C=CC(=C3)O)Cl	136918062	YMLZVXWBPNWLQM-UHFFFAOYSA-N	C13H9ClN2O
C1C2=CC=CC=C2C(=O)[C@@]1(C[C@@H](C#N)Cl)C#N	16043596	SJULVJJUCVBSAQ-GWCFXTLKSA-N	C13H9ClN2O
CC(=O)C1=NC=CC2=C1NC3=C2C=CC(=C3)Cl	22185272	GGKCXYIIWKFVPH-UHFFFAOYSA-N	C13H9ClN2O
C1=CC=C2C(=C1)C(=NN2O)C3=CC=C(C=C3)Cl	141361640	IOCAVCUJUDHRLE-UHFFFAOYSA-N	C13H9ClN2O
CC1=CC(=C(C(=O)N1)C#N)C2=CC=C(C=C2)Cl	14872313	IWFMTBWSTVKGFA-UHFFFAOYSA-N	C13H9ClN2O
CC1=C2C(=CC=C1)C(=NC(=N2)Cl)C3=CC=CO3	105505261	CQXLBHZBUXYEJA-UHFFFAOYSA-N	C13H9ClN2O
CC1=CC2=C(C=C1)OC(=C2)C3=CC(=NC=N3)Cl	114734091	CNLYPZMMPSDTAU-UHFFFAOYSA-N	C13H9ClN2O
C1C=CC2=CN=C3C=CC(=CC3=C2O1)C#N.Cl	145615257	HQPDONRJOCKRIV-UHFFFAOYSA-N	C13H9ClN2O
COC1=C(C=C(C=C1)C#N)C2=CC(=NC=C2)Cl	71540850	KFRRSRIIZVJDSE-UHFFFAOYSA-N	C13H9ClN2O
C1=CC=C(C(=C1)C2=NOC3=C2C=CC=C3N)Cl	105505252	QQXMJQLSKBQMAB-UHFFFAOYSA-N	C13H9ClN2O
C=C(C=NC(=C)C#N)C1=C(C=C(C=C1)C=O)Cl	139381925	IHYZHAHDMMSZHU-UHFFFAOYSA-N	C13H9ClN2O
C1=CC=C2C(=C1)C=CC(=N2)C(=C(CCl)O)C#N	4359990	FTNAJERBOLRVSE-UHFFFAOYSA-N	C13H9ClN2O
C1=CC=C(C=C1)C2=NC3=C(N2O)C=C(C=C3)Cl	1486096	JWOSPQYKRZZPPB-UHFFFAOYSA-N	C13H9ClN2O
CC1=C(C2=CC=CC=C2O1)C3=NC=CC(=N3)Cl	81957282	NVYFORIDIOEXLT-UHFFFAOYSA-N	C13H9ClN2O
C1=CC=C(C(=C1)OC2=C(C=C(C=C2)C#N)N)Cl	43518235	JBXCWAKBJKRETF-UHFFFAOYSA-N	C13H9ClN2O
C1=CC2=C(C(=C1)Cl)OC(=C2)C3=NC(=CC=C3)N	113623915	QOVFZEOQLBMGOM-UHFFFAOYSA-N	C13H9ClN2O
CC1=C(C=CC(=C1)Cl)C2=C(C(=O)NC=C2)C#N	82085620	RPGIUWWJUAWWDI-UHFFFAOYSA-N	C13H9ClN2O
C1=CC(=CC=C1C2=C3C=C(C=CC3=NO2)N)Cl	105505239	BDSCEPNKVSQGRZ-UHFFFAOYSA-N	C13H9ClN2O
C1CC(=C(C#N)C#N)C2=C(C=C(C=C2)Cl)OC1	4166884	NXPMAIFZOJEYFO-UHFFFAOYSA-N	C13H9ClN2O
COC1=C(C=C(C=C1)Cl)C2=C(C=NC=C2)C#N	84158331	XXGGBWODWZXEER-UHFFFAOYSA-N	C13H9ClN2O
C1C2=C(N=CC=C2)N(C1=O)C3=CC=C(C=C3)Cl	14987214	DOKXXYPHOUOZEF-UHFFFAOYSA-N	C13H9ClN2O
C1=CC=C\2C(=C1)C3=CC(=C(C=C3/C2=N/O)N)Cl	5380843	UTXFRNHNEFAKFV-DTQAZKPQSA-N	C13H9ClN2O
C1=CC2=NC=C(C=C2C=C1CC3=NC=CO3)Cl	135354620	WEKDCDHMKWPOMR-UHFFFAOYSA-N	C13H9ClN2O
CC(=O)C1=CN=C2N1C3=C(C=CC(=C3)Cl)C=C2	115045427	DWGDLPRJFATSHF-UHFFFAOYSA-N	C13H9ClN2O
C1=CC2=CC(=NN2C(=C1)Cl)C3=CC=C(C=C3)O	136276958	VLQYYDIPZFAGOI-UHFFFAOYSA-N	C13H9ClN2O
C1=CC(=CC=C1COC2=NC=CC(=C2)C#N)Cl	21616803	NLTXSSSEVQWHMH-UHFFFAOYSA-N	C13H9ClN2O
C1=CC=C(C(=C1)C2=NC3=C(C=CC=C3O2)N)Cl	80361014	IJPWOPHKYFWYHZ-UHFFFAOYSA-N	C13H9ClN2O
C=CC1=CC(=C(N=C1)C2=CN=C(C=C2)C=O)Cl	57825694	RZIAGCUBNKOPKY-UHFFFAOYSA-N	C13H9ClN2O
C1=CC=C(C=C1)N2C3=C(C=CC(=C3)Cl)C(=O)N2	16638458	MLYFRKVZOLSJIK-UHFFFAOYSA-N	C13H9ClN2O
CC1=C2C(=NC=C1)OC(=N2)C3=CC(=CC=C3)Cl	82338055	JFHAVAGYZYIDNS-UHFFFAOYSA-N	C13H9ClN2O
C1=CC2=C(C(=C1)N)ON=C2C3=CC=C(C=C3)Cl	105505251	INLSOOQMJBMTSQ-UHFFFAOYSA-N	C13H9ClN2O
C=C(C1=CC=CC=C1)C2=NC(=NC=C2C=O)Cl	152678776	ZNBSGZABTVUNMT-UHFFFAOYSA-N	C13H9ClN2O
CC1=C(C=CC(=C1)OC2=C(N=CC=C2)C#N)Cl	81596779	SARWFVZWNKCAAP-UHFFFAOYSA-N	C13H9ClN2O
CC1=C(C=CC(=C1)OC2=C(C=CC=N2)C#N)Cl	17460215	JARCOQLTZLVZKI-UHFFFAOYSA-N	C13H9ClN2O
C1=CC2=C(C=C1Cl)OC(=C2)C3=NC=CC(=C3)N	115113838	AQBSLGHVBNCLII-UHFFFAOYSA-N	C13H9ClN2O
C1=CC=C2C(=C1)C=C(C2=O)C3=CN=CN=C3.Cl	141285947	SEHNHRKJPBGAEI-UHFFFAOYSA-N	C13H9ClN2O
CC1=C(C(=NC=C1)OC2=CC=C(C=C2)Cl)C#N	81730574	ZCGZFRAKEIOUBN-UHFFFAOYSA-N	C13H9ClN2O
C1=CC=C(C=C1)N=NC2=CC(=C(C=C2)Cl)C=O	141213980	LIXVWMKVEISEJQ-UHFFFAOYSA-N	C13H9ClN2O
CC1=CC=CC=C1C2=NC3=C(O2)C=C(C=N3)Cl	84704656	VPBPWKWYNDFTQO-UHFFFAOYSA-N	C13H9ClN2O
C1C2=C(C=C(C=C2)Cl)N(C1=O)C3=CC=NC=C3	150690545	JJUBNNXEKDZDDB-UHFFFAOYSA-N	C13H9ClN2O
CC1=C(C=C(C=C1)Cl)OC2=C(C=CN=C2)C#N	114287974	NZWZRLCXRZHRTO-UHFFFAOYSA-N	C13H9ClN2O
C1=CC(=CC=C1C2=NC3=C(O2)C=CC(=C3)N)Cl	721064	VTAPQLUVHHVZFW-UHFFFAOYSA-N	C13H9ClN2O
C1=CC=C2C(=C1)N=C(N2C3=CC=CC=C3O)Cl	84802689	LVEAJMBXJBUWMT-UHFFFAOYSA-N	C13H9ClN2O
C1=CC(=CC=C1C2=CN3C=CC(=O)C=C3N2)Cl	117135490	KKDYVNNOBMDXLL-UHFFFAOYSA-N	C13H9ClN2O
C1=CC(=CC=C1COC2=NC=C(C=C2)Cl)C#N	118859242	XNWRKDCIJJQCDC-UHFFFAOYSA-N	C13H9ClN2O
C1=CC=C(C=C1)OC2=C(C=C3C(=C2)N=CN3)Cl	66937371	NPQYIEIUCUWECW-UHFFFAOYSA-N	C13H9ClN2O
C1=CC=C(C=C1)COC2=C(C(=NC=C2)Cl)C#N	84704639	HUUFMNWMPULACT-UHFFFAOYSA-N	C13H9ClN2O
C1=CC=C2C(=C1)C(=O)C(=CC3=C(C=CN3)Cl)N2	91989560	XPUJKDPNKDHVJQ-UHFFFAOYSA-N	C13H9ClN2O
CC1=CC2=C(C(=C1)Cl)OC(=N2)C3=CC=NC=C3	58148087	ODMSLQDPIQRJIP-UHFFFAOYSA-N	C13H9ClN2O
C1=CC=C2C(=C1)N=C3C=CC(=CC3=N2)OCCl	135307142	UFJIBPRAWHGZRS-UHFFFAOYSA-N	C13H9ClN2O
CC1=C(C=CC(=C1)OC2=CC(=CN=C2)Cl)C#N	81282696	VKUOHMMWMHCGEH-UHFFFAOYSA-N	C13H9ClN2O
C1=CC=C(C(=C1)N=NC2=CC=C(C=C2)C=O)Cl	4332036	JGJDCMXHNJBLKT-UHFFFAOYSA-N	C13H9ClN2O
C1=CC=C(C=C1)CC2=NC3=C(O2)N=CC(=C3)Cl	82337693	RMTFHAPSVZZNJG-UHFFFAOYSA-N	C13H9ClN2O
C1=CC2=C(C(=C1)Cl)OC(=C2)C3=CN=C(C=C3)N	114731999	ABBGQYNVYXGDHB-UHFFFAOYSA-N	C13H9ClN2O
C1CC1OC2=C3C=CC(=CC3=NC=C2[14C]#N)Cl	24860838	RTWTZTOXOYZDEW-ZQBYOMGUSA-N	C13H9ClN2O
C1C2=CC=CC=C2C(=O)[C@]1(C[C@@H](C#N)Cl)C#N	102595585	SJULVJJUCVBSAQ-GXFFZTMASA-N	C13H9ClN2O
C1=CN=C(N=C1)C2=CC=C(C=C2)/C(=C/C=O)/Cl	141068524	SXDBKUAYDVMUPN-SDQBBNPISA-N	C13H9ClN2O
C1=CC=C(C(=C1)OCC2=CC(=NC=C2)C#N)Cl	63884430	BZGAQNWDXQAGRH-UHFFFAOYSA-N	C13H9ClN2O
CC1=C(C=CC(=C1)OC2=CC=CC(=N2)C#N)Cl	64594182	GTNXBZKPMZOQNS-UHFFFAOYSA-N	C13H9ClN2O
C=NC1=C(C=C(C=C1)Cl)C(=O)C2=CC=NC=C2	149276518	XSCUPPTVEGHMKD-UHFFFAOYSA-N	C13H9ClN2O
C1=CC=C(C(=C1)N)OC2=C(C=CC(=C2)Cl)C#N	63082609	YIGOCQMMUZKGLG-UHFFFAOYSA-N	C13H9ClN2O
CC1=C(OC=C1)/C(=C(/C#N)\C2=CN=CC=C2)/Cl	80523416	DPSLSYZULHXARS-VAWYXSNFSA-N	C13H9ClN2O
CC(=O)N1C=C(C(=C1)C2=CC(=CC=C2)Cl)C#N	13604656	MUULIIXKOFTPFV-UHFFFAOYSA-N	C13H9ClN2O
CC1=C(C(=CC=C1)C#N)OC2=CC(=CN=C2)Cl	113918483	CLBUVFSAARFISV-UHFFFAOYSA-N	C13H9ClN2O
C1=CC(=CC(=C1)N)C2=CC3=NC=CC(=C3O2)Cl	66779795	BRPYAQSXPQGIIH-UHFFFAOYSA-N	C13H9ClN2O
C1=CC2=C(C(=C1)Cl)OC(=C2)C3=C(C=CN=C3)N	113623914	RHAXCTCIDNVBLT-UHFFFAOYSA-N	C13H9ClN2O
CC1=C(C(=C(C(=N1)C#N)O)C2=CC=CC=C2)Cl	141317105	LQPCJQWCARQTGD-UHFFFAOYSA-N	C13H9ClN2O
C1=CC=C(C=C1)C(=O)C2=CC3=C(C=C2)NCl=N3	146737802	RJTQXDAZJAYMOX-UHFFFAOYSA-N	C13H9ClN2O
C1=CC(=CC=C1C2=NC3=C(N2)C=C(C=C3)Cl)O	1211924	GGUHTGJGVJGBEI-UHFFFAOYSA-N	C13H9ClN2O
COC1=C(C=CC(=N1)C2=CC=CC=C2Cl)C#N	2768877	DBVIAWHFMZBCOF-UHFFFAOYSA-N	C13H9ClN2O
CC1=CC2=C(C=C1)N=C(N=C2Cl)C3=CC=CO3	90693288	CAJADHNZHFOSKI-UHFFFAOYSA-N	C13H9ClN2O
C1=CC(=CC(=C1)Cl)OC2=CC3=C(C=C2)N=CN3	141174841	GQZHIMCBUBQRLD-UHFFFAOYSA-N	C13H9ClN2O
CC1=CNC(=O)C(=C1C2=CC=C(C=C2)Cl)C#N	82118174	NBLRLXUWNTXKDM-UHFFFAOYSA-N	C13H9ClN2O
C1=CC(=CC(=C1)Cl)C2=NC=C3N2C=C(C=C3)O	117139780	PADBLYNZTOGRLZ-UHFFFAOYSA-N	C13H9ClN2O
C1=CC=C2C(=C1)NC(=N2)OC3=CC=C(C=C3)Cl	13447241	NBLMYDXZKAXBPU-UHFFFAOYSA-N	C13H9ClN2O
C1=CC(=C(N=C1)OC2=CC=C(C=C2)Cl)CC#N	141407856	FAVALBBCVKUWKZ-UHFFFAOYSA-N	C13H9ClN2O
C1=CC2=NC(=C(N2C=C1)O)C3=CC=C(C=C3)Cl	460809	ULBUNTOLVQWBJR-UHFFFAOYSA-N	C13H9ClN2O
C1=CC=C(C(=C1)C2=NNC(=C2)C3=CC=CO3)Cl	71813190	MPMLLUUKHVGHCG-UHFFFAOYSA-N	C13H9ClN2O
CC1=CC=C(C=C1)OC2=NC(=CC(=C2)C#N)Cl	2799854	ZQKIQAVCNYLBDD-UHFFFAOYSA-N	C13H9ClN2O
C1=CC=C2C(=C1)C=C3C2=CC(=C(C3=NO)Cl)N	153852531	ZFAOUBAKSCBORO-UHFFFAOYSA-N	C13H9ClN2O
C1=CC=C2C(=C1)NC(=N2)OC3=CC=CC=C3Cl	24850995	ZKEFOVFLMWJXLM-UHFFFAOYSA-N	C13H9ClN2O
CC(=O)C1=CN2C(=N1)C=CC3=C2C=C(C=C3)Cl	115045433	AIOPPHIXMNFNSV-UHFFFAOYSA-N	C13H9ClN2O
CC1=CC2=C(C=C1)OC(=C2)C3=NC(=NC=C3)Cl	114734096	QTYOWHXYEXCRCQ-UHFFFAOYSA-N	C13H9ClN2O
C1C=NC2=C(C=C1Cl)NC(=O)C3=CC=CC=C32	142144279	FEFRRLSGDCABIU-UHFFFAOYSA-N	C13H9ClN2O
C1CC1(C2=CC=C(C=C2)Cl)C(=C(C#N)C#N)O	135382698	LHBYUAQGDAVNSG-UHFFFAOYSA-N	C13H9ClN2O
C1=CC=C(C=C1)NC2=NC3=C(O2)C=CC=C3Cl	101403132	IBJRVWCPGYRDCQ-UHFFFAOYSA-N	C13H9ClN2O
CC1=CN=C(C=C1OC2=CC=CC=C2C#N)Cl	83266847	QCSHWJRYOKDMAE-UHFFFAOYSA-N	C13H9ClN2O
C1=CC=C2C(=C1)N=C(O2)NC3=CC(=CC=C3)Cl	23455838	NDNDQNKPPDRRCP-UHFFFAOYSA-N	C13H9ClN2O
C=C=CC1=CC=CC=C1OC2=CC(=NC=N2)Cl	148723871	NZPSZKBJVNHVSH-UHFFFAOYSA-N	C13H9ClN2O
C1=CC(=CC=C1C2=CN3C=C(C=CC3=N2)O)Cl	117130819	WACYTRHLRVLVIP-UHFFFAOYSA-N	C13H9ClN2O
COC1=CN=C(C=C1C#N)C2=CC(=CC=C2)Cl	117525782	LZEBTQIMGYDKEC-UHFFFAOYSA-N	C13H9ClN2O
COC1=C(C=C(C=C1)Cl)/C=C\C=C(C#N)C#N	54610333	HNVCTNZGJAKYMD-RQOWECAXSA-N	C13H9ClN2O
C1=CC(=CC=C1C#N)OCC2=CN=C(C=C2)Cl	3729401	YPSFUWUIBXQKPR-UHFFFAOYSA-N	C13H9ClN2O
C1=C/C(=N\Cl)/C=C2C1=CC3=C(O2)C=C(C=C3)N	155114863	PQTYBVHRDWXZAO-LFIBNONCSA-N	C13H9ClN2O
CN1C2=CC=CC=C2C3=CC(=NC=C3C1=O)Cl	42612008	HSIPQPXLUKGAHD-UHFFFAOYSA-N	C13H9ClN2O
C1=CC=C(C(=C1)C2=CN3C=C(C=CC3=N2)O)Cl	117130779	HETDPUCSTDGMDV-UHFFFAOYSA-N	C13H9ClN2O
C1=CC2=C(C3=C(C=C(C=C3)N)NC2=O)C(=C1)Cl	278041	CRQUIXNEMLINMX-UHFFFAOYSA-N	C13H9ClN2O
C1=CC(=CC(=C1)Cl)C2=CN3C=C(C=CC3=N2)O	117130731	DWLMLESCIWKXSI-UHFFFAOYSA-N	C13H9ClN2O
C1=CC=NC(=C1)C(C#N)C2=C(C=CC(=C2)Cl)O	57244517	YMOBPBWFOJZHOI-UHFFFAOYSA-N	C13H9ClN2O
C1=CC(=NC(=C1)OC2=CC=C(C=C2)Cl)CC#N	21269650	AWFMBOLLUUOOJK-UHFFFAOYSA-N	C13H9ClN2O
C=C(C#N)[C@H](C1=CC2=CC=CC=C2N=C1Cl)O	139085541	CXSQRPZDNCNBOC-GFCCVEGCSA-N	C13H9ClN2O
C1=CC=C(C(=C1)C#N)OC2=C(C=CC=N2)CCl	108231242	BJEVKNOUCJGZOP-UHFFFAOYSA-N	C13H9ClN2O
C1=CC(=CC=C1C2=NC=C3N2C=CC(=C3)O)Cl	117144774	ZMYBFQRLSWYGRS-UHFFFAOYSA-N	C13H9ClN2O
C1=COC(=C1)C2=CN(C=N2)C3=CC=C(C=C3)Cl	86303660	LZLNCCUFNNJCSZ-UHFFFAOYSA-N	C13H9ClN2O
C1=CC2=C(C(=C1)O)NN=C2C3=CC=C(C=C3)Cl	105505236	SHKVRTDPOIOJLJ-UHFFFAOYSA-N	C13H9ClN2O
CN1C2=CC=CC=C2C3=C(C1=O)C=CC(=N3)Cl	42612009	GRAIXPOMAOFZJP-UHFFFAOYSA-N	C13H9ClN2O
CC1=CC(=CC(=N1)OC2=CC(=CC=C2)Cl)C#N	114766808	GKRVTUZEIXMWMS-UHFFFAOYSA-N	C13H9ClN2O
C1=CC2=C(C=C1Cl)C=C(O2)C3=CN=C(C=C3)N	113623863	WWOVLTCCRRNZNM-UHFFFAOYSA-N	C13H9ClN2O
COC1=CC2=CC3=NC=CC(=C3N=C2C=C1)Cl	125467920	IQUXDZVWXFCYCS-UHFFFAOYSA-N	C13H9ClN2O
C1=CC=C2C(=C1)C=CC=C2C3=C(C(=NO3)N)Cl	79557260	AVYWFJVXICYVHW-UHFFFAOYSA-N	C13H9ClN2O
C1=CC=C(C=C1)OC2=CC3=C(C=C2)N(C=N3)Cl	141443537	MYABRTAYKDDTSL-UHFFFAOYSA-N	C13H9ClN2O
CC1=CC2=C(C=C1)OC(=C2)C3=CN=CN=C3Cl	105371619	GTPINIJWVSVFFE-UHFFFAOYSA-N	C13H9ClN2O
C1=CC2=C(N=C1)N=C(O2)C3=CC=C(C=C3)CCl	104257989	OJUDRENSPGBEHC-UHFFFAOYSA-N	C13H9ClN2O
C1=CC2=C(C=C(O2)C3=CN=C(C=C3)N)C(=C1)Cl	115113712	QALSMNMKXBNRBB-UHFFFAOYSA-N	C13H9ClN2O
C1=CC=C(C(=C1)C2=NC3=CC=CC(=C3O2)N)Cl	28752268	HSQDYXIXLHSEKH-UHFFFAOYSA-N	C13H9ClN2O
C1=CC=C(C=C1)C2=NC3=C(O2)C(=CC(=C3)N)Cl	82232066	MSUPIEXPGLGIKM-UHFFFAOYSA-N	C13H9ClN2O
CC(=O)C1=CN2C=CC3=C(C2=N1)C(=CC=C3)Cl	115045415	JBLNBLWENAAHEP-UHFFFAOYSA-N	C13H9ClN2O
CC1=C(C=CC=C1Cl)C2=C(C(=O)NC=C2)C#N	82085618	VWLYBXGUUQVWIU-UHFFFAOYSA-N	C13H9ClN2O
CN1C2=C(C=C(C=C2)Cl)C3=C(C1=O)C=NC=C3	154467632	ONIDWQFFFWSGAV-UHFFFAOYSA-N	C13H9ClN2O
C1=CC=C(C(=C1)CN2C=CC=C(C2=O)C#N)Cl	82118184	FMCNCBJULXPYIL-UHFFFAOYSA-N	C13H9ClN2O
CC1=NC2=C(C=C1)N=C(O2)C3=CC=C(C=C3)Cl	82337981	UQEVMPFWLHKCMR-UHFFFAOYSA-N	C13H9ClN2O
C1=CC(=CC(=C1)Cl)C2=NNC3=C2C(=CC=C3)O	136270108	IPVHGYRFAMALHY-UHFFFAOYSA-N	C13H9ClN2O
CC1=C2C(=NC=C1)OC(=N2)C3=CC=CC=C3Cl	82338054	SMUGDQGKTIEIHP-UHFFFAOYSA-N	C13H9ClN2O
CC1=CC2=C(C(=C(C=C2)Cl)C3=NC=CO3)N=C1	15595588	WBUKBUMOYLCFSS-UHFFFAOYSA-N	C13H9ClN2O
COC1=NC(=CC(=C1)C2=CC=C(C=C2)[N+]#[C-])Cl	140744754	HEBYZDRZHBCMKJ-UHFFFAOYSA-N	C13H9ClN2O
C1=CC=C(C=C1)C2=C(N=C3N2C(=CC=C3)Cl)O	147901226	IEHMEMPBYQCGFJ-UHFFFAOYSA-N	C13H9ClN2O
CC1=CC=C(C=C1)C#CC2=C(C(=O)NN=C2)Cl	60052344	REYWCLONXNGNRV-UHFFFAOYSA-N	C13H9ClN2O
C1=CC(=CC(=C1)Cl)C2=NC3=CC=CC(=C3O2)N	22618269	FJMYZURFAZEKJJ-UHFFFAOYSA-N	C13H9ClN2O
C1=CC(=CC=C1C2=C3C=CC(=CC3=NO2)N)Cl	105505242	NAYJMOWCEKZSAN-UHFFFAOYSA-N	C13H9ClN2O
C1C2=C(C(=CC=C2)Cl)N(C1=O)C3=CC=CC=N3	132570704	FMTJVGNDHKNFFX-UHFFFAOYSA-N	C13H9ClN2O
COC1=C(C=C(C=C1)Cl)C2=CN=CC(=C2)C#N	82118181	CPPQMOQLFYSRAS-UHFFFAOYSA-N	C13H9ClN2O
C1C2=C(C=CC(=C2)Cl)N(C1=O)C3=CC=CC=N3	53784561	DXOOVFONRWDIME-UHFFFAOYSA-N	C13H9ClN2O
CC1=NC=C(C=C1)OC2=C(C(=CC=C2)Cl)C#N	62496230	QJYIKRSAPPMZKS-UHFFFAOYSA-N	C13H9ClN2O
C1=CC=C(C=C1)N2C3=C(C=CC=C3Cl)NC2=O	117209159	CPYKXYPSGAHZMW-UHFFFAOYSA-N	C13H9ClN2O
C1=CC(=CC2=NC3=C(C=C21)C(=CC(=C3)N)O)Cl	136453621	IZZWDHXNWGFXIR-UHFFFAOYSA-N	C13H9ClN2O
CC1=CC2=C(C=C1[N+]#N)OC3=CC=CC=C32.[Cl-]	87575995	MEXGWSXYLJJQNH-UHFFFAOYSA-M	C13H9ClN2O
C1=CC=C2C(=C1)C3=C(C=CC(=C3N)Cl)NC2=O	9816290	RIABPXQSFMAMDO-UHFFFAOYSA-N	C13H9ClN2O
CC1=CC(=C(N=C1)C2=CC=C(C=C2)Cl)N=C=O	83919574	NFSCRNOHSCTQLH-UHFFFAOYSA-N	C13H9ClN2O
C1=COC(=C1)C2=CC(=NN2)C3=CC=C(C=C3)Cl	67758684	ZODAJVINBREFMT-UHFFFAOYSA-N	C13H9ClN2O
CC1=CC2=C(C=C1Cl)N=C(O2)C3=CC=NC=C3	58148140	AKWWJIDYJKIXPA-UHFFFAOYSA-N	C13H9ClN2O
C1=CC(=CC(=C1)Cl)C2=NC=C3N2C(=CC=C3)O	117142176	LITMOHBZDYLUKO-UHFFFAOYSA-N	C13H9ClN2O
CN1C=C(C=N1)C#CC2=C(C(=CC=C2)Cl)C=O	132169743	LUUJNOZTYRITQQ-UHFFFAOYSA-N	C13H9ClN2O
C1=CC(=CC=C1C2=CC=C(C(=O)N2)CC#N)Cl	82519385	UUYLAVQEEBPLOP-UHFFFAOYSA-N	C13H9ClN2O
COC1=CC(=CC(=C1)C2=CC(=NC=C2)Cl)C#N	71540969	GZHIJUMNERUBNO-UHFFFAOYSA-N	C13H9ClN2O
C1=CC(=CC(=C1)N)C2=C3C=CC(=CC3=NO2)Cl	105505254	LXFMHAUZOZZRQT-UHFFFAOYSA-N	C13H9ClN2O
C1=COC(=C1)NC2=C3C=CC(=CC3=NC=C2)Cl	154284546	CCXZSXICSFFYBC-UHFFFAOYSA-N	C13H9ClN2O
C1=CC(=CC=C1C2=C3C=CC(=CC3=NO2)Cl)N	105505253	MGKKMJZWACSWFX-UHFFFAOYSA-N	C13H9ClN2O
C1=CC(=CC=C1C#N)[C@@H](C2=C(C=CN=C2)Cl)O	125469182	RBBRNHHXNZRABI-ZDUSSCGKSA-N	C13H9ClN2O
C1=CC=C2C(=C1)NC3=C(C=CC=C3Cl)C(=O)N2	15428875	VABISQXKCYEPAM-UHFFFAOYSA-N	C13H9ClN2O
C1=CC2=C(C(=C1)O)N=CN2C3=CC=C(C=C3)Cl	618531	LLBLAKFNYHICBG-UHFFFAOYSA-N	C13H9ClN2O
C1=CC(=CC=C1C#N)OC2=CN=CC(=C2)CCl	116063184	CHQFIKYZFNUMMZ-UHFFFAOYSA-N	C13H9ClN2O
C1=CC(=CC=C1C2=NC3=C(N2)C=C(C=C3)O)Cl	10681773	JLZXCMGPQIMPIX-UHFFFAOYSA-N	C13H9ClN2O
C1=CC(=CC(=C1)C#N)COC2=CN=C(C=C2)Cl	80455094	GWFNQTQUECIDCT-UHFFFAOYSA-N	C13H9ClN2O
C1=CC(=CC=C1NC2=COC3=C2C=CN=C3)Cl	69161632	WPZKEWYHSDMKEF-UHFFFAOYSA-N	C13H9ClN2O
CN1C(=O)C=CC2=C(C3=CC=CC=C3N=C21)Cl	86102586	KZQKDTUEOFHTHA-UHFFFAOYSA-N	C13H9ClN2O
C1=CC(=CC(=C1)OCC2=NC=CC(=C2)Cl)C#N	79256213	GDMFFOALTBIANX-UHFFFAOYSA-N	C13H9ClN2O
CC1=CC2=C(C=C1)N=C(C3=CC=CN3C2=O)Cl	15522561	MTWPOWLWHPXRAJ-UHFFFAOYSA-N	C13H9ClN2O
