COCC(CCO)NS(=O)(=O)CC#N	103887539	BLFBBGSFICKQLR-UHFFFAOYSA-N	C7H14N2O4S
C(C(CSCC(C(=O)O)N)N)C(=O)O	21999237	QODXDYZXQGDERT-UHFFFAOYSA-N	C7H14N2O4S
CC(C)N1CC(N(S1(=O)=O)C)C(=O)O	84131063	YDDYAKOUKGCETD-UHFFFAOYSA-N	C7H14N2O4S
C1CCN(CC1)NS(=O)(=O)CC(=O)O	83005828	KNTUTJVHLOPGLO-UHFFFAOYSA-N	C7H14N2O4S
CN(C)S(=O)(=O)N1CCC(C1)C(=O)O	21076145	YLKGKWRNRPMDAD-UHFFFAOYSA-N	C7H14N2O4S
C[C@H]([C@@H](C(=O)O)NC(=O)[C@H](CS)N)O	54456917	WYVKPHCYMTWUCW-WISUUJSJSA-N	C7H14N2O4S
C1CN(C1)S(=O)(=O)CC[C@@H](C(=O)O)N	67154278	JYCPMPDTQRWCEV-LURJTMIESA-N	C7H14N2O4S
C=CCC[C@@H](COC(=O)N)S(=O)(=O)N	130367569	GFDWTWOFCGAPBC-LURJTMIESA-N	C7H14N2O4S
C(CSCC(C(=O)O)N)[C@H](C(=O)O)N	23615398	ILRYLPWNYFXEMH-CNZKWPKMSA-N	C7H14N2O4S
CC1CC(CN(C1)S(=O)(=O)N)C(=O)O	130804476	JXFPUXUJWGRIRA-UHFFFAOYSA-N	C7H14N2O4S
C1CC(CC(C1)(C(=O)N)N)S(=O)(=O)O	90097259	NHPLZVYJTSCNFB-UHFFFAOYSA-N	C7H14N2O4S
CS(=O)(=O)N1CCN(CC1)C(=O)CO	43558742	OYTRXXQBCHULHH-UHFFFAOYSA-N	C7H14N2O4S
CCC(C(=O)NO)SCCC(=O)NO	17897248	OCXUYSKNDSYDFO-UHFFFAOYSA-N	C7H14N2O4S
CC(CSCC(C(=O)O)N)(C(=O)O)N	22278052	BPCHPIRYRFAQET-UHFFFAOYSA-N	C7H14N2O4S
CC1CCN(CC1)S(=O)(=O)NC(=O)O	141168660	VTLUSVJLXXETKH-UHFFFAOYSA-N	C7H14N2O4S
C1CC(CN(C1)S(=O)(=O)CC(=O)O)N	61357990	QETSRJCUDOCIQV-UHFFFAOYSA-N	C7H14N2O4S
COC(=O)CCS(=O)(=O)NC1CNC1	66185169	RVCLSXDHVCEAFT-UHFFFAOYSA-N	C7H14N2O4S
C1[C@H]([C@@H]2[C@H](O1)[C@H](CO2)O)O.C(=S)(N)N	87448165	TZRZLIAIWQAQOB-VFQQELCFSA-N	C7H14N2O4S
C1CC(C(=O)NC1)NS(=O)(=O)CCO	79578244	CCRBVMMDRBDOBT-UHFFFAOYSA-N	C7H14N2O4S
CNS(=O)(=O)N1CCC(C1)C(=O)OC	114811593	NHMDUDNYTMTNDN-UHFFFAOYSA-N	C7H14N2O4S
C1[C@H]([C@H](CS1(=O)=O)O)NCCNC=O	99977127	BPWPVDPDCIDTFZ-RQJHMYQMSA-N	C7H14N2O4S
CC(C(=O)O)N1CCC(C1)S(=O)(=O)N	126987047	DPPOMYKTZAJWCA-UHFFFAOYSA-N	C7H14N2O4S
CCON(C(=C)NC(=O)C)S(=O)(=O)C	129202774	MHIAWGVXMMFIJM-UHFFFAOYSA-N	C7H14N2O4S
COC(=O)CS(=O)(=O)NC1CC(C1)N	61360127	HWTKZKFHHVWPKT-UHFFFAOYSA-N	C7H14N2O4S
COC(=O)NS(=O)(=O)N1CCCCC1	115874247	MKYCBEKDAMLONE-UHFFFAOYSA-N	C7H14N2O4S
CCC(CS(=O)(=O)O)NNC(=O)C=C	152499271	YDCQLMGMLUHUGD-UHFFFAOYSA-N	C7H14N2O4S
CS(=O)CCCNC(=O)NCC(=O)O	116208720	GUZLXMGEHWPYAC-UHFFFAOYSA-N	C7H14N2O4S
CCOC(=O)NS(=O)(=O)NCCC=C	114463156	SJEXWKDISDAPPA-UHFFFAOYSA-N	C7H14N2O4S
C1COCC1C(=O)NCCS(=O)(=O)N	61277309	YLHSMQMKXQOCDI-UHFFFAOYSA-N	C7H14N2O4S
CS(=O)(=O)N1CC(C1)NCCC(=O)O	84055662	IYWZDVICRKWAMB-UHFFFAOYSA-N	C7H14N2O4S
COC(=O)C1CCCC1S(=O)(=O)NN	103343315	YYCZMZUTAHHCAD-UHFFFAOYSA-N	C7H14N2O4S
CCC(C)N1C(CNS1(=O)=O)C(=O)O	84131066	AMBJIRAHEARWLL-UHFFFAOYSA-N	C7H14N2O4S
CCCCN1CC(NS1(=O)=O)C(=O)O	84131058	MLHJFVGLVQLYAZ-UHFFFAOYSA-N	C7H14N2O4S
CC(C1CC1)(C(=O)O)NS(=O)(=O)NC	114805433	DNDUSDXPEOZCDX-UHFFFAOYSA-N	C7H14N2O4S
C1CC(NC1)CNS(=O)(=O)CC(=O)O	62540941	ZCLLHNKZTCPMAF-UHFFFAOYSA-N	C7H14N2O4S
C1CNCCC1NS(=O)(=O)CC(=O)O	61359737	UHQJUEPIAGHLJJ-UHFFFAOYSA-N	C7H14N2O4S
C(CN)C(C(=O)O)SCC(C(=O)O)N	145932	ZJIRFPOFCZNBAC-UHFFFAOYSA-N	C7H14N2O4S
COC(=O)C1CCN(CC1)S(=O)(=O)N	25323924	VYJMPDNQCNOVOI-UHFFFAOYSA-N	C7H14N2O4S
CCOC(=O)[C@H]1CCCN1S(=O)(=O)N	51888911	JTVSCILRYKVTFP-ZCFIWIBFSA-N	C7H14N2O4S
CNS(=O)(=O)N1CCCC[C@H]1C(=O)O	93344472	VZXUETAJRLXNEG-LURJTMIESA-N	C7H14N2O4S
C(CNC(=O)C(CC(=O)O)N)CSO	143759428	DEJFCZAIEDNMMP-UHFFFAOYSA-N	C7H14N2O4S
CS(=O)(=O)N1CC(C1)COCC(=O)N	84055664	CBKWIIUDRTUJAG-UHFFFAOYSA-N	C7H14N2O4S
CCOC(=O)NC1CS(=O)(=O)CC1N	2772242	ZHLPCTGYIDZBNJ-UHFFFAOYSA-N	C7H14N2O4S
CCOC(=O)CS(=O)(=O)NC1CC1N	61457500	LBDFPFRZVJZBPY-UHFFFAOYSA-N	C7H14N2O4S
C1C(CN1CCS(=O)(=O)N)CC(=O)O	114385386	IPLFXBCNVGDLLS-UHFFFAOYSA-N	C7H14N2O4S
CCNS(=O)(=O)N1CCC[C@@H]1C(=O)O	96069072	YLGOICBNIXYVMY-ZCFIWIBFSA-N	C7H14N2O4S
C1C[C@H](CNC1)NS(=O)(=O)CC(=O)O	104645642	MVVXWPSDHMXFFX-ZCFIWIBFSA-N	C7H14N2O4S
CCOC(=O)NS(=O)(=O)NCC(=C)C	114616518	RCVYTOCCTAJDME-UHFFFAOYSA-N	C7H14N2O4S
CC(/C(=N/OC(=O)NC)/C)S(=O)(=O)C	9571009	CTJBHIROCMPUKL-WEVVVXLNSA-N	C7H14N2O4S
CNS(=O)(=O)NC1CCC(C1)C(=O)O	114806480	KVAIWJDWAIKEKQ-UHFFFAOYSA-N	C7H14N2O4S
CCCSC(CC(=O)ON)C(=O)ON	87920013	UPZKRWICRKDIIC-UHFFFAOYSA-N	C7H14N2O4S
CC(C(OC)OC)NS(=O)(=O)CC#N	65571998	UADBQTYZDMVRKL-UHFFFAOYSA-N	C7H14N2O4S
CS(=O)(=O)N1CC(C1)CNCC(=O)O	84055659	PJAWMPFYFIUYRJ-UHFFFAOYSA-N	C7H14N2O4S
C([C@@H](C(=O)O)N)SCC(CN)C(=O)O	147548912	FQJPEUZZSLGEBC-AKGZTFGVSA-N	C7H14N2O4S
C1C(CS(C12CNC2)(O)O)NC(=O)O	122514109	UZMNBMKNSWVAKQ-UHFFFAOYSA-N	C7H14N2O4S
CN(CCC(=O)O)S(=O)(=O)N1CCC1	65684713	LUDLYQAZYHZEBD-UHFFFAOYSA-N	C7H14N2O4S
CC(C(C(=O)O)N)SCC(C(=O)O)N	13894881	NSGOABPZARPCFM-UHFFFAOYSA-N	C7H14N2O4S
CC(C(=O)N)NC1CS(=O)(=O)CC1O	60884250	SBCLQFRETHKCGE-UHFFFAOYSA-N	C7H14N2O4S
CCCS(=C([N+](=O)[O-])[N+](=O)[O-])CCC	23269039	PYXPNCVBRKKYNH-UHFFFAOYSA-N	C7H14N2O4S
C1C(CN1)NS(=O)(=O)CCCC(=O)O	66188187	CWXFBIFUTJLNIK-UHFFFAOYSA-N	C7H14N2O4S
C1CS(=O)(=O)CC1NC(=O)NCCO	3091623	BCPLHWCCJGRAAF-UHFFFAOYSA-N	C7H14N2O4S
CS(=O)(=O)/C=C/CNN[C@@H](CO)C=O	130468896	FJJBRORRPLJRPX-NUOXCJHRSA-N	C7H14N2O4S
C1CNC[C@@H]1NS(=O)(=O)CCC(=O)O	79686151	YWVHFLJAFLBMDM-ZCFIWIBFSA-N	C7H14N2O4S
C(CCC(=O)O)CCN=C(N)S(=O)O	87902732	ZQKDLHIGUIEAGU-UHFFFAOYSA-N	C7H14N2O4S
C(C(CSCC(C(=O)O)N)C(=O)O)N	123841634	FQJPEUZZSLGEBC-UHFFFAOYSA-N	C7H14N2O4S
CCOC(=O)/C(=C(/C)\NC)/S(=O)(=O)N	140344287	VBQQUYDXWTWBQA-AATRIKPKSA-N	C7H14N2O4S
C1CC(C1)(CNS(=O)(=O)CC(=O)O)N	103352833	FSARKDVCCYDLDF-UHFFFAOYSA-N	C7H14N2O4S
CCOC(=O)C1CCCN1S(=O)(=O)N	43362365	JTVSCILRYKVTFP-UHFFFAOYSA-N	C7H14N2O4S
CS(=O)(=O)N1CCC(CC1)(C(=O)O)N	130490742	KPMSKTGSLXVKBG-UHFFFAOYSA-N	C7H14N2O4S
C1C(CN(C1=O)CCCS(=O)(=O)N)O	64158792	MIIJYHJVQIYANZ-UHFFFAOYSA-N	C7H14N2O4S
CN(C1CCN(CC1)C(=O)O)S(=O)O	124000568	ZAJAKCPREWYLFT-UHFFFAOYSA-N	C7H14N2O4S
CSCC[C@H](C(=O)NOCC(=O)O)N	104909094	AALSRQOVUVOQAM-RXMQYKEDSA-N	C7H14N2O4S
CS(=O)(=O)NCCNC/C=C/C(=O)O	103239004	MZTXFLUYASPRSZ-NSCUHMNNSA-N	C7H14N2O4S
CS(=O)(=O)NC(=O)C1(CCOCC1)N	103287713	DULSZDSKEXCHGM-UHFFFAOYSA-N	C7H14N2O4S
C([C@@H](O)SC[C@H](C=O)N)C(C(=O)O)N	87765099	VEZJWQNXDLWTMV-BZWZBFKDSA-N	C7H14N2O4S
CS(=O)(=O)NC1CCN(CC1)C(=O)O	90906463	HHEPTRCSBLYPFS-UHFFFAOYSA-N	C7H14N2O4S
CN(C)N(C=O)C1CS(=O)(=O)CC1O	102566578	CXHBHTDSBNYIEQ-UHFFFAOYSA-N	C7H14N2O4S
CNS(=O)(=O)NC(CC(=O)O)C1CC1	114806973	KLOMOWUNYXMLNW-UHFFFAOYSA-N	C7H14N2O4S
C1C[C@H](CN(C1)S(=O)(=O)CC(=O)O)N	93835296	QETSRJCUDOCIQV-ZCFIWIBFSA-N	C7H14N2O4S
CC(C(CS(=O)(=O)O)NC(=O)C=C)N	135252154	PIYMYZRGSDPEHJ-UHFFFAOYSA-N	C7H14N2O4S
CSCCCNC(=O)NOCC(=O)O	116286971	HDRREZBAKWFHKQ-UHFFFAOYSA-N	C7H14N2O4S
C(CSC[C@@H](C(=O)[O-])[NH3+])[C@@H](C(=O)[O-])[NH3+]	25243997	ILRYLPWNYFXEMH-WHFBIAKZSA-N	C7H14N2O4S
C1CC1S(=O)(=O)NC(=O)COCCN	103308255	RUSDNNXRFIZLOC-UHFFFAOYSA-N	C7H14N2O4S
CS/C(=C\[N+](=O)[O-])/NCCOCCO	142086888	SEFLUHIHXAOOJS-SREVYHEPSA-N	C7H14N2O4S
CNS(=O)(=O)N1CCCCC1C(=O)O	60859698	VZXUETAJRLXNEG-UHFFFAOYSA-N	C7H14N2O4S
COC(=O)CCS(=O)(=O)NC1CC1N	61458627	IRJFGBVJVMSXII-UHFFFAOYSA-N	C7H14N2O4S
CC(C)(C(=O)NCC(=O)N)S(=O)(=O)C	64088762	WYXOBWYLTOSQLJ-UHFFFAOYSA-N	C7H14N2O4S
CS(=O)(=O)C1(CCNCC1)C(=O)NO	18723267	MYMOOSKGNLQIEO-UHFFFAOYSA-N	C7H14N2O4S
C1CC(CN(C1)S(=O)(=O)N)CC(=O)O	114958845	PFIPXAVRAWQMMX-UHFFFAOYSA-N	C7H14N2O4S
C[NH+]1C=CN=C1CCO.CS(=O)(=O)[O-]	118061520	OTLIMMXOCFJREY-UHFFFAOYSA-N	C7H14N2O4S
COCC(C(=O)NS(=O)(=O)C1CC1)N	103308309	ZBGLRFDFDHRPDO-UHFFFAOYSA-N	C7H14N2O4S
CNS(=O)(=O)N1CCC[C@H](C1)C(=O)O	93344470	QGZIXUZYXKXDPV-ZCFIWIBFSA-N	C7H14N2O4S
COC(=O)NCC1CNCCS1(=O)=O	84047314	IBKGTEZPQPZOPA-UHFFFAOYSA-N	C7H14N2O4S
COC(=O)CS(=O)(=O)NC1CCNC1	62379886	ALQZHJVZFAAMFF-UHFFFAOYSA-N	C7H14N2O4S
CS(=O)(=O)O.C1[C@H]2[C@@H]1N[C@H](C2)C(=O)N	118989484	WPIYZQBALIBMAA-DEVUXVJFSA-N	C7H14N2O4S
CNS(=O)(=O)CCN1CC(CC1=O)O	106339798	XJXJYNNRMCSFTO-UHFFFAOYSA-N	C7H14N2O4S
C(CC(=O)N)[C@@H](C(=O)O)NSCCO	126599701	GVVKSZGNIFKILI-YFKPBYRVSA-N	C7H14N2O4S
COC(=O)CCNS(=O)(=O)NC1CC1	114383085	HRFFFBSGGSSXGB-UHFFFAOYSA-N	C7H14N2O4S
C1CN([C@@H](N1)O)[C@@H]2CS(=O)(=O)C[C@@H]2O	124857259	BDWXXDNDMOCNAM-DSYKOEDSSA-N	C7H14N2O4S
C[C@@](CN)(C(=O)O)SC[C@@H](C(=O)O)N	102385367	CMRDMMFTULRFSY-MHTLYPKNSA-N	C7H14N2O4S
C1C[C@@H](NC1)C(=O)NCCS(=O)(=O)O	92150901	PZZLYPHENDSLTB-ZCFIWIBFSA-N	C7H14N2O4S
C1CC(N(C1)S(=O)(=O)CC(=O)O)CN	115312324	QYVBYFFMGHUXOW-UHFFFAOYSA-N	C7H14N2O4S
CC(=O)O[C@@H]1C[C@@H](CNC1)S(=O)(=O)N	122701914	UILYAPBZTSFOOD-RQJHMYQMSA-N	C7H14N2O4S
C1CNCC1CNS(=O)(=O)CC(=O)O	80563346	ZJPKGFDWBDKKBD-UHFFFAOYSA-N	C7H14N2O4S
C1CN([C@H](N1)O)[C@@H]2CS(=O)(=O)C[C@@H]2O	99976117	BDWXXDNDMOCNAM-VQVTYTSYSA-N	C7H14N2O4S
CCC(C(=O)NC)/C(=N/O)/S(=O)(=O)C	21565312	VHMHSOCBQVFNHT-CLFYSBASSA-N	C7H14N2O4S
CC(=O)NCCS(=O)CC(C(=O)O)N	23422722	KVCUBTNZMDHYAV-UHFFFAOYSA-N	C7H14N2O4S
CN1CCS(=O)(=O)NC(C1=O)COC	150870927	KUADDEYWHKMGSF-UHFFFAOYSA-N	C7H14N2O4S
CC(C(=O)NC(=O)N)SCC(CO)O	79682977	NYFAYPZJNGGRDN-UHFFFAOYSA-N	C7H14N2O4S
CS(=O)(=O)CC1CN(CCN1)C(=O)O	137500893	GYCSSHGOFSDSGJ-UHFFFAOYSA-N	C7H14N2O4S
CC([C@@H](C(=O)O)N)SCC(C(=O)O)N	16071495	NSGOABPZARPCFM-YCXLAJEKSA-N	C7H14N2O4S
C1CC(S(=O)(=O)C1)NC(=O)NCCO	117234794	WIGQLINOYZXKMR-UHFFFAOYSA-N	C7H14N2O4S
C1[C@@H]([C@@H](CS1(=O)=O)O)NCCNC=O	99977121	BPWPVDPDCIDTFZ-NKWVEPMBSA-N	C7H14N2O4S
CC(C(=O)O)S(=O)(=O)NC1CC(C1)N	61457746	BXBJOXFYDVOTNM-UHFFFAOYSA-N	C7H14N2O4S
COS(=O)(=O)OCC=C.C1CN=CN1	88480674	YVGPPGAKUAZPGP-UHFFFAOYSA-N	C7H14N2O4S
CS(=O)(=O)N1CCC(CC1)NC(=O)O	21070506	XXKZKDZSRKLWTP-UHFFFAOYSA-N	C7H14N2O4S
CC(C)(C)OC(=O)CCNN=S(=O)=O	140389177	PJVUORYEVUCJGB-UHFFFAOYSA-N	C7H14N2O4S
CC(C)C(NC(=O)C(=C)[NH3+])S(=O)(=O)[O-]	142728036	LLWCLMCLCQNDSA-UHFFFAOYSA-N	C7H14N2O4S
COCC(CNS(=O)(=O)CC#N)OC	104041582	LDHCELTZYYRXRJ-UHFFFAOYSA-N	C7H14N2O4S
CCS(=O)(=O)OC(=O)N1CCNCC1	145026648	HBBMGHVAQDIASP-UHFFFAOYSA-N	C7H14N2O4S
CS(=O)(=O)N1CCN(CC1)CC(=O)O	16243976	ASTVJVUMCHLFHE-UHFFFAOYSA-N	C7H14N2O4S
C(CCS)CC(CC[N+](=O)[O-])[N+](=O)[O-]	150662322	JEDIAMQFDYWDLL-UHFFFAOYSA-N	C7H14N2O4S
C1CN(CCC1N)S(=O)(=O)CC(=O)O	61358375	KNXVZUKALOVGDP-UHFFFAOYSA-N	C7H14N2O4S
CCN(CC(=O)O)S(=O)(=O)NC1CC1	114533574	UAWGFJALFFAZTE-UHFFFAOYSA-N	C7H14N2O4S
CCC(C)N1CC(NS1(=O)=O)C(=O)O	84131060	CPJGVFGLSHPJBR-UHFFFAOYSA-N	C7H14N2O4S
CC(C(C)(N)S(=O)(=O)O)NC(=O)C=C	140890668	GRYZDEDLQHPWBX-UHFFFAOYSA-N	C7H14N2O4S
C1CS(=O)(=O)C(CN1)C(=O)NCCO	84068766	NCSLZACVPJTFPR-UHFFFAOYSA-N	C7H14N2O4S
CN[C@@H](CSCC(C(=O)O)N)C(=O)O	22875012	QWWVBNODQCWBAZ-AKGZTFGVSA-N	C7H14N2O4S
C(CSC[C@H](C(=O)O)N)[C@H](C(=O)O)N	12358847	ILRYLPWNYFXEMH-RFZPGFLSSA-N	C7H14N2O4S
C(CSCC(C(=O)O)N)[13CH](C(=O)O)N	9859345	ILRYLPWNYFXEMH-AZXPZELESA-N	C7H14N2O4S
C1CNCC1NS(=O)(=O)CCC(=O)O	62380071	YWVHFLJAFLBMDM-UHFFFAOYSA-N	C7H14N2O4S
COC(=O)CN1CCN(CC1)S(=O)O	147947304	UBANAMZIARZQLP-UHFFFAOYSA-N	C7H14N2O4S
COC(=O)[C@H](CSC[C@@H](C(=O)O)N)N	129864609	ZZTLKTCWPCIMJJ-WHFBIAKZSA-N	C7H14N2O4S
CN(CC1CN(C1)C(=O)O)S(=O)(=O)C	139490238	DEIYUSQMTSUKCP-UHFFFAOYSA-N	C7H14N2O4S
COS(=O)(=O)[O-].C=CC[N+]1=CNCC1	87251944	VERXYVYXTUDBML-UHFFFAOYSA-N	C7H14N2O4S
CCS(=O)(=O)NC(=O)C1CNCCO1	103306979	SQHGPJAMRDDDEP-UHFFFAOYSA-N	C7H14N2O4S
C1COCCN1S(=O)(=O)N2CC(C2)O	63106614	RVIPWSHNQKOUJU-UHFFFAOYSA-N	C7H14N2O4S
C1CS(=O)(=O)CC1NCCOC(=O)N	83211605	PSXRMAGMWDLLQK-UHFFFAOYSA-N	C7H14N2O4S
C1C(CN1S(=O)(=O)CCCC(=O)O)N	65244818	QYFOUVGQNKHOAO-UHFFFAOYSA-N	C7H14N2O4S
CCC(=O)NNC1CS(=O)(=O)CC1O	102566389	KCUZJXVJCBADBM-UHFFFAOYSA-N	C7H14N2O4S
CCC(=NOC(=O)NC)CS(=O)(=O)C	53874111	HFELTYUDLKCVIR-UHFFFAOYSA-N	C7H14N2O4S
CC(=O)NC1C(C(C(SN1)CO)O)O	134373592	XZNXGKPGEDUNEF-UHFFFAOYSA-N	C7H14N2O4S
CN(C)S(=O)(=O)N1CCCC1C(=O)O	18524456	GLGPSEIQGWMHBJ-UHFFFAOYSA-N	C7H14N2O4S
CN(C)S(=O)(=O)NC1(CCC1)C(=O)O	81165454	NGAUXUBGJFCFTO-UHFFFAOYSA-N	C7H14N2O4S
CCN(C(C)C)C(=O)OSOC(=O)N	54061977	MAJATMFBSZEIEC-UHFFFAOYSA-N	C7H14N2O4S
C([C@@H](CSCC(C(=O)O)N)N)C(=O)O	21968832	QODXDYZXQGDERT-ROLXFIACSA-N	C7H14N2O4S
CSCCNC(=O)NCC(C(=O)O)O	66164939	LLVRYRQRVRJGSA-UHFFFAOYSA-N	C7H14N2O4S
CC1(CCNC1)NS(=O)(=O)CC(=O)O	107423243	UAZNIINBWIWSGK-UHFFFAOYSA-N	C7H14N2O4S
CC[C@@H](C(=O)O)NS(=O)(=O)NC1CC1	104935575	BQPURYVLZWECIZ-LURJTMIESA-N	C7H14N2O4S
CCN(CC)S(=O)(=O)N1CCOC1=O	3071321	VEYVXQGPEBPEFB-UHFFFAOYSA-N	C7H14N2O4S
CC(C)(C1COC1)S(=O)(=O)NC(=O)N	151666562	QXQPLSPXRYXKPU-UHFFFAOYSA-N	C7H14N2O4S
C(CSC[C@H](C(=O)O)N)[C@@H](C(=O)O)N	439698	ILRYLPWNYFXEMH-CRCLSJGQSA-N	C7H14N2O4S
CC(C#N)S(=O)(=O)NC(C)(CO)CO	81963953	BUGPDADKJZIQGR-UHFFFAOYSA-N	C7H14N2O4S
C(CSCC(C(=O)O)N)[C@@H](C(=O)O)N	10104953	ILRYLPWNYFXEMH-ROLXFIACSA-N	C7H14N2O4S
COC(CNC(=C[N+](=O)[O-])SC)OC	85541629	QJJULFDYGXTOQH-UHFFFAOYSA-N	C7H14N2O4S
C1CC1CS(=O)(=O)NCC(C(=O)N)O	106169441	SIBZDORZRAHPMW-UHFFFAOYSA-N	C7H14N2O4S
CC1=[N+](C=CN1C)C.COS(=O)(=O)[O-]	11579446	OUAUEIYYLHUEPK-UHFFFAOYSA-M	C7H14N2O4S
CNS(=O)(=O)N1CCC[C@@H](C1)C(=O)O	93344469	QGZIXUZYXKXDPV-LURJTMIESA-N	C7H14N2O4S
CS(=O)(=O)N1CCC1COCC(=O)N	84055665	NTRPSDIVCGQBPY-UHFFFAOYSA-N	C7H14N2O4S
CC([C@H](C(=O)O)N)SC[C@H](C(=O)O)N	101669867	NSGOABPZARPCFM-YZNZAMEGSA-N	C7H14N2O4S
C1CC(CCC1C(=O)O)NS(=O)(=O)N	114958782	RYEQMEJFCQZZHZ-UHFFFAOYSA-N	C7H14N2O4S
CNS(=O)(=O)N1CCCC1CC(=O)O	114805814	SJQJQSALCRHWHH-UHFFFAOYSA-N	C7H14N2O4S
C1CC(OC1)CS(=O)(=O)NCC(=O)N	64591768	WMJSHQWLQCRJRK-UHFFFAOYSA-N	C7H14N2O4S
C1CS(=O)(=O)CCC1(CN)NC(=O)O	89488660	AYMKZFSCJFZGQZ-UHFFFAOYSA-N	C7H14N2O4S
COC(=O)NC(=S)N1CCOCC1.O	51056834	SNGXQZXAIOONTD-UHFFFAOYSA-N	C7H14N2O4S
C[C@@H]([C@@H](C(=O)O)N)SC[C@@H](C(=O)O)N	101311681	NSGOABPZARPCFM-YUPRTTJUSA-N	C7H14N2O4S
C(CSCC(C(=O)O)N)C(N)OC=O	121242252	YJAWAITVGWINSX-UHFFFAOYSA-N	C7H14N2O4S
CC[N+]1=C(NC=C1)C.COS(=O)(=O)[O-]	141756813	HWYRWADDDODWRA-UHFFFAOYSA-N	C7H14N2O4S
CC(C(=O)N)S(=O)(=O)N1CCOCC1	68782847	QITAVEONEKSPBY-UHFFFAOYSA-N	C7H14N2O4S
CC1(O[C@H]2CNS(=O)(=O)NC[C@@H]2O1)C	11514081	QHIFXHVRIKRAKQ-WDSKDSINSA-N	C7H14N2O4S
CN(CCC(=O)O)S(=O)(=O)NC1CC1	65686625	MNNPBPXGJIERPP-UHFFFAOYSA-N	C7H14N2O4S
C[C@H]1CN(CCN1S(=O)(=O)C)C(=O)O	153909048	RONCAWFIFOAWPM-LURJTMIESA-N	C7H14N2O4S
C1CC(N(C1)S(=O)(=O)CCO)C(=O)N	79589293	NJFKXWXQKGIBFC-UHFFFAOYSA-N	C7H14N2O4S
CC1=C([NH2+]N=C1C)C.COS(=O)(=O)[O-]	144650960	XDWWAYFRCJNIMR-UHFFFAOYSA-N	C7H14N2O4S
COC(CN)C(=O)NS(=O)(=O)C1CC1	106114072	IOGSSNRIMYPCEP-UHFFFAOYSA-N	C7H14N2O4S
CC(=C(C)S(=O)(=O)C)NOC(=O)NC	57168017	YWQAKVFVDGDEHF-UHFFFAOYSA-N	C7H14N2O4S
C[NH+](CC(=O)[O-])S(=O)(=O)N1CCCC1	28783580	YMYRBDNEQHSPIW-UHFFFAOYSA-N	C7H14N2O4S
C[N+]1=C(NCC1)C=C.COS(=O)(=O)[O-]	87133178	LTAZFRQVYKUZHA-UHFFFAOYSA-N	C7H14N2O4S
C=CC(=O)NCCCNCS(=O)(=O)O	150880192	KVVTWCASUCEURQ-UHFFFAOYSA-N	C7H14N2O4S
CCNS(=O)(=O)NC(CC=C)C(=O)O	114806934	ARVLGCKYHOGFDO-UHFFFAOYSA-N	C7H14N2O4S
[2H]C(CSC[C@@H](C(=O)O)N)[C@@]([2H])(C(=O)O)N([2H])[2H]	129850321	ILRYLPWNYFXEMH-IMEQHJBWSA-N	C7H14N2O4S
C1CC(CC(C1)NS(=O)(=O)O)C(=O)N	90097260	LOLJCYCBVZSCII-UHFFFAOYSA-N	C7H14N2O4S
CCNS(=O)(=O)N1CC(C1)CC(=O)O	114806335	PFDJQERRBJZADY-UHFFFAOYSA-N	C7H14N2O4S
CCOC(=O)N[C@@H]1CS(=O)(=O)C[C@@H]1N	7058458	ZHLPCTGYIDZBNJ-NTSWFWBYSA-N	C7H14N2O4S
CC(/C(=N\OC(=O)NC)/C)S(=O)(=O)C	5362527	CTJBHIROCMPUKL-UITAMQMPSA-N	C7H14N2O4S
CON=C1CNCC1COS(=O)(=O)C	150463783	HQIDLDDNVYBXNQ-UHFFFAOYSA-N	C7H14N2O4S
C[C@@](CSC[C@@H](C(=O)O)N)(C(=O)O)N	89572614	BPCHPIRYRFAQET-MHTLYPKNSA-N	C7H14N2O4S
C1CC1S(=O)(=O)NCCC(C(=O)O)N	67154506	LKOOJAPUVRPGHB-UHFFFAOYSA-N	C7H14N2O4S
CC(C)NS(=O)(=O)NC1(CC1)C(=O)O	114806428	YULGLHSFNFNVEK-UHFFFAOYSA-N	C7H14N2O4S
CCOC(=O)CSCCC(=O)ONN	66338988	OJVWYSNEVDWXFS-UHFFFAOYSA-N	C7H14N2O4S
CC(C#N)S(=O)(=O)NCCOCCO	65570648	VFKVIOLBRLNGOP-UHFFFAOYSA-N	C7H14N2O4S
CSCCNC(=O)NC(CO)C(=O)O	63957481	DGMFEQBMMGNQAD-UHFFFAOYSA-N	C7H14N2O4S
CC(CS(=O)(=O)[O-])N(C[NH3+])C(=O)C=C	142719662	HOKMCQBTTVWFHD-UHFFFAOYSA-N	C7H14N2O4S
COC(=O)C1CCCCN1S(=O)(=O)N	53861949	GXCDAHTYWSUZDU-UHFFFAOYSA-N	C7H14N2O4S
CN1CCC(C1=O)NS(=O)(=O)CCO	106257737	YLVIBUNDZPDUFK-UHFFFAOYSA-N	C7H14N2O4S
CCNS(=O)(=O)NC(C1CC1)C(=O)O	114805947	LXWGIFPLUDMKBE-UHFFFAOYSA-N	C7H14N2O4S
C1CN(CC1CCC(=O)O)S(=O)(=O)N	114958997	NTSHSLSRBLUNON-UHFFFAOYSA-N	C7H14N2O4S
CC1(CCCN(C1)S(=O)(=O)N)C(=O)O	114958866	LNOORFXWEKBJOD-UHFFFAOYSA-N	C7H14N2O4S
CC1(CCCCN1S(=O)(=O)N)C(=O)O	114959047	OCOBPHPJKDNFQN-UHFFFAOYSA-N	C7H14N2O4S
CC(=C)N1C[NH2+]C=C1.COS(=O)(=O)[O-]	132255155	WNAPGTMZRIFUCQ-UHFFFAOYSA-N	C7H14N2O4S
C1CN(S(=O)(=O)N1)CC2(COC2)CO	130646734	MSRVFELFVNQNJG-UHFFFAOYSA-N	C7H14N2O4S
CC(CNNC(=O)C=C)CS(=O)(=O)O	149899609	CGXYLMOPLXNVID-UHFFFAOYSA-N	C7H14N2O4S
C1C[C@@H](CNC1)NS(=O)(=O)CC(=O)O	104982592	MVVXWPSDHMXFFX-LURJTMIESA-N	C7H14N2O4S
[H+].CCC1=[N+](C=CN1C)C.[O-]S(=O)(=O)[O-]	139345061	UWARZOPOCAZFHL-UHFFFAOYSA-M	C7H14N2O4S
CC(C)OC(=O)CNSN(C)C(=O)O	149919393	CKWSEQUDGYWNMU-UHFFFAOYSA-N	C7H14N2O4S
C1CC(NC1)C(=O)NCCS(=O)(=O)O	355555	PZZLYPHENDSLTB-UHFFFAOYSA-N	C7H14N2O4S
C1CCCN(CC1)S(=O)(=O)NC(=O)O	117126247	IGNRJAIPYYQZQF-UHFFFAOYSA-N	C7H14N2O4S
CC(C)(C)OC(=O)C(C(=S(=O)=O)N)N	142647748	BXUJKHBBFRMSCC-UHFFFAOYSA-N	C7H14N2O4S
CN1CCN(S1(=O)=O)CCCC(=O)O	82512800	VHODHBUBRHQKPB-UHFFFAOYSA-N	C7H14N2O4S
CCC(CS(=O)(=O)O)N(C(=O)C=C)N	88842999	KRYKVKPSBULLDO-UHFFFAOYSA-N	C7H14N2O4S
CS(=O)(=O)N[C@H]1C[C@H](CNC1)C(=O)O	143390485	WIPUKFPXFCRIDN-RITPCOANSA-N	C7H14N2O4S
CS(=O)(=O)N1CCC(C1)NCC(=O)O	84055661	INRSPCNJKIZOKM-UHFFFAOYSA-N	C7H14N2O4S
CC(C)(/C=N/N(C)C(=O)O)S(=O)(=O)C	121292535	VGOMLVGRFFURSW-VMPITWQZSA-N	C7H14N2O4S
CC(C)C(N)(NC(=O)C=C)S(=O)(=O)O	141144251	IJIIZGSJGIDJFB-UHFFFAOYSA-N	C7H14N2O4S
CCOS(=O)(=O)[O-].CN1C=C[N+](=C1)C	87103689	CQGWNXYQJIIJFV-UHFFFAOYSA-M	C7H14N2O4S
CCC(C#N)S(=O)(=O)NOCCOC	82715607	KLOCYJIPIVPLPV-UHFFFAOYSA-N	C7H14N2O4S
CCOC(=O)N[C@H]1CS(=O)(=O)C[C@H]1N	7012068	ZHLPCTGYIDZBNJ-RITPCOANSA-N	C7H14N2O4S
CCC(C(=O)N)NC(=O)CS(=O)(=O)C	153919559	DJLQFCWRILPENQ-UHFFFAOYSA-N	C7H14N2O4S
CC(C(=O)N1CC(C1)O)NS(=O)(=O)C	136515625	GBJMZBAZPXHRIE-UHFFFAOYSA-N	C7H14N2O4S
C1CC(CCC1N(C=O)N)S(=O)(=O)O	149277247	KIKAOSVZVBLEJG-UHFFFAOYSA-N	C7H14N2O4S
CCCCS(=O)(=O)N(C(=O)C)C(=O)N	153847989	YOWNGLUXJYWZPR-UHFFFAOYSA-N	C7H14N2O4S
C[C@H]([C@@H](C(=O)O)N)OC(=O)[C@H](CS)N	53895374	HTIVJACBLMDYEU-WISUUJSJSA-N	C7H14N2O4S
CN(C1CCN(C1)S(=O)(=O)C)C(=O)O	67503182	XMWAYJUUAOGRFL-UHFFFAOYSA-N	C7H14N2O4S
CCC(=O)NS(=O)(=O)CCNC(=O)C	148818173	ORGGWDDJWVCEQG-UHFFFAOYSA-N	C7H14N2O4S
C[C@@H]([C@H](C(=O)O)N)SC[C@@H](C(=O)O)N	191096	NSGOABPZARPCFM-VAYJURFESA-N	C7H14N2O4S
COCNC(=O)NC1CCS(=O)(=O)C1	110675932	GDWCDYNJWYGSAO-UHFFFAOYSA-N	C7H14N2O4S
CC(=O)NC(N(C)C(=O)C)S(=O)(=O)C	123784783	RPCWQBWZWLKOLL-UHFFFAOYSA-N	C7H14N2O4S
CS(=O)CCNC(=O)C(CC(=O)O)N	116146251	PVVFLPZRRQIVIF-UHFFFAOYSA-N	C7H14N2O4S
C/C=C/CCNS(=O)(=O)NC(=O)OC	114463152	SAKZFRWPDXSUNX-ONEGZZNKSA-N	C7H14N2O4S
C[C@@H](C(=O)O)NS(=O)(=O)N1CCCC1	28784039	CNMZAOIJVCVFHM-LURJTMIESA-N	C7H14N2O4S
CC(CN1CCCNS1(=O)=O)C(=O)O	84788624	WTCXYIRLRGOLAS-UHFFFAOYSA-N	C7H14N2O4S
CC(C(=O)O)S(=O)(=O)N1CC[C@H](C1)N	115301777	QMDBHBNBQRFIFL-PRJDIBJQSA-N	C7H14N2O4S
CC(=NCCS(=O)(=O)CCC(=O)O)N	142233058	LSPGQYUDBWKCMH-UHFFFAOYSA-N	C7H14N2O4S
COC(=O)[C@H](CSCC(C(=O)O)N)N	54574727	ZZTLKTCWPCIMJJ-AKGZTFGVSA-N	C7H14N2O4S
C[C@@H]1CCCN(C(=O)[C@H]1N)S(=O)(=O)O	151524262	PVCRMOCXHQTUSL-RITPCOANSA-N	C7H14N2O4S
CS(=O)(=O)N[C@@H]1C[C@@H](CNC1)C(=O)O	69070017	WIPUKFPXFCRIDN-NTSWFWBYSA-N	C7H14N2O4S
CCCCN1C(CNS1(=O)=O)C(=O)O	84131064	YQXIZSYJLXGSQN-UHFFFAOYSA-N	C7H14N2O4S
C[C@@H](/C(=N/OC(=O)NC)/C)S(=O)(=O)C	76968686	CTJBHIROCMPUKL-HOITVRGQSA-N	C7H14N2O4S
CS(=O)(=O)N1CC(C1)OCCC(=O)N	84055667	GWIGMHXADHJDLA-UHFFFAOYSA-N	C7H14N2O4S
C1CC(C(C1)C(=O)O)CNS(=O)(=O)N	114958935	KRGGQAGDHHRIRR-UHFFFAOYSA-N	C7H14N2O4S
C[C@@H]1CN(C[C@H]1C(=O)O)S(=O)(=O)NC	105578844	TYTIZBGQUAVRFW-PHDIDXHHSA-N	C7H14N2O4S
COC(=O)[C@H]1CCCN(C1)S(=O)(=O)N	103698199	YMXTWVMEHOLNTC-LURJTMIESA-N	C7H14N2O4S
CC(=O)O[C@@H]1C[C@H](CNC1)S(=O)(=O)N	122701882	UILYAPBZTSFOOD-RNFRBKRXSA-N	C7H14N2O4S
CC(C)(CS(=O)(=O)O)NNC(=O)C=C	153732404	YHDUVRXWKBTPDA-UHFFFAOYSA-N	C7H14N2O4S
COC(=O)CS(=C(N)N)CC(=O)OC	145797594	YHMVPQSRYTVXQL-UHFFFAOYSA-N	C7H14N2O4S
C/C=C/N1C[NH2+]C=C1.COS(=O)(=O)[O-]	132255157	JZCKCLDPAZMKHO-VEELZWTKSA-N	C7H14N2O4S
CC(C)C(NNC(=O)C=C)S(=O)(=O)O	151176037	NDGYURPICJREMH-UHFFFAOYSA-N	C7H14N2O4S
COC(=O)CS(=O)(=O)N[C@@H]1CCNC1	79684933	ALQZHJVZFAAMFF-ZCFIWIBFSA-N	C7H14N2O4S
COC(=O)[C@H]1CN(CCN1)S(=O)(=O)C	7161616	XDYBHFOINWACMY-ZCFIWIBFSA-N	C7H14N2O4S
CCOC(=O)NCNC(=O)OCCS	141305857	HGHVCWJAANXPCM-UHFFFAOYSA-N	C7H14N2O4S
C1CC1NS(=O)(=O)CCC(C(=O)O)N	70945844	CGIYDJGNGJQTGC-UHFFFAOYSA-N	C7H14N2O4S
COCCS(=O)(=O)N1CCNC(=O)C1	61694912	MAANPDOBMNZUMA-UHFFFAOYSA-N	C7H14N2O4S
CC1CN(CC1C(=O)O)S(=O)(=O)NC	114806144	TYTIZBGQUAVRFW-UHFFFAOYSA-N	C7H14N2O4S
C1C(C(C(OC1NC(=S)N)CO)O)O	155085393	YDPOMJVMBZOQBR-UHFFFAOYSA-N	C7H14N2O4S
CCS(=O)(=O)CC(C(=O)O)N=C(C)N	153674089	UBQGAZMLRJPYMT-UHFFFAOYSA-N	C7H14N2O4S
CC(C)S(=O)(=O)NC[C@H]1CNC(=O)O1	57558175	SDGSROPTAPRSMO-ZCFIWIBFSA-N	C7H14N2O4S
CC/C(=N\OC(=O)NC)/S(=O)(=O)CC	88841927	DUSWAQYCVBAADD-RMKNXTFCSA-N	C7H14N2O4S
C1CN(CCN1)C(=O)CCS(=O)(=O)O	82509427	PKQTWUJUDLJOND-UHFFFAOYSA-N	C7H14N2O4S
CN(C)N(C=O)[C@H]1CS(=O)(=O)C[C@H]1O	99977139	CXHBHTDSBNYIEQ-NKWVEPMBSA-N	C7H14N2O4S
C(CSC[C@@H](C(=O)O)N)C(C(=O)O)N	22823658	ILRYLPWNYFXEMH-AKGZTFGVSA-N	C7H14N2O4S
C(CC(=O)O)C(N)SC[C@@H](C(=O)O)N	53823754	FXOPSNHDNFNTMS-ROLXFIACSA-N	C7H14N2O4S
CCC(C(CC(=O)NO)S)C(=O)NO	88131121	ZEBXESHJVTVLQU-UHFFFAOYSA-N	C7H14N2O4S
CC(=N[C@@H](CS)C(=O)O)C.C(=O)(N)O	88004740	SCVDVPYFLSFHFK-JEDNCBNOSA-N	C7H14N2O4S
CS(=O)(=O)CCN1CC(OC1=O)CN	112594267	BSEUPFIKSWRRKV-UHFFFAOYSA-N	C7H14N2O4S
CN1CC(OCC1=O)CNS(=O)(=O)C	110710157	FNVJIXRABMEAHM-UHFFFAOYSA-N	C7H14N2O4S
CC(C)(C(=O)O)NS(=O)(=O)NC1CC1	114805786	HYCWYNUDZYRYBJ-UHFFFAOYSA-N	C7H14N2O4S
CC1CCCN(C1C(=O)O)S(=O)(=O)N	107070116	QBSZSGMTZMCAPU-UHFFFAOYSA-N	C7H14N2O4S
CS(=O)(=O)O.C1[C@@H]2[C@H]1N[C@@H](C2)C(=O)N	11506820	WPIYZQBALIBMAA-SHLRHQAISA-N	C7H14N2O4S
CS(=O)(=O)NC(=O)CN1CCOCC1	89504369	DHKDEBWAAIBAFN-UHFFFAOYSA-N	C7H14N2O4S
CC1CCCN1S(=O)(=O)NCC(=O)O	120393748	GXDLZUAYNFSUKO-UHFFFAOYSA-N	C7H14N2O4S
CC(N1CCC[C@H]1C(=O)O)S(=O)(=O)N	56977434	YNQYXSYWIXSDOB-GDVGLLTNSA-N	C7H14N2O4S
CCC(CNC(=O)C(=C)[NH3+])S(=O)(=O)[O-]	142739740	QZFXNNHVYYRIFO-UHFFFAOYSA-N	C7H14N2O4S
CCN1CCN(S1(=O)=O)C(=O)C(C)O	71278133	GUFYCPAOCFSTBJ-UHFFFAOYSA-N	C7H14N2O4S
C1CC(C(C1)NS(=O)(=O)CC(=O)O)N	63252435	UDTWZQYDKQSCLA-UHFFFAOYSA-N	C7H14N2O4S
CC(=O)NNC(=O)CSCC(CO)O	79682088	AQESMEZUXPKXSU-UHFFFAOYSA-N	C7H14N2O4S
CN(C)S(=O)(=O)N1CCC[C@@H]1C(=O)O	28229632	GLGPSEIQGWMHBJ-ZCFIWIBFSA-N	C7H14N2O4S
COC(=O)[C@H]1CNCCN1S(=O)(=O)C	7161675	UPDQKYWQBDJMMO-ZCFIWIBFSA-N	C7H14N2O4S
C1CCC(C1)(CC(=O)O)NS(=O)(=O)N	114958915	BHNZHTKIOMNTCW-UHFFFAOYSA-N	C7H14N2O4S
CC(=O)ONS(=O)(=O)C1CCCNC1	134541024	RKMHHQNUOINRRJ-UHFFFAOYSA-N	C7H14N2O4S
CCS(=O)(=O)N1CC(CC1C(=O)N)O	64584955	QJDHWSQBLZZXMW-UHFFFAOYSA-N	C7H14N2O4S
CC(C(C)([NH3+])S(=O)(=O)[O-])NC(=O)C=C	140890667	GRYZDEDLQHPWBX-UHFFFAOYSA-N	C7H14N2O4S
CCC(CO)(CO)NS(=O)(=O)CC#N	107865871	HXSDVRAWKPCOIC-UHFFFAOYSA-N	C7H14N2O4S
C1CCC(C(C1)C(=O)O)NS(=O)(=O)N	114958919	DZOFXCHEOPXQCN-UHFFFAOYSA-N	C7H14N2O4S
COS(=O)(=O)O.C=CCC1=NCCN1	88480669	ZFWUPHMNSPBCPK-UHFFFAOYSA-N	C7H14N2O4S
C1C(C(CS1(=O)=O)O)NCCC(=O)N	60884252	WEBXYMQCEFEQSG-UHFFFAOYSA-N	C7H14N2O4S
C1CS(=O)(=O)CC1NC(=O)C(CN)O	84131053	XWFYDXHWQYGDGQ-UHFFFAOYSA-N	C7H14N2O4S
CS(=O)(=O)N1CC[NH+](CC1)CC(=O)[O-]	40787057	ASTVJVUMCHLFHE-UHFFFAOYSA-N	C7H14N2O4S
C1CC1C(CNS(=O)(=O)CC(=O)O)N	115301314	ZALMUUFHKWEKBJ-UHFFFAOYSA-N	C7H14N2O4S
CC(=O)CC(=O)NCCNS(=O)(=O)C	60933287	RMTQEOVXAVYNJU-UHFFFAOYSA-N	C7H14N2O4S
CN(CC(O)O)C(=S)N(C)CC(=O)O	54342930	RTVQRNUPSKPAOI-UHFFFAOYSA-N	C7H14N2O4S
C1CC(N(C1)CCS(=O)(=O)N)C(=O)O	114385312	HMQZKTNQISLUFA-UHFFFAOYSA-N	C7H14N2O4S
CCSOC(=O)N(C(C)C)OC(=O)N	54224208	QESKJRPUFUKJKJ-UHFFFAOYSA-N	C7H14N2O4S
C(COC(=O)[C@H](CS)N)[C@@H](C(=O)O)N	53699926	BTELOVXCZXPRRH-WHFBIAKZSA-N	C7H14N2O4S
CCC(C#N)S(=O)(=O)NCC(CO)O	66176480	PGOKZOACRDNGBO-UHFFFAOYSA-N	C7H14N2O4S
CN1CC(CN(C1=O)C)CS(=O)(=O)O	150168567	FIXYHJMNUXKXJN-UHFFFAOYSA-N	C7H14N2O4S
CC(CS(=O)(=O)O)C(N)NC(=C)C=O	117702378	SUEPHRWETUZDEU-UHFFFAOYSA-N	C7H14N2O4S
CC(=O)O[C@H]1C[C@H](CNC1)S(=O)(=O)N	122701663	UILYAPBZTSFOOD-NKWVEPMBSA-N	C7H14N2O4S
C[C@H]([C@@H](C(=O)N[C@@H](CS)C(=O)O)N)O	88082028	CUTPSEKWUPZFLV-WISUUJSJSA-N	C7H14N2O4S
C1CN(CCC1CC(=O)O)S(=O)(=O)N	114958965	DLHISZCNBYEMOW-UHFFFAOYSA-N	C7H14N2O4S
C(CS(=O)(=O)NC/C=C/CN)C(=O)O	104461984	RYIKYRVRKQPQMR-OWOJBTEDSA-N	C7H14N2O4S
CCOC(=O)CS(=O)(=O)N1CC(C1)N	65244888	LJPUZALVSJQGBY-UHFFFAOYSA-N	C7H14N2O4S
C1CC(C1)(CC(=O)O)CNS(=O)(=O)N	114958989	AMUQVSMTOCCJIO-UHFFFAOYSA-N	C7H14N2O4S
C1CN([C@@H](N1)O)[C@H]2CS(=O)(=O)C[C@@H]2O	124857260	BDWXXDNDMOCNAM-LYFYHCNISA-N	C7H14N2O4S
C(CS)[C@@H](C(=O)O)NCC(C(=O)O)N	54531404	YWUZXGLTKKSBCB-AKGZTFGVSA-N	C7H14N2O4S
CCOC(=O)[C@@H]1CCCN1S(=O)(=O)N	51888910	JTVSCILRYKVTFP-LURJTMIESA-N	C7H14N2O4S
CC1=CN([N+](=C1)C)C.COS(=O)(=O)[O-]	16217219	CBKJDTFDVVXSJR-UHFFFAOYSA-M	C7H14N2O4S
CC(CSC)NC(=O)NOCC(=O)O	116287291	IKKOWWPVRVHVAY-UHFFFAOYSA-N	C7H14N2O4S
CCS(=O)(=O)NC1CCCN1C(=O)O	153677084	GFTLIQPCKGMSFN-UHFFFAOYSA-N	C7H14N2O4S
CCN1CC(CNS1(=O)=O)CC(=O)O	84131073	PBCLJBHULUSMJZ-UHFFFAOYSA-N	C7H14N2O4S
CCN1C=CC=[N+]1C.COS(=O)(=O)[O-]	87894442	HPPWUJHMLCPPCB-UHFFFAOYSA-M	C7H14N2O4S
CC(CNC(=O)CS(=O)(=O)C)C(=O)N	87739302	ZKMDRDYWBFFTSI-UHFFFAOYSA-N	C7H14N2O4S
CC(C=O)NC(=O)C(C)NS(=O)(=O)C	20644292	CSZGVICAPYHIDW-UHFFFAOYSA-N	C7H14N2O4S
CCS(=O)(=O)NOC(=O)[C@@H]1CCCN1	70486636	BKOFAWYOHPSBCL-LURJTMIESA-N	C7H14N2O4S
[2H]C([2H])([2H])NC(=O)O/N=C\C(C)(C)S(=O)(=O)C	132935764	YRRKLBAKDXSTNC-OCLXGEHQSA-N	C7H14N2O4S
CN(C1CNC1)S(=O)(=O)CCC(=O)O	66187809	OKXXDORDXZYXJS-UHFFFAOYSA-N	C7H14N2O4S
CC(C)CN1C(CNS1(=O)=O)C(=O)O	84131065	VVJUEOUROOOHJO-UHFFFAOYSA-N	C7H14N2O4S
CCCN1C(CN(S1(=O)=O)C)C(=O)O	84131068	PLCNETVQTSBVAH-UHFFFAOYSA-N	C7H14N2O4S
CNC1CCC(CC1N=O)S(=O)(=O)O	147846262	DCXXRYUOEFRANQ-UHFFFAOYSA-N	C7H14N2O4S
COCCN(CCO)S(=O)(=O)CC#N	115766912	AXYSNZZTQFCPHE-UHFFFAOYSA-N	C7H14N2O4S
CS(=O)(=O)NN1CCC[C@@H](C1)C(=O)O	69066917	CXXOPQNLHJSNTM-LURJTMIESA-N	C7H14N2O4S
CC(C(C)S(=O)(=O)O)NNC(=O)C=C	152514436	YGEOMJCBYMBNTC-UHFFFAOYSA-N	C7H14N2O4S
C1C(C(CS1(=O)=O)O)NCCNC=O	102566575	BPWPVDPDCIDTFZ-UHFFFAOYSA-N	C7H14N2O4S
C1CN(CCN1)S(=O)(=O)CCC(=O)O	61405457	HLCWQJXSFQDQPP-UHFFFAOYSA-N	C7H14N2O4S
C1COCCN1CCS(=O)(=O)NC=O	66682137	KTNFKPVXAFNXNF-UHFFFAOYSA-N	C7H14N2O4S
CN(C)S(=O)(=O)N1CC[C@H](C1)C(=O)O	59652928	YLKGKWRNRPMDAD-ZCFIWIBFSA-N	C7H14N2O4S
C1CC1C(C(=O)O)NCCS(=O)(=O)N	114385361	MMELPTAIRWIREL-UHFFFAOYSA-N	C7H14N2O4S
CC(=O)OC1CNCCN1S(=O)(=O)C	139947767	KTBHJCJZLISIOG-UHFFFAOYSA-N	C7H14N2O4S
CCOC(=O)CS(=O)(=O)NC1CNC1	66186775	HNZYIGOXHSOCMF-UHFFFAOYSA-N	C7H14N2O4S
CC(C)N1C(CN(S1(=O)=O)C)C(=O)O	84131069	JMQUYZWGVBVYLB-UHFFFAOYSA-N	C7H14N2O4S
CN(C1CCN(C1)C(=O)O)S(=O)(=O)C	153872016	VJUYIPKFRSEFHH-UHFFFAOYSA-N	C7H14N2O4S
CC1CN(CCN1C(=O)O)S(=O)(=O)C	90421228	BZZHTQZYGHVGOY-UHFFFAOYSA-N	C7H14N2O4S
CCS(=O)CCNC(=O)NCC(=O)O	104001151	NWGBKHFMUAJIFI-UHFFFAOYSA-N	C7H14N2O4S
CCOC(=O)C1CN(CCN1)S(=O)O	148325771	DABOYXQNLMRZFR-UHFFFAOYSA-N	C7H14N2O4S
CCOC(=O)C(=NN)CCS(=O)(=O)C	134999915	YWKYLSLFCSJSQR-UHFFFAOYSA-N	C7H14N2O4S
CC(C)(CS(=O)(=O)ON)NC(=O)C=C	21133729	KAZSFLAPWNFPOQ-UHFFFAOYSA-N	C7H14N2O4S
C[C@@H](C(=NOC(=O)NC)C)S(=O)(=O)C	124249715	CTJBHIROCMPUKL-LURJTMIESA-N	C7H14N2O4S
COC(=O)CNS(=O)(=O)N1CCCC1	43423042	ZPOPDJCYZWCAJE-UHFFFAOYSA-N	C7H14N2O4S
C1CN(CC1N)S(=O)(=O)CCC(=O)O	62068909	JTYGJCGTCKGXTA-UHFFFAOYSA-N	C7H14N2O4S
COC(=O)C1CCN1CCS(=O)(=O)N	112581200	CYWNCIPHDQMCDI-UHFFFAOYSA-N	C7H14N2O4S
C=CS(=O)(=O)CCOC(=O)NCCN	58003244	WNXHODCFGOPOFG-UHFFFAOYSA-N	C7H14N2O4S
CC1CCN(C1C(=O)O)S(=O)(=O)NC	102776353	GJLAMSJNXYGUHQ-UHFFFAOYSA-N	C7H14N2O4S
CCN1CC(CN(S1(=O)=O)C)C(=O)O	84131070	BZMRVFUVIFQLFL-UHFFFAOYSA-N	C7H14N2O4S
CS(=O)(=O)NCCN1CC(CC1=O)O	64157477	HQYCJSJZELYTRI-UHFFFAOYSA-N	C7H14N2O4S
CC(=O)N[C@@H](CC=S(=O)(C)N)C(=O)O	91128995	NDYBYBGEVIEYPQ-TZKMECQKSA-N	C7H14N2O4S
CCOC(=O)S(=O)(=O)N1CCNCC1	87978761	YCWCERYFXNWQEQ-UHFFFAOYSA-N	C7H14N2O4S
COC(=O)C1CCCN(C1)S(=O)(=O)N	78920500	YMXTWVMEHOLNTC-UHFFFAOYSA-N	C7H14N2O4S
CCCC[N+]1=CNC=C1.OS(=O)(=O)[O-]	69021248	VTIHQWFJKPPNEF-UHFFFAOYSA-N	C7H14N2O4S
C1CNCCC1(C(=O)O)S(=O)(=O)CN	150334361	GQIWSSOIHCWBNV-UHFFFAOYSA-N	C7H14N2O4S
CC(C)OC(=O)NS(=O)(=O)NCC=C	114463108	ATNAXRZHQWTDNX-UHFFFAOYSA-N	C7H14N2O4S
CC(=O)NC1C([C@@H](C(SN1)CO)O)O	149316121	XZNXGKPGEDUNEF-BWZSGCSDSA-N	C7H14N2O4S
CCOC(=O)NN(C(=O)OCC)SC	88543478	RVTBMSBCDXZHKY-UHFFFAOYSA-N	C7H14N2O4S
CCC(C=NOC(=O)NC)S(=O)(=O)C	150557214	IJBZKDRNTXZLPB-UHFFFAOYSA-N	C7H14N2O4S
CCCNS(=O)(=O)NC1(CC1)C(=O)O	114806424	NJCDTXQFOAPHED-UHFFFAOYSA-N	C7H14N2O4S
CCC1=[N+](C(=CN1)O)C.CS(=O)(=O)[O-]	118061518	MOPXBCOYGJJMLU-UHFFFAOYSA-N	C7H14N2O4S
C1CC(CS(=O)(=O)C1)NOCC(=O)N	112672599	ZWHWNYPAPHSWNA-UHFFFAOYSA-N	C7H14N2O4S
CC1N2CCCC(C2)N1OS(=O)(=O)O	144936980	GTHBXFMSWSHFRB-UHFFFAOYSA-N	C7H14N2O4S
CNC1COCC1C(=O)NS(=O)(=O)C	103287296	CTJIALYDKVYZGR-UHFFFAOYSA-N	C7H14N2O4S
C1CC1C(CN)NS(=O)(=O)CC(=O)O	65188398	LNBZREQPNWDPRI-UHFFFAOYSA-N	C7H14N2O4S
CC(=O)CNS(=O)(=O)N1CCOCC1	64994479	UCNIHXMKLWOOMW-UHFFFAOYSA-N	C7H14N2O4S
CC(C)(C=NOC(=O)NC)S(=O)(=O)C	15438	YRRKLBAKDXSTNC-UHFFFAOYSA-N	C7H14N2O4S
[H+].CCCC[NH+]1C=CN=C1.[O-]S(=O)(=O)[O-]	67974809	VTIHQWFJKPPNEF-UHFFFAOYSA-N	C7H14N2O4S
CC(C(=O)O)N(C)S(=O)(=O)NC1CC1	114533593	QQZGVWLRFVPOKV-UHFFFAOYSA-N	C7H14N2O4S
C1CN(S(=O)(=O)C1)CC(=O)NCCO	43620087	IJFKTUTYUHPASF-UHFFFAOYSA-N	C7H14N2O4S
C1CC(OC1)C(=O)NCCS(=O)(=O)N	61066844	IJCMFIDBOQBLKQ-UHFFFAOYSA-N	C7H14N2O4S
C[C@H]1CCCN(C(=O)[C@H]1N)S(=O)(=O)O	151524263	PVCRMOCXHQTUSL-WDSKDSINSA-N	C7H14N2O4S
CC(C)(/C=N/OC(=O)NC)S(=O)(=O)C	9570093	YRRKLBAKDXSTNC-WEVVVXLNSA-N	C7H14N2O4S
CCS(=O)(=O)N1CCNC(C1)C(=O)O	84131055	JZXPBRISBUJPSA-UHFFFAOYSA-N	C7H14N2O4S
C1[C@H]([C@@H](CS1(=O)=O)O)NCCNC=O	99977126	BPWPVDPDCIDTFZ-RNFRBKRXSA-N	C7H14N2O4S
CCCN1CCN(S1(=O)=O)C(=O)OC	117904779	VBMWCUXSLSRVEM-UHFFFAOYSA-N	C7H14N2O4S
C[C@H]1CNCCN1S(=O)(=O)CC(=O)O	82755764	LMPXBLKTJIDSKD-LURJTMIESA-N	C7H14N2O4S
CCCC1=[N+](C=CN1)C.OS(=O)(=O)[O-]	129845281	QHMHDXVZSKJPRC-UHFFFAOYSA-N	C7H14N2O4S
CCC(C(=O)NC)C(=NO)S(=O)(=O)C	73796165	VHMHSOCBQVFNHT-UHFFFAOYSA-N	C7H14N2O4S
CC(C)(C(=O)O)N1CCCNS1(=O)=O	84788625	YODWORGVVZFKGY-UHFFFAOYSA-N	C7H14N2O4S
C1CC1S(=O)(=O)NCC[C@@H](C(=O)O)N	67154505	LKOOJAPUVRPGHB-LURJTMIESA-N	C7H14N2O4S
CC1CN(CC(=O)N1)S(=O)(=O)CCO	130934425	RBYFQWLFBLPVCL-UHFFFAOYSA-N	C7H14N2O4S
CC(C)N1CCN(S1(=O)=O)CC(=O)O	21061941	RIZCRHQMMWQDPF-UHFFFAOYSA-N	C7H14N2O4S
CN(CCSC)C(=O)NOCC(=O)O	116287228	NRPLKYYWXSWMJW-UHFFFAOYSA-N	C7H14N2O4S
COCCSCC(=O)NOCC(=O)N	112550646	AJFQEADTNXDOQA-UHFFFAOYSA-N	C7H14N2O4S
C(CSC[C@H](C(=O)[O-])[NH3+])[C@H](C(=O)[O-])[NH3+]	36690718	ILRYLPWNYFXEMH-RFZPGFLSSA-N	C7H14N2O4S
C[N+]1=CN(CC1)C=C.COS(=O)(=O)[O-]	22115026	JUBDVFCBIHOEFQ-UHFFFAOYSA-M	C7H14N2O4S
CC(=C)C(=O)NNCCCS(=O)(=O)O	150549823	IHQFPBFECSQDKK-UHFFFAOYSA-N	C7H14N2O4S
CONC(=O)CC1CS(=O)(=O)CCN1	80520950	MOZBEQPSOHUIMQ-UHFFFAOYSA-N	C7H14N2O4S
C1CN(CC1C(=O)O)CCS(=O)(=O)N	114385368	GPUPEESEPGFACW-UHFFFAOYSA-N	C7H14N2O4S
COC(=O)CS(=O)(=O)N[C@H]1CCNC1	79686261	ALQZHJVZFAAMFF-LURJTMIESA-N	C7H14N2O4S
CC(C)CN1CC(NS1(=O)=O)C(=O)O	84131059	KEYUNEAKUZOKMN-UHFFFAOYSA-N	C7H14N2O4S
CCN1C=C[N+](=C1C)C.OS(=O)(=O)[O-]	118386545	VPSNMGZWQLHRPT-UHFFFAOYSA-M	C7H14N2O4S
C[S@@](=O)CC[C@@H](C(=O)O)NC(=O)CN	139060849	SWJRGUIINHNACF-OVZGEXIGSA-N	C7H14N2O4S
CC(C)(C)C1CNS(=O)(=O)N1C(=O)O	126640363	AFOKMSPEHLQVQT-UHFFFAOYSA-N	C7H14N2O4S
CS(=O)(=O)NC(=O)CC1COCCN1	103287309	NUXLPZPHVKISLX-UHFFFAOYSA-N	C7H14N2O4S
CCC/C(=N/OC(=O)NC)/S(=O)(=O)C	88843170	ALODUIDSIFIGQB-TWGQIWQCSA-N	C7H14N2O4S
COC(=O)CCS(=O)(=O)N1CC(C1)N	65244767	ZFQDHWWNADUDFQ-UHFFFAOYSA-N	C7H14N2O4S
CC(C)(/C=N\OC(=O)NC)S(=O)(=O)C	5368053	YRRKLBAKDXSTNC-UITAMQMPSA-N	C7H14N2O4S
C[C@@H]1CNCCN1S(=O)(=O)CC(=O)O	82755888	LMPXBLKTJIDSKD-ZCFIWIBFSA-N	C7H14N2O4S
C1CS(=O)(=O)CC1NCC(C(=O)O)N	64581038	MBQRUNMFHZHZCH-UHFFFAOYSA-N	C7H14N2O4S
CC1(OC2CNS(=O)(=O)NCC2O1)C	23130201	QHIFXHVRIKRAKQ-UHFFFAOYSA-N	C7H14N2O4S
CC(C(=O)OC)S(=O)(=O)NC1CNC1	66187714	IODNKTFQZWPSAT-UHFFFAOYSA-N	C7H14N2O4S
CCCNS(=O)(=O)N1CC(C1)C(=O)O	114806243	KPKOSEVOCZWOFH-UHFFFAOYSA-N	C7H14N2O4S
CS(=O)(=O)N1CCC(C1)OCC(=O)N	84055666	NYSWNBIGCUNDGM-UHFFFAOYSA-N	C7H14N2O4S
CCS(=O)(=O)NC1CCN(C1)C(=O)O	150760932	JXUWFPUSRADXTN-UHFFFAOYSA-N	C7H14N2O4S
CCOC(=O)CN(CC=C)S(=O)(=O)N	115595660	YQWQMMPHUCZKKF-UHFFFAOYSA-N	C7H14N2O4S
CC(=O)ON.COC(=O)NC(=C)SC	142098457	WBJZCPDNPZLDSC-UHFFFAOYSA-N	C7H14N2O4S
CS(=O)(=O)NCCCN/C=C/C(=O)O	106340210	JEFDVLLBAXSXFF-ZZXKWVIFSA-N	C7H14N2O4S
CC(C(=O)O)N1CCCN(S1(=O)=O)C	84788623	SFNQVRIKGVRXLQ-UHFFFAOYSA-N	C7H14N2O4S
C[C@@H](C(=O)[O-])[NH2+]S(=O)(=O)N1CCCC1	28784038	CNMZAOIJVCVFHM-LURJTMIESA-N	C7H14N2O4S
CC(C)C(NC(=O)C(=C)N)S(=O)(=O)O	142728037	LLWCLMCLCQNDSA-UHFFFAOYSA-N	C7H14N2O4S
COC(=O)[C@H]1CCCCN1S(=O)(=O)N	103737670	GXCDAHTYWSUZDU-ZCFIWIBFSA-N	C7H14N2O4S
CON([C@@H](CCSC)C(=O)O)C(=O)N	151038871	MBQOLKJYEREQQK-YFKPBYRVSA-N	C7H14N2O4S
CN(C)N1CCS(=O)(=O)CC1C(=O)O	123354916	FHQSUJVAJYYJKR-UHFFFAOYSA-N	C7H14N2O4S
C(CSCC(=O)NC(CO)C(=O)O)N	84557077	SVTAVFAAQJABIH-UHFFFAOYSA-N	C7H14N2O4S
COC(=O)N1CCC(CC1)S(=O)(=O)N	137402501	VXBJJMBNQWBODN-UHFFFAOYSA-N	C7H14N2O4S
C1CN(OC1)S(=O)(=O)N2CCOCC2	104102107	BNSQFUUSJJAZGF-UHFFFAOYSA-N	C7H14N2O4S
C(CSC[C@@H](C(=O)[O-])[NH3+])[C@H](C(=O)[O-])[NH3+]	36690717	ILRYLPWNYFXEMH-UHNVWZDZSA-N	C7H14N2O4S
C1CCC(C(C1)N)(C(=O)N)S(=O)(=O)O	87120152	WYXIANDKUODUHK-UHFFFAOYSA-N	C7H14N2O4S
C[N+]1=CN(C=C1)CCO.CS(=O)(=O)[O-]	87455817	DKNNPVHKMLNPFY-UHFFFAOYSA-M	C7H14N2O4S
CC(C(=O)OC)S(=O)(=O)N1CC(C1)N	65244819	VXIDRVLMELJAGJ-UHFFFAOYSA-N	C7H14N2O4S
CNS(=O)(=O)N[C@H]1CC[C@H](C1)C(=O)O	106321716	KVAIWJDWAIKEKQ-RITPCOANSA-N	C7H14N2O4S
C1CN(C1)S(=O)(=O)CCC(C(=O)O)N	70945687	JYCPMPDTQRWCEV-UHFFFAOYSA-N	C7H14N2O4S
C1CCC(C1)S(=O)(=O)NOCC(=O)N	105361009	REFCEAQQDUGLMM-UHFFFAOYSA-N	C7H14N2O4S
CCNS(=O)(=O)N(CC=C)CC(=O)O	114806591	BMEYKXAUJHAEFB-UHFFFAOYSA-N	C7H14N2O4S
CNS(=O)(=O)N1CCCC(C1)C(=O)O	60859533	QGZIXUZYXKXDPV-UHFFFAOYSA-N	C7H14N2O4S
CC(C)NS(=O)(=O)N1CC(C1)C(=O)O	114806246	VDKCWXJQEBHWMJ-UHFFFAOYSA-N	C7H14N2O4S
C[C@](CSCC(C(=O)O)N)(C(=O)O)N	87754846	BPCHPIRYRFAQET-DRGSQQHPSA-N	C7H14N2O4S
CN(C)N(C=O)[C@@H]1CS(=O)(=O)C[C@H]1O	99977135	CXHBHTDSBNYIEQ-RNFRBKRXSA-N	C7H14N2O4S
CS(=O)(=O)NC(=O)CC1CNCCO1	103287300	PKMZWAOXPQUFLE-UHFFFAOYSA-N	C7H14N2O4S
CNS(=O)(=O)N(CC1CC1)CC(=O)O	114805527	JIDHSYPYCDQBSZ-UHFFFAOYSA-N	C7H14N2O4S
C1CS(=O)(=O)C[C@H]1NC(=O)NCCO	2311744	BCPLHWCCJGRAAF-LURJTMIESA-N	C7H14N2O4S
C[C@@H]1CN(CCN1)S(=O)(=O)CC(=O)O	104975026	KBGKUEMKMBZERS-ZCFIWIBFSA-N	C7H14N2O4S
CS(=O)(=O)NCCN1CCOCC1=O	110722642	BFYQLAQTIUQSFU-UHFFFAOYSA-N	C7H14N2O4S
CS(=O)(=O)CC(=O)NC1COCC1N	127002128	WYHCOPOAFBBDAT-UHFFFAOYSA-N	C7H14N2O4S
CSCCNC(=O)NC[C@@H](C(=O)O)O	107840052	LLVRYRQRVRJGSA-YFKPBYRVSA-N	C7H14N2O4S
CC(C(CS(=O)(=O)[O-])NC(=O)C=C)[NH3+]	135252153	PIYMYZRGSDPEHJ-UHFFFAOYSA-N	C7H14N2O4S
CC(CNC(=O)NOCC(=O)O)SC	116287283	ICPQAJSTCHEFPV-UHFFFAOYSA-N	C7H14N2O4S
COCCN1CN(CC1=O)S(=O)(=O)C	136540824	AOSCKXGSBSEEOO-UHFFFAOYSA-N	C7H14N2O4S
C1CCC(CC1)NS(=O)(=O)NC(=O)O	69319058	REEGAIDDNVJZSR-UHFFFAOYSA-N	C7H14N2O4S
CCOC(=O)CN(C)SN(C)C(=O)O	153747699	IXQNAOWVELHHIN-UHFFFAOYSA-N	C7H14N2O4S
C1CS(=O)(=O)C[C@@H]1NC(=O)NCCO	6595999	BCPLHWCCJGRAAF-ZCFIWIBFSA-N	C7H14N2O4S
CC1=CC(=[N+](N1C)C)C.OS(=O)(=O)[O-]	44887189	RYEWZDPEJBFGGB-UHFFFAOYSA-M	C7H14N2O4S
CNS(=O)(=O)C1CCCCC1[N+](=O)[O-]	147434624	MJYRGBSCJYLZGC-UHFFFAOYSA-N	C7H14N2O4S
CC1(COCC1N)C(=O)NS(=O)(=O)C	103287578	LPTHOEYSWPNEBT-UHFFFAOYSA-N	C7H14N2O4S
C(CSC[C@@H](C(=O)O)N)[C@@H](C(=O)O)N	439258	ILRYLPWNYFXEMH-WHFBIAKZSA-N	C7H14N2O4S
CCOS(=O)(=O)[O-].CC1=C(N=C[NH2+]1)C	144164765	YTYNMGIZUYCHJV-UHFFFAOYSA-N	C7H14N2O4S
CC(C(=NOC(=O)NC)C)S(=O)(=O)C	61938	CTJBHIROCMPUKL-UHFFFAOYSA-N	C7H14N2O4S
COCCOCCNS(=O)(=O)CC#N	61850110	HYRMVGYRGFTASS-UHFFFAOYSA-N	C7H14N2O4S
COC(=O)CS(=O)(=O)N1CCNCC1	61357389	BDEANUZOTMYROT-UHFFFAOYSA-N	C7H14N2O4S
CCS(=O)(=O)NC(=O)C1(CCOC1)N	103306907	DICQSAGZOQJECY-UHFFFAOYSA-N	C7H14N2O4S
CC1C[C@@H](CN1C(=O)N)OS(=O)(=O)C	57002701	ADRWLOUGJBSLJP-GDVGLLTNSA-N	C7H14N2O4S
CN1C[NH+](C=C1)C=C.COS(=O)(=O)[O-]	21124706	RJFMWUISYZMHPA-UHFFFAOYSA-N	C7H14N2O4S
CS(=O)(=O)NC1CCCCN1C(=O)O	139432908	OBMJYAPYPHROAY-UHFFFAOYSA-N	C7H14N2O4S
CS(=O)(=O)O.C1[C@H]2[C@H]1N[C@@H](C2)C(=O)N	126970011	WPIYZQBALIBMAA-UZKLXKKNSA-N	C7H14N2O4S
CC1=[N+](CCN1)C=C.COS(=O)(=O)[O-]	17821437	SOFOBOVDAPNGQY-UHFFFAOYSA-N	C7H14N2O4S
C(CSCC(C(=O)O)N)C(C(=O)O)N	834	ILRYLPWNYFXEMH-UHFFFAOYSA-N	C7H14N2O4S
CNS(=O)(=O)N1CCC(CC1)C(=O)O	60859532	XYUZAPACTQJECK-UHFFFAOYSA-N	C7H14N2O4S
CN(CC(COC)O)S(=O)(=O)CC#N	61788166	KETOOUZDOLKUBT-UHFFFAOYSA-N	C7H14N2O4S
CC([C@@H](C(=O)O)N)SC[C@@H](C(=O)O)N	13894883	NSGOABPZARPCFM-ZZJOKYKRSA-N	C7H14N2O4S
C(CSCC(CO)O)C(=O)NC(=O)N	79682535	IANAHNWQSVBJIP-UHFFFAOYSA-N	C7H14N2O4S
CC1CC(C1)C(C(=O)NN)S(=O)(=O)O	89133023	YNNUXEZCGWCLGB-UHFFFAOYSA-N	C7H14N2O4S
CCC(C#N)S(=O)(=O)NC(CO)CO	65569241	QRTCVVBGIPFUSA-UHFFFAOYSA-N	C7H14N2O4S
CCC1=[N+](C=CN1C)C.OS(=O)(=O)[O-]	140682895	UWARZOPOCAZFHL-UHFFFAOYSA-M	C7H14N2O4S
CCC(=O)NC(C)C(=O)NS(=O)(=O)C	140538897	LAWTWRPATJZIEG-UHFFFAOYSA-N	C7H14N2O4S
CC1(CCN(C1)S(=O)(=O)NC)C(=O)O	114806070	IUZIFLBZHCYTTP-UHFFFAOYSA-N	C7H14N2O4S
CN(CC(=O)O)C(=O)NCCS(=O)C	104001013	GKKHSYUQPKKHEZ-UHFFFAOYSA-N	C7H14N2O4S
[2H][13C]([2H])([2H])N[13C](=O)O/N=C/C(C)(C)S(=O)(=O)C	117064524	YRRKLBAKDXSTNC-FONWFMSDSA-N	C7H14N2O4S
CC(=O)N[C@@H](CCS(=N)(=O)C)C(=O)O	91972244	NBUSDVOJMKDYAH-TZKMECQKSA-N	C7H14N2O4S
COC(=O)/C=C/NCCNS(=O)(=O)C	103239020	MROJDSVSCBOFCV-ONEGZZNKSA-N	C7H14N2O4S
CCS(=O)(=O)CC(=NOC(=O)NC)C	54072006	MHCKHESSQNAYPD-UHFFFAOYSA-N	C7H14N2O4S
CSCC[C@@H](C(=O)N(CC(=O)O)O)N	44378659	PRVSVAWHKFPRNF-YFKPBYRVSA-N	C7H14N2O4S
CN1CC(CN(C1=O)C)OS(=O)(=O)C	86703128	LDMJOXRZLJAPQM-UHFFFAOYSA-N	C7H14N2O4S
CC(C)(CS(=O)(=O)O)N(C(=O)C=C)N	88842547	VDWTZZVUPOVNAQ-UHFFFAOYSA-N	C7H14N2O4S
CS(=O)(=O)NC1CCCN(C1)C(=O)O	91064201	HZTNXGFLDUUVNJ-UHFFFAOYSA-N	C7H14N2O4S
C1COCCC1S(=O)(=O)NCC(=O)N	64591773	FVYBCODSQLZIKE-UHFFFAOYSA-N	C7H14N2O4S
C(CC(=O)O)[C@@H](C(=O)O)NCCSN	150902288	LAGJBJSBFOCMDN-YFKPBYRVSA-N	C7H14N2O4S
C(CSCC(C(=O)[O-])[NH3+])C(C(=O)[O-])[NH3+]	4083111	ILRYLPWNYFXEMH-UHFFFAOYSA-N	C7H14N2O4S
CS(=O)(=O)NOC(=O)N1CCCCC1	153483531	ZXOUTFDMXAAJGS-UHFFFAOYSA-N	C7H14N2O4S
CC1(CNC1)OCC(=O)NS(=O)(=O)C	103287385	RKTWSONOIGAVJT-UHFFFAOYSA-N	C7H14N2O4S
C1CCC(N(CC1)S(=O)(=O)N)C(=O)O	114958913	NPQDMONDUYYOMM-UHFFFAOYSA-N	C7H14N2O4S
C1CCC(C1)(CNS(=O)(=O)N)C(=O)O	114959010	WSEGQQCDTMHFDO-UHFFFAOYSA-N	C7H14N2O4S
C1CCC(C1)NS(=O)(=O)NCC(=O)O	117126203	WZHNHDZVFLLRAQ-UHFFFAOYSA-N	C7H14N2O4S
CC1(CCOCC1)S(=O)(=O)NC(=O)N	152426109	XOLYVEVONQKLII-UHFFFAOYSA-N	C7H14N2O4S
CCC(CNNC(=O)C=C)S(=O)(=O)O	151221064	NMHGANIUTFVODT-UHFFFAOYSA-N	C7H14N2O4S
C[C@H](/C(=N/OC(=O)NC)/C)S(=O)(=O)C	76968687	CTJBHIROCMPUKL-KCXGFMAWSA-N	C7H14N2O4S
CCCN1C=C[N+](=C1)C.OS(=O)(=O)[O-]	129868252	QZAYYSZSURXQBB-UHFFFAOYSA-M	C7H14N2O4S
C[C@H]1CN(CCN1)S(=O)(=O)CC(=O)O	104976473	KBGKUEMKMBZERS-LURJTMIESA-N	C7H14N2O4S
C=CC(=O)N.C=CN.C=CS(=O)(=O)O	87429849	BYVRMVFKEBLFOI-UHFFFAOYSA-N	C7H14N2O4S
CCC1(CCCN1S(=O)(=O)N)C(=O)O	114959035	YNEHKGURMQHXCU-UHFFFAOYSA-N	C7H14N2O4S
CS(=O)(=O)N1CCCN(CC1)C(=O)O	69600307	RYRFIWQSICGVAL-UHFFFAOYSA-N	C7H14N2O4S
CC(C)OC(=O)NS(=O)(=O)NC1CC1	114463103	BXYLVLLIHPXQPN-UHFFFAOYSA-N	C7H14N2O4S
CS(=O)(=O)OCC1(CCC(=O)N1)CN	139379627	QTDFAQCTZRKWJQ-UHFFFAOYSA-N	C7H14N2O4S
C1CCN(CC1)S(=O)(=O)CC(=O)NO	140476306	WYGPDUBABVJDJT-UHFFFAOYSA-N	C7H14N2O4S
CC(CN1CC(CC1=O)O)S(=O)(=O)N	130941316	UNYVLHFWXOHQIH-UHFFFAOYSA-N	C7H14N2O4S
C1CCC(CC1)(C(=O)O)NS(=O)(=O)N	24692984	BPMYYZWGMLUXOR-UHFFFAOYSA-N	C7H14N2O4S
CCNS(=O)(=O)N1CCC[C@H]1C(=O)O	96069073	YLGOICBNIXYVMY-LURJTMIESA-N	C7H14N2O4S
CN(C)C(CS(=O)(=O)O)NC(=O)C=C	151778330	RUBFEQYERNCVBO-UHFFFAOYSA-N	C7H14N2O4S
CNC(=O)NC(=O)CSCC(CO)O	79682457	BDTFEHCTUXYXPO-UHFFFAOYSA-N	C7H14N2O4S
CCCN(CCC)OC(=O)N=S(=O)=O	87697921	MTAKIYPOBCFVLX-UHFFFAOYSA-N	C7H14N2O4S
C1CC1NS(=O)(=O)N2C[C@H]([C@H](C2)O)O	104919389	SLJYJVZGZDZGDO-KNVOCYPGSA-N	C7H14N2O4S
CC(C#N)S(=O)(=O)NCC(OC)OC	65571303	PQZIKHFMRSMKJO-UHFFFAOYSA-N	C7H14N2O4S
CC1CCN(C1)S(=O)(=O)NCC(=O)O	120393707	HMQIJSGUBVVMAV-UHFFFAOYSA-N	C7H14N2O4S
CC(C(=O)O)NC(=O)NCCS(=O)C	104001002	BVMPXVPJEJEFFQ-UHFFFAOYSA-N	C7H14N2O4S
CC1CN(CCN1)S(=O)(=O)CC(=O)O	65450316	KBGKUEMKMBZERS-UHFFFAOYSA-N	C7H14N2O4S
C(CSC[C@H](C(=O)[O-])[NH3+])[C@@H](C(=O)[O-])[NH3+]	36688079	ILRYLPWNYFXEMH-CRCLSJGQSA-N	C7H14N2O4S
C1CS(=O)(=O)CCN1CC(C(=O)N)O	69061932	YZGPNWCMWFXSSP-UHFFFAOYSA-N	C7H14N2O4S
CC(C(=O)O)S(=O)(=O)NC/C=C/CN	104461923	JCNRILSHDZAOAU-NSCUHMNNSA-N	C7H14N2O4S
C1CNC[C@H]1NS(=O)(=O)CCC(=O)O	79685991	YWVHFLJAFLBMDM-LURJTMIESA-N	C7H14N2O4S
C1CCN(CC1)S(=O)(=O)OC(=O)CN	87608355	WUYQAWMBZYPLAY-UHFFFAOYSA-N	C7H14N2O4S
C(CC(=O)O)CNN[C@@H](CS)C(=O)O	88129105	MWNGCIVKPZUWHN-YFKPBYRVSA-N	C7H14N2O4S
C1CCN(C1)S(=O)(=O)C[C@@H](C(=O)O)N	70945668	SAHOLOIOAKLROW-LURJTMIESA-N	C7H14N2O4S
CC(C(=O)N1CCOCC1)S(=O)(=O)N	121599954	KDBJZZWMWCDOMO-UHFFFAOYSA-N	C7H14N2O4S
CCS(=O)(=O)NC(=O)C1CC(CN1)O	103307023	NHQNHOCLVDJERP-UHFFFAOYSA-N	C7H14N2O4S
CC(C#N)S(=O)(=O)N(CCO)CCO	65571804	HMOCGENTLYRUJL-UHFFFAOYSA-N	C7H14N2O4S
CC1CCN(C(C1)C(=O)O)S(=O)(=O)N	114959054	MSFINMIFVLKBDG-UHFFFAOYSA-N	C7H14N2O4S
CCS(=O)(=O)NOC(=O)N1CCCC1	137463382	AJZSAQJSMNUYIW-UHFFFAOYSA-N	C7H14N2O4S
C1COCCN1CCC(=O)NS(=O)O	66682141	XOEBWTWTYJESAT-UHFFFAOYSA-N	C7H14N2O4S
CC1=C([NH+]=C(N1)C)C.COS(=O)(=O)[O-]	140866162	HHKSVINNWLOSGL-UHFFFAOYSA-N	C7H14N2O4S
CNS(=O)(=O)N1CCCC[C@@H]1C(=O)O	93344471	VZXUETAJRLXNEG-ZCFIWIBFSA-N	C7H14N2O4S
CN(C)S(=O)(=O)[NH+]1CCC[C@H]1C(=O)[O-]	28229633	GLGPSEIQGWMHBJ-LURJTMIESA-N	C7H14N2O4S
CN1CCNCC1.C(=O)(O)SC(=O)O	88740695	HGHLYXZOHUWNLE-UHFFFAOYSA-N	C7H14N2O4S
C(CS)C(=O)NCC(NCC(=O)O)O	147840019	HSUFESOKRVQLMO-UHFFFAOYSA-N	C7H14N2O4S
CCS(=O)(=O)NC1(COC1)CC(=O)N	108481971	JKSXEJMAGXKRCD-UHFFFAOYSA-N	C7H14N2O4S
COCOCCN/C(=C/[N+](=O)[O-])/SC	142086825	GIVQQPHCAOSWSC-ALCCZGGFSA-N	C7H14N2O4S
C1CN(C[C@@H]1N)S(=O)(=O)CCC(=O)O	94340253	JTYGJCGTCKGXTA-ZCFIWIBFSA-N	C7H14N2O4S
C[C@H]([C@@H](C(=O)O)NC(=O)[C@@H](CS)N)O	54456916	WYVKPHCYMTWUCW-WDCZJNDASA-N	C7H14N2O4S
C1CSC(CC1(CN)NC(=O)O)(O)O	89487021	OEZILSAMEHVWBS-UHFFFAOYSA-N	C7H14N2O4S
CN[C@H](CSCC(C(=O)O)N)C(=O)O	117874767	QWWVBNODQCWBAZ-BRJRFNKRSA-N	C7H14N2O4S
CCOS(=O)(=O)[O-].CC1=[N+](C=CN1)C	87465558	OTMXZTNCBFKZKI-UHFFFAOYSA-N	C7H14N2O4S
CC(=O)NNC(=O)CS(=O)CCCO	123120124	BNGGPYBJSLMNJP-UHFFFAOYSA-N	C7H14N2O4S
COC(=O)CS(=O)(=O)N1CC[C@@H](C1)N	115302169	GCHNXHHYTTZONV-LURJTMIESA-N	C7H14N2O4S
CS(=O)(=O)NCCNCC(=C)C(=O)O	103239019	CQWCBUGXOROCDC-UHFFFAOYSA-N	C7H14N2O4S
CCOC(=O)CN(C1CC1)S(=O)(=O)N	61384359	LVFAPAXAZDZIPR-UHFFFAOYSA-N	C7H14N2O4S
CCCN1CC(CNS1(=O)=O)C(=O)O	84131071	ZMDURRRQUZVEAK-UHFFFAOYSA-N	C7H14N2O4S
C[C@H]([C@H](C(=O)O)N)SC[C@H](C(=O)O)N	124355575	NSGOABPZARPCFM-UOWFLXDJSA-N	C7H14N2O4S
CS(=O)(=O)N1CCC(CC1)C(=O)NO	141009259	OPUGRRDXIFGBSC-UHFFFAOYSA-N	C7H14N2O4S
CCC(C(=O)NC)/C(=N\O)/S(=O)(=O)C	88843171	VHMHSOCBQVFNHT-VQHVLOKHSA-N	C7H14N2O4S
CCOC(=O)NS(=O)(=O)N1CCCC1	114463081	SBINHHKBELECOB-UHFFFAOYSA-N	C7H14N2O4S
CC(C(=O)O)S(=O)(=O)N[C@H]1CCNC1	79685237	DDBKWYFESAMGQF-GDVGLLTNSA-N	C7H14N2O4S
CN(C)S(=O)(=O)N1CCC[C@H]1C(=O)O	28229634	GLGPSEIQGWMHBJ-LURJTMIESA-N	C7H14N2O4S
CCS(=O)(=O)N1CCN(CC1)C(=O)O	59118041	OGNXAJXLGHBUFR-UHFFFAOYSA-N	C7H14N2O4S
CC(C)(C)N1CC(NS1(=O)=O)C(=O)O	84131061	BSRSYWDMXDAOFI-UHFFFAOYSA-N	C7H14N2O4S
CCOC(=O)N[C@H]1CS(=O)(=O)C[C@@H]1N	2046234	ZHLPCTGYIDZBNJ-WDSKDSINSA-N	C7H14N2O4S
CC(=C)[NH+]1CCN=C1.COS(=O)(=O)[O-]	18008620	DAVIQEFYNZOMCT-UHFFFAOYSA-N	C7H14N2O4S
C1CN([C@H](N1)O)[C@H]2CS(=O)(=O)C[C@H]2O	99976109	BDWXXDNDMOCNAM-XVMARJQXSA-N	C7H14N2O4S
CC(N1C=C[N+](=C1)C)O.CS(=O)(=O)[O-]	87467180	MDJFFURNGMSLJP-UHFFFAOYSA-M	C7H14N2O4S
CC(C)(CS(=O)(=O)O)NC(=O)C(=C)N	141706723	WDLVLVPXNHASMZ-UHFFFAOYSA-N	C7H14N2O4S
CCS(=O)(=O)NCCN1CCOC1=O	110707259	AOORQWLNKVOKJC-UHFFFAOYSA-N	C7H14N2O4S
CNS(=O)(=O)N1CCC(C1)CC(=O)O	114806467	BTJHYZVMFJPVII-UHFFFAOYSA-N	C7H14N2O4S
CCNS(=O)(=O)N1CCC(C1)C(=O)O	115776581	ILBGWHDVRQLZRH-UHFFFAOYSA-N	C7H14N2O4S
COC(=O)CS(=O)(=O)NC/C=C/CN	104462098	XTMVEYIZZXVKML-NSCUHMNNSA-N	C7H14N2O4S
COC(=O)N1CCCC(C1)S(=O)(=O)N	61132253	BROGBARREQJBAE-UHFFFAOYSA-N	C7H14N2O4S
C1CCN(CC1)S(=O)(=O)NCC(=O)O	28783546	JAICIXYGYIPKPR-UHFFFAOYSA-N	C7H14N2O4S
C1CC(=O)NC1CNS(=O)(=O)CCO	79579117	CPBHDIMSXVCHQY-UHFFFAOYSA-N	C7H14N2O4S
COC(=O)CNC1CN(C1)S(=O)(=O)C	84055663	JHIJPPLMCHRSMA-UHFFFAOYSA-N	C7H14N2O4S
C(CNS(=O)(=O)CC#N)COCCO	104600508	JNDWGXOCVGLBQP-UHFFFAOYSA-N	C7H14N2O4S
CN(C1CCNC1)S(=O)(=O)CC(=O)O	63297751	ZMYHYCYYKKCGEH-UHFFFAOYSA-N	C7H14N2O4S
CC1CC(CCN1S(=O)(=O)N)C(=O)O	106742440	VQEFAKICZBTSNG-UHFFFAOYSA-N	C7H14N2O4S
C[C@H]([C@@H](CON=O)NC(=O)CCS)O	117681664	BCUWMSHJWWUYRA-PHDIDXHHSA-N	C7H14N2O4S
C1CS(=O)(=O)CCC1NOCC(=O)N	112673063	CSUYLHCCHOXXBV-UHFFFAOYSA-N	C7H14N2O4S
C[C@@H]1CN(CCN1S(=O)(=O)C)C(=O)O	68806117	RONCAWFIFOAWPM-ZCFIWIBFSA-N	C7H14N2O4S
CC1=NC=C[N+]1(C)C.COS(=O)(=O)[O-]	129151816	UWMPGQYARSECGC-UHFFFAOYSA-M	C7H14N2O4S
CC(C(=O)OC)S(=O)(=O)NC1CC1N	61459154	ZPYDCIGGTPMTLS-UHFFFAOYSA-N	C7H14N2O4S
CSCC(C(=O)NC(CO)C(=O)O)N	146050054	LOSFDHOQIZGIFV-UHFFFAOYSA-N	C7H14N2O4S
CC1C(N(CCN1)S(=O)(=O)C)C(=O)O	84131057	JJXSAQGRQJGWKM-UHFFFAOYSA-N	C7H14N2O4S
C1CCC2(C(C1)OS(=O)(=O)O2)C(N)N	129775175	UPJXLONYHNBFHC-UHFFFAOYSA-N	C7H14N2O4S
C1CS(=O)(=O)CC1NCC(C(=O)N)O	106172072	XVJDSJMECYHKMW-UHFFFAOYSA-N	C7H14N2O4S
CS(=O)(=O)NC1CC(CNC1)C(=O)O	69070016	WIPUKFPXFCRIDN-UHFFFAOYSA-N	C7H14N2O4S
CNC(=O)OC(CCSC)(C(=O)O)N	144589239	LDALLGHUXGJWPS-UHFFFAOYSA-N	C7H14N2O4S
[H+].CCN1C=C[N+](=C1C)C.[O-]S(=O)(=O)[O-]	139345060	VPSNMGZWQLHRPT-UHFFFAOYSA-M	C7H14N2O4S
CC(C#N)S(=O)(=O)NCC(C)(CO)O	66168652	UXUIFPWTQMSVJV-UHFFFAOYSA-N	C7H14N2O4S
CC1C(NCCO1)C(=O)NS(=O)(=O)C	130605064	HPVGGUDRZKUVFS-UHFFFAOYSA-N	C7H14N2O4S
CC(CS(=O)(=O)O)N(CN)C(=O)C=C	142719663	HOKMCQBTTVWFHD-UHFFFAOYSA-N	C7H14N2O4S
C[C@@H](/C(=N\OC(=O)NC)/C)S(=O)(=O)C	92276731	CTJBHIROCMPUKL-OHGWLYEESA-N	C7H14N2O4S
COC1CCN(CC1)S(=O)(=O)NC=O	144287282	FXGSBICUUIAYGW-UHFFFAOYSA-N	C7H14N2O4S
C(C(C(=O)O)N)C(O)SCC(C=O)N	17754031	VEZJWQNXDLWTMV-UHFFFAOYSA-N	C7H14N2O4S
CNS(=O)(=O)NC1(CCCC1)C(=O)O	114805428	GCEIMACTQBHURK-UHFFFAOYSA-N	C7H14N2O4S
C1C(C1NS(=O)(=O)CCCC(=O)O)N	61457525	XIHNFMOQKXSGMA-UHFFFAOYSA-N	C7H14N2O4S
CC(CNC(=O)NCC(=O)O)S(=O)C	104004284	UKCKGMOUIWPQEE-UHFFFAOYSA-N	C7H14N2O4S
CC=C[NH+]1CCN=C1.COS(=O)(=O)[O-]	145816494	XHXXKCJXEYWDNF-UHFFFAOYSA-N	C7H14N2O4S
CC1(C(=O)N(S1(=O)=O)CC(CN)O)C	79887122	RJEXQGKITRYUHJ-UHFFFAOYSA-N	C7H14N2O4S
CCC1(CCN(C1)S(=O)(=O)N)C(=O)O	114958870	KXKLVHVTTTYLGP-UHFFFAOYSA-N	C7H14N2O4S
C1CN([C@H](N1)O)[C@H]2CS(=O)(=O)C[C@@H]2O	99976110	BDWXXDNDMOCNAM-ACZMJKKPSA-N	C7H14N2O4S
CC(C(=O)O)S(=O)(=O)N1CCC(C1)N	62067983	QMDBHBNBQRFIFL-UHFFFAOYSA-N	C7H14N2O4S
CCCCNS(=O)(=O)N1CCOC1=O	154671584	GEQSXOPBYBYZBP-UHFFFAOYSA-N	C7H14N2O4S
CN(C)S(=O)(=O)NC(C1CC1)C(=O)O	62697681	CQLOLCKHRZRFIV-UHFFFAOYSA-N	C7H14N2O4S
CC(C(C(=O)O)NC(=O)C(CS)N)O	20574757	WYVKPHCYMTWUCW-UHFFFAOYSA-N	C7H14N2O4S
COCC(CCNS(=O)(=O)CC#N)O	103875987	YPXWFZMMNSXHCY-UHFFFAOYSA-N	C7H14N2O4S
C[C@@H]([C@H](C(=O)O)N)SCC(C(=O)O)N	22856680	NSGOABPZARPCFM-LJJLCWGRSA-N	C7H14N2O4S
CN1CCN(CC1)S(=O)(=O)CC(=O)O	28773430	LTEMSUYSUQCRGJ-UHFFFAOYSA-N	C7H14N2O4S
C1CCC(C(C1)S(=O)(=O)O)(C(=O)N)N	87120153	ZRTXIGMPMYWSAS-UHFFFAOYSA-N	C7H14N2O4S
CCS(=O)(=O)NCC1CN(C(=O)O1)C	110710404	OJDDXRORKTWFCK-UHFFFAOYSA-N	C7H14N2O4S
CS(=O)(=O)C1(CCOCC1)/C(=N/O)/N	102550804	BXJXZVGJLIUKKK-UHFFFAOYSA-N	C7H14N2O4S
CC([C@@H](C(=O)N[C@@H](CS)C(=O)O)N)O	57329767	CUTPSEKWUPZFLV-ZZJOKYKRSA-N	C7H14N2O4S
CNC(=O)CNC1CS(=O)(=O)CC1O	60711999	CWFLBUDFPUWGBF-UHFFFAOYSA-N	C7H14N2O4S
C([C@H](C(=O)O)N)[C@H](O)SC[C@H](C=O)N	46936700	VEZJWQNXDLWTMV-KVQBGUIXSA-N	C7H14N2O4S
C1CCN(C1)S(=O)(=O)CC(C(=O)O)N	70945671	SAHOLOIOAKLROW-UHFFFAOYSA-N	C7H14N2O4S
CN(C)S(=O)(=O)[NH+]1CCC[C@@H]1C(=O)[O-]	28229631	GLGPSEIQGWMHBJ-ZCFIWIBFSA-N	C7H14N2O4S
C1CC1NS(=O)(=O)CC[C@@H](C(=O)O)N	70945840	CGIYDJGNGJQTGC-LURJTMIESA-N	C7H14N2O4S
CCNS(=O)(=O)NCC1(CC1)C(=O)O	114806916	QJGAVPIDOOFWBK-UHFFFAOYSA-N	C7H14N2O4S
CS(=O)(=O)C1(CCOCC1)/C(=N\O)/N	97625075	BXJXZVGJLIUKKK-UHFFFAOYSA-N	C7H14N2O4S
C1CNC(=O)CN(C1)S(=O)(=O)CCO	79578865	IJDJIYXCRBRMMN-UHFFFAOYSA-N	C7H14N2O4S
C1CC(CCN(C1)C(=O)O)S(=O)(=O)N	155100519	JTQVXNMOEXMCTC-UHFFFAOYSA-N	C7H14N2O4S
C[C@H](C(=O)O)NS(=O)(=O)N1CCCC1	28784037	CNMZAOIJVCVFHM-ZCFIWIBFSA-N	C7H14N2O4S
CS(=O)(=O)NCCNC1CCOC1=O	147572907	FUWWOUNIWRBONO-UHFFFAOYSA-N	C7H14N2O4S
CC(C(=O)O)S(=O)(=O)N1CCNCC1	61454666	MUQITSXUKNESEL-UHFFFAOYSA-N	C7H14N2O4S
CC1C(NCCN1S(=O)(=O)C)C(=O)O	84131056	LMKGELVLNVSEPL-UHFFFAOYSA-N	C7H14N2O4S
C[C@H](C(=O)[O-])[NH2+]S(=O)(=O)N1CCCC1	28784036	CNMZAOIJVCVFHM-ZCFIWIBFSA-N	C7H14N2O4S
CCS(=O)(=O)NC(=O)C1COCC1N	103306912	FSKYRTFLCALRKK-UHFFFAOYSA-N	C7H14N2O4S
CC(CNS(=O)(=O)NC1CC1)C(=O)O	114523128	MBISFENDRLOZMA-UHFFFAOYSA-N	C7H14N2O4S
C1CCS(=O)(=O)N(C1)CC(C(=O)N)O	106172340	CZJXKLDAYUNHDV-UHFFFAOYSA-N	C7H14N2O4S
CN(C)S(=O)(=O)NCC1(CC1)C(=O)O	115450142	KPCMVWWNMGFKHH-UHFFFAOYSA-N	C7H14N2O4S
CC(C(=O)O)S(=O)(=O)N[C@@H]1CCNC1	79685412	DDBKWYFESAMGQF-PRJDIBJQSA-N	C7H14N2O4S
COC(=O)[C@H](CO)NC(=O)[C@H](CS)N	129676994	UUOFXLBEMASRHA-WHFBIAKZSA-N	C7H14N2O4S
CC(=O)CC(=O)NCCS(=O)(=O)NC	106337588	KDZOINRULRCXDQ-UHFFFAOYSA-N	C7H14N2O4S
C[C@H](C(=O)O)NC(=O)NCCS(=O)C	104000991	BVMPXVPJEJEFFQ-KFFWZZTASA-N	C7H14N2O4S
COC(=O)NC1CCN(C1)S(=O)(=O)C	110871288	JCWORZWKNAFQOQ-UHFFFAOYSA-N	C7H14N2O4S
CCNS(=O)(=O)N1CCCC1C(=O)O	83381097	YLGOICBNIXYVMY-UHFFFAOYSA-N	C7H14N2O4S
C1CC(CNC1)NS(=O)(=O)CC(=O)O	63321307	MVVXWPSDHMXFFX-UHFFFAOYSA-N	C7H14N2O4S
CS(=O)(=O)O.C1C2C1C(NC2)C(=O)N	87405432	ZRFQDYSWNUBZMQ-UHFFFAOYSA-N	C7H14N2O4S
C(CS)NC(=O)CC(=O)NCC(O)O	19607276	KNCJWMLEXYXUKK-UHFFFAOYSA-N	C7H14N2O4S
CCCOC(=O)C(NC(=O)CN)(O)S	142699791	RFYTZWHTEIDBOK-UHFFFAOYSA-N	C7H14N2O4S
C(CNC(=O)O)CSC[C@@H](C(=O)O)N	89820560	NOWKYCHHWMHOIL-YFKPBYRVSA-N	C7H14N2O4S
C1[C@@H]([C@H](CS1(=O)=O)O)NCCNC=O	99977124	BPWPVDPDCIDTFZ-BQBZGAKWSA-N	C7H14N2O4S
C1C(CC1NS(=O)(=O)CCC(=O)O)N	61458699	ODBMRQXBHGYITK-UHFFFAOYSA-N	C7H14N2O4S
CSCCNC(=O)N[C@@H](CO)C(=O)O	63957691	DGMFEQBMMGNQAD-YFKPBYRVSA-N	C7H14N2O4S
CC(=O)NC(C(=O)O)C(C)(C)S[NH2+][O-]	129009892	MLXCQEWOIZBBDM-UHFFFAOYSA-N	C7H14N2O4S
CN(CCC(=O)O)S(=O)(=O)NCC=C	65684697	LWBZCCXMULAADA-UHFFFAOYSA-N	C7H14N2O4S
C1CC(CC1NC(=O)CN)S(=O)(=O)O	140895599	YJDIONRIWWIPQR-UHFFFAOYSA-N	C7H14N2O4S
CC(CS(=O)C)NC(=O)NCC(=O)O	116199346	MAYKKUPLAYGDNV-UHFFFAOYSA-N	C7H14N2O4S
CC(C)(CNC(=O)C=C)S(=O)(=O)NO	117986123	PNFKKYXMLVZVFX-UHFFFAOYSA-N	C7H14N2O4S
CSCC[C@@H](C(=O)NC(C(=O)O)O)N	142633233	QRMYYCAFZAXQPP-VKZKZBKNSA-N	C7H14N2O4S
CCCN1CCN(S1(=O)=O)CC(=O)O	21061881	VHLSVGIYIRHHHZ-UHFFFAOYSA-N	C7H14N2O4S
C1CCC(CC1)(C(=O)N)OS(=O)(=O)N	57084495	PHJOVZDRFHYUSD-UHFFFAOYSA-N	C7H14N2O4S
C[C@@H](C(=O)NC(C)C=O)NS(=O)(=O)C	53738619	CSZGVICAPYHIDW-GDVGLLTNSA-N	C7H14N2O4S
CC(=O)NC(=S)NC(=O)OC.COC	22758740	IOQZYTNDWHVYEW-UHFFFAOYSA-N	C7H14N2O4S
CS(=O)(=O)N1CCC(C1)CNC(=O)O	67503181	VZUIPEWKSCJAIM-UHFFFAOYSA-N	C7H14N2O4S
C1CN(CC1C(=O)N)S(=O)(=O)CCO	105553138	SCRMJBZUWXXEDC-UHFFFAOYSA-N	C7H14N2O4S
C1CCC(CC1)NS(=O)(=O)OC(=O)N	87669242	ATPYBFWSFWBYNR-UHFFFAOYSA-N	C7H14N2O4S
C1CS(=O)(=O)CC(N1)C(=O)NCCO	84068765	AWOYCFRAFDCPEY-UHFFFAOYSA-N	C7H14N2O4S
C1CN(C(N1)O)C2CS(=O)(=O)CC2O	102566079	BDWXXDNDMOCNAM-UHFFFAOYSA-N	C7H14N2O4S
CN1CCN(CC1=O)S(=O)(=O)CCO	79578430	RNRHFAZMZZBJOQ-UHFFFAOYSA-N	C7H14N2O4S
CCS(=O)(=O)NC(=O)C1COCCN1	103307000	SUGQJUSHYLIKPQ-UHFFFAOYSA-N	C7H14N2O4S
CNS(=O)(=O)NC1(CCC1)CC(=O)O	114806665	RWVDGMPKVIAXST-UHFFFAOYSA-N	C7H14N2O4S
CN1CC(OC1=O)CCNS(=O)(=O)C	110716963	HEVYOWDNTVRMFF-UHFFFAOYSA-N	C7H14N2O4S
C1CN(CC1CN)S(=O)(=O)CC(=O)O	62061457	VWZXGEFMUCPLSQ-UHFFFAOYSA-N	C7H14N2O4S
CN(C)S(=O)(=O)N(CC(=O)O)C1CC1	60827548	RKHPBWDUQGRRGI-UHFFFAOYSA-N	C7H14N2O4S
CNS(=O)(=O)C1CCCC(C1)[N+](=O)[O-]	149398158	ZZTJPDKWYMKBLE-UHFFFAOYSA-N	C7H14N2O4S
CNS(=O)(=O)NC1CCCC1C(=O)O	114806357	SJZAMDYRIPDUIW-UHFFFAOYSA-N	C7H14N2O4S
CC(C#N)S(=O)(=O)NCC(COC)O	65569235	BGHYJRZBCRICDU-UHFFFAOYSA-N	C7H14N2O4S
C1CN([C@H](N1)O)[C@@H]2CS(=O)(=O)C[C@H]2O	99976115	BDWXXDNDMOCNAM-QYNIQEEDSA-N	C7H14N2O4S
CC(C)(/C=N\O[13C](=O)N[13CH3])S(=O)(=O)C	132984070	YRRKLBAKDXSTNC-KWXANKGGSA-N	C7H14N2O4S
CCOC(=O)CNS(=O)(=O)NC1CC1	104538431	PYUDBOCGQZKUHI-UHFFFAOYSA-N	C7H14N2O4S
CC(=NC(CS)C(=O)O)C.C(=O)(N)O	88004738	SCVDVPYFLSFHFK-UHFFFAOYSA-N	C7H14N2O4S
C[C@H](/C(=N\OC(=O)NC)/C)S(=O)(=O)C	92277820	CTJBHIROCMPUKL-QFBUEOOFSA-N	C7H14N2O4S
COC(=O)N1CCN(CC1)S(=O)(=O)C	59350808	WQFUXDBAZPVSPK-UHFFFAOYSA-N	C7H14N2O4S
C1CCC(CC1)(C(=O)N)NS(=O)(=O)O	66712817	RIHLSRUAKLSDCL-UHFFFAOYSA-N	C7H14N2O4S
[2H]N[C@@H](CCSCC(C(=O)O)N)C(=O)O	91048072	ILRYLPWNYFXEMH-AKIUORSVSA-N	C7H14N2O4S
CN(C)S(=O)(=O)N(CC=C)CC(=O)O	79264331	IFYAGCFCMVHMLF-UHFFFAOYSA-N	C7H14N2O4S
CN(C1CCCN1C(=O)O)S(=O)(=O)C	69106665	ZSWNXLZYASVDFI-UHFFFAOYSA-N	C7H14N2O4S
C(CCC(=O)O)CCN/N=C/S(=O)O	22034931	GSUGJDNZZFLZMD-RMKNXTFCSA-N	C7H14N2O4S
COC(=O)C(CSC[C@@H](C(=O)O)N)N	54574728	ZZTLKTCWPCIMJJ-ROLXFIACSA-N	C7H14N2O4S
CC1CN(S(=O)(=O)C1)CC(C(=O)N)O	106172335	ZZWXQWMNIHTIQH-UHFFFAOYSA-N	C7H14N2O4S
C[C@H]1CN(CCN1C(=O)O)S(=O)(=O)C	126739014	BZZHTQZYGHVGOY-LURJTMIESA-N	C7H14N2O4S
CC(C(=O)O)S(=O)(=O)N(C)C1CNC1	66184782	KVQWZTPVFXOALL-UHFFFAOYSA-N	C7H14N2O4S
CSCCNC(=O)N[C@H](CO)C(=O)O	80756274	DGMFEQBMMGNQAD-RXMQYKEDSA-N	C7H14N2O4S
CN(C)S(=O)(=O)NC(CC=C)C(=O)O	81768680	HBIGTWHVWKUSTD-UHFFFAOYSA-N	C7H14N2O4S
C1CS(=O)(=O)CC1NC(=O)C(CO)N	84131052	AOFPZVUJZHVQSM-UHFFFAOYSA-N	C7H14N2O4S
CNS(=O)(=O)C1CCN(CC1)C(=O)O	69129688	GQYSLFKPPMUJEX-UHFFFAOYSA-N	C7H14N2O4S
CC(=O)CC(=O)NCCCS(=O)(=O)N	61878873	RLGPQONDFHBEIG-UHFFFAOYSA-N	C7H14N2O4S
C(CSC[C@@H](C(=O)O)N)[C@H](C(=O)O)N	12968095	ILRYLPWNYFXEMH-UHNVWZDZSA-N	C7H14N2O4S
C1CCNCC1.C(C(=O)O)N=S(=O)=O	87608356	APYCCJKPORAAPD-UHFFFAOYSA-N	C7H14N2O4S
CN(CC1CC1)S(=O)(=O)NCC(=O)O	120082651	SUGRRPFNNAKVHC-UHFFFAOYSA-N	C7H14N2O4S
C1CC(CC(C1)NS(=O)(=O)N)C(=O)O	114958856	MGHDFRNBYHNOMV-UHFFFAOYSA-N	C7H14N2O4S
CCS(=O)(=O)N1CC(CC1C(=O)O)N	84131054	JMKOJXMORPSOSH-UHFFFAOYSA-N	C7H14N2O4S
CN(C)S(=O)(=O)N1CC(C1)CC(=O)O	64617435	ZHODCCGJDGFPAG-UHFFFAOYSA-N	C7H14N2O4S
CNS(=O)(=O)N(CCC(=O)O)C1CC1	114805584	XMRVYWYBQAQVDW-UHFFFAOYSA-N	C7H14N2O4S
CC(=O)ON1CCC(C1)NS(=O)(=O)C	69692736	VZFVJXMOVMPAQQ-UHFFFAOYSA-N	C7H14N2O4S
CC(CN1CCN(S1(=O)=O)C)C(=O)O	84788627	AFMMQMWOWAUFFK-UHFFFAOYSA-N	C7H14N2O4S
CN(CC(=O)O)S(=O)(=O)N1CCCC1	28783581	YMYRBDNEQHSPIW-UHFFFAOYSA-N	C7H14N2O4S
C(CC(=O)O)[C@H](N)SCC(C(=O)O)N	53823753	FXOPSNHDNFNTMS-BRJRFNKRSA-N	C7H14N2O4S
C1CCN(CC1)S(=O)(=O)[NH2+]CC(=O)[O-]	28783545	JAICIXYGYIPKPR-UHFFFAOYSA-N	C7H14N2O4S
CNC1CCN(C1)S(=O)(=O)CC(=O)O	115300254	LZRYZPRGYNGCFI-UHFFFAOYSA-N	C7H14N2O4S
CC1=C[NH+](N=C1C)C.COS(=O)(=O)[O-]	90238282	WQECCOIHOUXJNV-UHFFFAOYSA-N	C7H14N2O4S
CC(CN)(CS(=O)(=O)O)NC(=O)C=C	88661789	VHFPZZWNNIATFR-UHFFFAOYSA-N	C7H14N2O4S
COC[C@@H](C(=O)O)NC(=O)[C@@H](CS)N	11481455	QRNYUNGHVNCUFV-UHNVWZDZSA-N	C7H14N2O4S
CN1CCC(C1)NS(=O)(=O)CC(=O)O	61462050	LEUCDQZGBHJPCZ-UHFFFAOYSA-N	C7H14N2O4S
C[N+]1(CCN=C1)C=C.COS(=O)(=O)[O-]	140927631	SBEJEJFISXXEIE-UHFFFAOYSA-M	C7H14N2O4S
CONC(=O)C1CCCN1S(=O)(=O)C	60717737	ROQCUBUMIBJVDQ-UHFFFAOYSA-N	C7H14N2O4S
CC1(CCN(CC1)S(=O)(=O)N)C(=O)O	114958863	CCTNEVZRPKYLKZ-UHFFFAOYSA-N	C7H14N2O4S
COCC(C(=O)NN)SCC(=O)OC	103229946	UXZVWZHPPCPREM-UHFFFAOYSA-N	C7H14N2O4S
C=CS(=O)(=O)N(CCCO)CC(=O)N	138077232	KTOGQBVXSFHUGT-UHFFFAOYSA-N	C7H14N2O4S
CN1CCN(C(C1)C(=O)O)S(=O)(=O)C	59703731	IGHCKBUZVNQWCA-UHFFFAOYSA-N	C7H14N2O4S
CS(=O)CCNC(=O)NCCC(=O)O	116148938	NUEUSMDYDDHDDU-UHFFFAOYSA-N	C7H14N2O4S
C(C[35S]C[C@@H](C(=O)O)N)[C@@H](C(=O)O)N	129701266	ILRYLPWNYFXEMH-UABILCDXSA-N	C7H14N2O4S
CCOC(=O)N[C@@H]1CS(=O)(=O)C[C@H]1N	6358502	ZHLPCTGYIDZBNJ-PHDIDXHHSA-N	C7H14N2O4S
CC(C(=O)O)NS(=O)(=O)N1CCCC1	43210296	CNMZAOIJVCVFHM-UHFFFAOYSA-N	C7H14N2O4S
C[C@H]([C@@H](C(=O)O)N)SC[C@@H](C(=O)O)N	101311680	NSGOABPZARPCFM-WISUUJSJSA-N	C7H14N2O4S
CC(C)(/C=N/O[13C](=O)N[13CH3])S(=O)(=O)C	71310944	YRRKLBAKDXSTNC-KQRRKEJTSA-N	C7H14N2O4S
C=CS(=O)(=O)CCOCCNC(=O)N	88322316	LDEWBWPGHCOTRE-UHFFFAOYSA-N	C7H14N2O4S
CCNS(=O)(=O)N(CC(=O)O)C1CC1	114805685	FLYGNVSKTYIBNU-UHFFFAOYSA-N	C7H14N2O4S
C1CN(CCC12OCCO2)S(=O)(=O)N	20782267	OBDRLGNBBHPAOF-UHFFFAOYSA-N	C7H14N2O4S
C[C@H](C(=NOC(=O)NC)C)S(=O)(=O)C	124249716	CTJBHIROCMPUKL-ZCFIWIBFSA-N	C7H14N2O4S
CC1CN(CC1N)S(=O)(=O)CC(=O)O	103576289	FIJNNQNNMYVJEY-UHFFFAOYSA-N	C7H14N2O4S
CCN1C=C[N+](=C1)CC.OS(=O)(=O)[O-]	90098522	GSVCIFSUSORYPJ-UHFFFAOYSA-M	C7H14N2O4S
CSCC1CNC(=O)O1.C(C(=O)O)N	145641908	PDYVGSSWTLGDBZ-UHFFFAOYSA-N	C7H14N2O4S
CN[C@@H](CC(=O)S[C@H](CN)O)C(=O)O	87222373	IMMYBUKKGBGRMK-UJURSFKZSA-N	C7H14N2O4S
C1CC1N(CCS(=O)(=O)N)CC(=O)O	114385335	FDYQYSUCDHYZHA-UHFFFAOYSA-N	C7H14N2O4S
CCOC1[C@H](CC(=O)N1S(=O)(=O)C)N	59040807	BCTQRRSTDHSCEU-DSEUIKHZSA-N	C7H14N2O4S
C[C@@H]([C@@H](C(=O)O)NC(=O)[C@H](CS)N)O	145453491	WYVKPHCYMTWUCW-YUPRTTJUSA-N	C7H14N2O4S
CS(=O)(=O)O.C1C2C1NC(C2)C(=O)N	72988184	WPIYZQBALIBMAA-UHFFFAOYSA-N	C7H14N2O4S
CON(CS(=O)(=O)N1CCCC1)C=O	90908676	UXOTVRYAWZKWGP-UHFFFAOYSA-N	C7H14N2O4S
CCOS(=O)(=O)[O-].CC1=NC=C[NH+]1C	140535783	OTMXZTNCBFKZKI-UHFFFAOYSA-N	C7H14N2O4S
C(C[C@](C(=O)O)(N)SCCO)C(=O)N	53919205	IJGBDYIWNVSVMV-ZETCQYMHSA-N	C7H14N2O4S
CN(C)N(C=O)[C@H]1CS(=O)(=O)C[C@@H]1O	99977131	CXHBHTDSBNYIEQ-BQBZGAKWSA-N	C7H14N2O4S
[2H]C([2H])([2H])NC(=O)ON=CC(C)(C)S(=O)(=O)C	129318162	YRRKLBAKDXSTNC-HPRDVNIFSA-N	C7H14N2O4S
CNC1(CCOC1)C(=O)NS(=O)(=O)C	130571757	YQSNTUYAKAIFMO-UHFFFAOYSA-N	C7H14N2O4S
CNC(=O)C1COCCN1S(=O)(=O)C	83105252	CRDWPARUIMVMLO-UHFFFAOYSA-N	C7H14N2O4S
C(CS)C(C(=O)O)NCC(C(=O)O)N	87094218	YWUZXGLTKKSBCB-UHFFFAOYSA-N	C7H14N2O4S
CN(C)N(C=O)[C@@H]1CS(=O)(=O)C[C@@H]1O	99977129	CXHBHTDSBNYIEQ-RQJHMYQMSA-N	C7H14N2O4S
C1CCC(C1)N(CC(=O)O)S(=O)(=O)N	114958784	SSNWEBLUOQOURT-UHFFFAOYSA-N	C7H14N2O4S
C1CC2(CN(C1)S(=O)(=O)N)OCCO2	115769600	GPZKVZLKKCPONN-UHFFFAOYSA-N	C7H14N2O4S
[2H][13C]([2H])([2H])N[13C](=O)O/N=C\C(C)(C)S(=O)(=O)C	131708577	YRRKLBAKDXSTNC-ZBTVZLOQSA-N	C7H14N2O4S
[2H]C([2H])([C@@H](C(=O)O)NCC(C(=O)O)N)C([2H])([2H])S	131699120	YWUZXGLTKKSBCB-MZLPCUCTSA-N	C7H14N2O4S
CC1=CC=[N+](N1C)C.COS(=O)(=O)[O-]	87895177	YGERBGFKGBWIAI-UHFFFAOYSA-M	C7H14N2O4S
CC1CNCCN1S(=O)(=O)CC(=O)O	62673648	LMPXBLKTJIDSKD-UHFFFAOYSA-N	C7H14N2O4S
CN[C@@H](CSC[C@@H](C(=O)O)N)C(=O)O	87076994	QWWVBNODQCWBAZ-WHFBIAKZSA-N	C7H14N2O4S
CC1CCCCN1S(=O)(=O)C[N+](=O)[O-]	19905443	TZTGWYMBOWAGQU-UHFFFAOYSA-N	C7H14N2O4S
CC(CC(=O)O)NS(=O)(=O)NC1CC1	114518313	DKFCAKDPSHTUFK-UHFFFAOYSA-N	C7H14N2O4S
CSC(=C[N+](=O)[O-])NCCOCCO	139900647	SEFLUHIHXAOOJS-UHFFFAOYSA-N	C7H14N2O4S
CN(CC(=O)OC)S(=O)(=O)NC1CC1	114383086	MURXLYGBGLAAMD-UHFFFAOYSA-N	C7H14N2O4S
C=CCN(CCS(=O)(=O)N)CC(=O)O	114385407	LFZQGRNNKLWDKD-UHFFFAOYSA-N	C7H14N2O4S
CC(C(CON=O)NC(=O)CCS)O	123587307	BCUWMSHJWWUYRA-UHFFFAOYSA-N	C7H14N2O4S
CCN1CCN(S1(=O)=O)C(C)C(=O)O	84788626	CDJDZVNRUUVMOZ-UHFFFAOYSA-N	C7H14N2O4S
CC(C)(C)OC(=O)N1CCNS1(=O)=O	15473621	APFAUGSFPCAVKB-UHFFFAOYSA-N	C7H14N2O4S
CCC(CNC(=O)C(=C)N)S(=O)(=O)O	142739741	QZFXNNHVYYRIFO-UHFFFAOYSA-N	C7H14N2O4S
CSOONC1CCCC(C1)[N+](=O)[O-]	140470826	KZYIMKYWYAKGSP-UHFFFAOYSA-N	C7H14N2O4S
COC(=O)NS(=O)(=O)NC1CCCC1	115874252	SWQPKECYHDNCRM-UHFFFAOYSA-N	C7H14N2O4S
CCN(C1CNC1)S(=O)(=O)CC(=O)O	66183188	XTFGCZDTSLJOFJ-UHFFFAOYSA-N	C7H14N2O4S
CCC1=[N+](C=CN1)C.COS(=O)(=O)[O-]	87142704	RTTRIWJZODHZSY-UHFFFAOYSA-N	C7H14N2O4S
C[C@H]([C@@H](C(=O)OC(=O)[C@H](CS)N)N)O	57303300	MVZDMELTHOTMIO-WISUUJSJSA-N	C7H14N2O4S
CC(C(=O)O)S(=O)(=O)N1CC[C@@H](C1)N	115302209	QMDBHBNBQRFIFL-GDVGLLTNSA-N	C7H14N2O4S
CC(C(=O)NS(=O)(=O)C)N(C)C(=O)C	59349221	UGFBLJAVIOVXQB-UHFFFAOYSA-N	C7H14N2O4S
CCCN1CC(N(S1(=O)=O)C)C(=O)O	84131062	NPQMEODHRHGDKC-UHFFFAOYSA-N	C7H14N2O4S
CS(=O)(=O)N1CCC(CC1)(C(=O)N)O	130490679	YSGVKBPADRYDGP-UHFFFAOYSA-N	C7H14N2O4S
CC(C)N1CCN(S1(=O)=O)C(=O)OC	68049783	FRARKCIFFNONFH-UHFFFAOYSA-N	C7H14N2O4S
CCOS(=O)(=O)OCC.C1=CN=CN1	87926720	LYFTWGFZFQXTLF-UHFFFAOYSA-N	C7H14N2O4S
CNS(=O)(=O)NCC1(CCC1)C(=O)O	114806905	TWGCNMXTEMHUPD-UHFFFAOYSA-N	C7H14N2O4S
CS(=O)(=O)NCC(=O)N1CCOCC1	84358639	ARRQQSSXJYQLAF-UHFFFAOYSA-N	C7H14N2O4S
CC(C1CN(C1)S(=O)(=O)NC)C(=O)O	114807127	NYVRIHIAWGMZBY-UHFFFAOYSA-N	C7H14N2O4S
COC(=O)CS(=O)(=O)N1CC[C@H](C1)N	115301736	GCHNXHHYTTZONV-ZCFIWIBFSA-N	C7H14N2O4S
CN[C@@H](CSC[C@H](C(=O)O)N)C(=O)O	123607945	QWWVBNODQCWBAZ-UHNVWZDZSA-N	C7H14N2O4S
[2H]C([2H])([2H])NC(=O)O/N=C/C(C)(C)S(=O)(=O)C	71313071	YRRKLBAKDXSTNC-UYUKVFNDSA-N	C7H14N2O4S
CC(C(=O)OC)NS(=O)(=O)NC1CC1	114811534	GQFORNZTRDBRRR-UHFFFAOYSA-N	C7H14N2O4S
C1CC1NS(=O)(=O)N2CC(C(C2)O)O	106672453	SLJYJVZGZDZGDO-UHFFFAOYSA-N	C7H14N2O4S
CC(C(=O)O)S(=O)(=O)NC1CCNC1	62379706	DDBKWYFESAMGQF-UHFFFAOYSA-N	C7H14N2O4S
CS(=O)(=O)NCC1CCCN1C(=O)O	153913146	YEKKAOWARMTONK-UHFFFAOYSA-N	C7H14N2O4S
CS(=O)(=O)NCCCN1CCOC1=O	110719297	YZCDPUNCQMDCDS-UHFFFAOYSA-N	C7H14N2O4S
C1CNCCN(C1)S(=O)(=O)CC(=O)O	61358187	QQSSNQYRHUFDDD-UHFFFAOYSA-N	C7H14N2O4S
C=CCNC(=O)NCCCS(=O)(=O)O	117782852	JWLHOVHMMFKUOM-UHFFFAOYSA-N	C7H14N2O4S
CC1=CNC(=[N+]1C)C.COS(=O)(=O)[O-]	90238228	JSDUEIKVLFERKW-UHFFFAOYSA-N	C7H14N2O4S
CC(C)(C(N)S(=O)(=O)O)NC(=O)C=C	88316378	YZVWNKYPPGMFIH-UHFFFAOYSA-N	C7H14N2O4S
C1CN(CCOC1)C(=O)CS(=O)(=O)N	139438355	YHAGWULRLCTPMF-UHFFFAOYSA-N	C7H14N2O4S
CN(C1CNC1)S(=O)(=O)CC(=O)OC	66187808	INOGXOGNUQMNOM-UHFFFAOYSA-N	C7H14N2O4S
CCS(=O)(=O)N1CCNCC1C(=O)O	65631787	ORPOBLVUEFTBQP-UHFFFAOYSA-N	C7H14N2O4S
C1CS(=O)(=O)CCN1CC(C(=O)O)N	61744181	VDFRUKGQXWDAFK-UHFFFAOYSA-N	C7H14N2O4S
CCS(=O)(=O)/C(=N/O)/C(C)C(=O)NC	21565460	FNARXJOGFCAJHT-VQHVLOKHSA-N	C7H14N2O4S
CCCC[NH+]1C=CN=C1.OS(=O)(=O)[O-]	67974815	VTIHQWFJKPPNEF-UHFFFAOYSA-N	C7H14N2O4S
CCC(C(=O)O)NS(=O)(=O)NC1CC1	114518361	BQPURYVLZWECIZ-UHFFFAOYSA-N	C7H14N2O4S
CC1(CCCC1NS(=O)(=O)N)C(=O)O	114959029	NNFYMLHNGJIBTA-UHFFFAOYSA-N	C7H14N2O4S
C1CCN(CC1)C(=O)COS(=O)(=O)N	101443297	FVSWAZKPFDWROI-UHFFFAOYSA-N	C7H14N2O4S
C1CC(=O)NCC1NS(=O)(=O)CCO	79578947	ZWEKOSURGUMOTM-UHFFFAOYSA-N	C7H14N2O4S
CC1C(CCN1S(=O)(=O)NC)C(=O)O	114806611	STZOPIQDXDHYFA-UHFFFAOYSA-N	C7H14N2O4S
CC(C)(CS(=O)(=O)[O-])NC(=O)C(=C)[NH3+]	141706722	WDLVLVPXNHASMZ-UHFFFAOYSA-N	C7H14N2O4S
CC(C)(C([NH3+])S(=O)(=O)[O-])NC(=O)C=C	138677858	YZVWNKYPPGMFIH-UHFFFAOYSA-N	C7H14N2O4S
CC(C[NH3+])(CS(=O)(=O)[O-])NC(=O)C=C	140311993	VHFPZZWNNIATFR-UHFFFAOYSA-N	C7H14N2O4S
CS(=O)(=O)NC(=O)C1CCC(O1)CN	103287705	BZBYPKMBHQVMCH-UHFFFAOYSA-N	C7H14N2O4S
CCS(=O)(=O)N1CCC(C1)(C(=O)O)N	107324061	ALCAOIQKZFUOOH-UHFFFAOYSA-N	C7H14N2O4S
CC(C#N)S(=O)(=O)NC(CO)COC	106184807	VJLXWUNLVPLSHP-UHFFFAOYSA-N	C7H14N2O4S
C1CS(=O)(=O)CCN1C(CN)C(=O)O	64695825	AJPGJZMLFOSMEI-UHFFFAOYSA-N	C7H14N2O4S
COC1CC(NC1)C(=O)NS(=O)(=O)C	103287337	MEAASWFJXLJVMC-UHFFFAOYSA-N	C7H14N2O4S
C[C@H]([C@H](C(=O)O)N)SC[C@@H](C(=O)O)N	90472548	NSGOABPZARPCFM-MROZADKFSA-N	C7H14N2O4S
CC1=C[NH+](C(=N1)C)C.COS(=O)(=O)[O-]	129151817	YLPJBWGBGAUMFQ-UHFFFAOYSA-N	C7H14N2O4S
C1COCCN1S(=O)(=O)CCC(=O)N	43236753	QPBINLCFUUDKOL-UHFFFAOYSA-N	C7H14N2O4S
[2H]C([2H])(C([2H])([2H])S)C(CC(C(=O)O)N)(C(=O)O)N	102602313	MJMYLYUUBMQRFM-LNLMKGTHSA-N	C7H14N2O4S
CC(C)N1CC(CNS1(=O)=O)C(=O)O	84131072	OVHOLRLRIWXEPP-UHFFFAOYSA-N	C7H14N2O4S
C(C([C@@H](C(=O)O)N)C(CS)O)C(=O)N	91348653	UYCBIBMAICLJTL-DGZDMUDUSA-N	C7H14N2O4S
CCN1C=C[N+](=C1)C.COS(=O)(=O)[O-]	16211409	BXSDLSWVIAITRQ-UHFFFAOYSA-M	C7H14N2O4S
C1CCN(C1)S(=O)(=O)NCCC(=O)O	28783558	ADGMRVHKQXYRAI-UHFFFAOYSA-N	C7H14N2O4S
C([C@@H](C(=O)O)N)[C@@H](O)SC[C@H](C=O)N	87650478	VEZJWQNXDLWTMV-ZLUOBGJFSA-N	C7H14N2O4S
[2H]C([2H])(C(C(=O)O)N)C([2H])([2H])SCC(C(=O)O)N	131667697	ILRYLPWNYFXEMH-LNLMKGTHSA-N	C7H14N2O4S
C(CCC(=O)O)CCNN=CS(=O)O	87902727	GSUGJDNZZFLZMD-UHFFFAOYSA-N	C7H14N2O4S
C1C(CN(C1=O)CCS(=O)(=O)N)CO	64208162	APVATNGCLOPHNP-UHFFFAOYSA-N	C7H14N2O4S
CS(=O)(=O)C(C1CCN(C1)C(=O)O)N	139344519	VEGJBQSHFUKUFU-UHFFFAOYSA-N	C7H14N2O4S
CN(CC(=O)O)C1CN(C1)S(=O)(=O)C	84055660	MWJIFJWNXJYGEN-UHFFFAOYSA-N	C7H14N2O4S
CC[N+]1=CNC=C1.CCOS(=O)(=O)[O-]	87112221	ZNPDGUKQUUIOGN-UHFFFAOYSA-N	C7H14N2O4S
C1CCN(C(C1)CC(=O)O)S(=O)(=O)N	67106436	RAAOTQPZYZQPJX-UHFFFAOYSA-N	C7H14N2O4S
CC(C)(C(C(=O)C=C)(N)N)S(=O)(=O)O	141232516	HBXPRVUBNPGQRN-UHFFFAOYSA-N	C7H14N2O4S
COC(=O)CCSCCC(=O)ONN	66338808	SAJTWJWTORBGLC-UHFFFAOYSA-N	C7H14N2O4S
CN(C(=O)C1CN(C1)S(=O)(=O)C)OC	71785541	VATNPTPSLJQJFE-UHFFFAOYSA-N	C7H14N2O4S
CCS(=O)(=O)N1CCOCC1C(=O)N	83095692	PONHFXHYTYCASC-UHFFFAOYSA-N	C7H14N2O4S
C1CC(C1)(C(=O)O)NCCS(=O)(=O)N	114385419	TZSYKOLRFUWCIA-UHFFFAOYSA-N	C7H14N2O4S
CC(C)(C(=O)O)N1CCN(S1(=O)=O)C	21061954	MGJDOAQPQAQUFX-UHFFFAOYSA-N	C7H14N2O4S
CS(=O)(=O)NCCN1CCCOC1=O	110872131	XNTNVYOKSMCSSR-UHFFFAOYSA-N	C7H14N2O4S
CNS(=O)(=O)N1CCCC1C(=O)OC	59049689	JNGXJEBAGNQFHH-UHFFFAOYSA-N	C7H14N2O4S
C1C[C@H](NC1)C(=O)NCCS(=O)(=O)O	15929426	PZZLYPHENDSLTB-LURJTMIESA-N	C7H14N2O4S
CC(C(C(=O)NC(CS)C(=O)O)N)O	18218245	CUTPSEKWUPZFLV-UHFFFAOYSA-N	C7H14N2O4S
CC1(CC=C(C=C1)N)N.OS(=O)(=O)O	69415800	QISFOZFBRWGNCP-UHFFFAOYSA-N	C7H14N2O4S
CN(C1(CCCC1)C(=O)O)S(=O)(=O)N	130573719	VTBFYWWKMNOMLR-UHFFFAOYSA-N	C7H14N2O4S
CS(=O)(=O)NC1CCCC(C1)[N+](=O)[O-]	140470857	ANTTWUCTYJWANX-UHFFFAOYSA-N	C7H14N2O4S
CCS(=O)(=O)C(=NO)C(C)C(=O)NC	73796218	FNARXJOGFCAJHT-UHFFFAOYSA-N	C7H14N2O4S
CC1CN(CC1C(=O)OC)S(=O)(=O)N	112698302	ZPOPTAUXLWNYJM-UHFFFAOYSA-N	C7H14N2O4S
CCCS(=O)(=O)NC[C@H]1CNC(=O)O1	57557980	WQMPGASNQSRSSX-ZCFIWIBFSA-N	C7H14N2O4S
CC1C(=O)NCCN1S(=O)(=O)CCO	79578862	BFGXRKMHSZKPRJ-UHFFFAOYSA-N	C7H14N2O4S
CC1(CCCN1S(=O)(=O)NC)C(=O)O	114806293	NIAHYKHTGYDLTP-UHFFFAOYSA-N	C7H14N2O4S
CC1C(CCN1S(=O)(=O)CC(=O)O)N	127019289	UDVDUCQXAVFYNR-UHFFFAOYSA-N	C7H14N2O4S
C[C@@H](C(=O)O)NC(=O)NCCS(=O)C	104001011	BVMPXVPJEJEFFQ-JDCHHWNGSA-N	C7H14N2O4S
COC(=O)CS(=O)(=O)N1CCC(C1)N	62068906	GCHNXHHYTTZONV-UHFFFAOYSA-N	C7H14N2O4S
CS(=O)(=O)NC(=O)NC1CCOCC1	90325900	RPYQEFVNRGACHM-UHFFFAOYSA-N	C7H14N2O4S
C1CC(C1)NS(=O)(=O)NCCC(=O)O	117126206	YXVQMBJKFHJAOP-UHFFFAOYSA-N	C7H14N2O4S
CC(=O)O[C@H]1C[C@@H](CNC1)S(=O)(=O)N	122701994	UILYAPBZTSFOOD-BQBZGAKWSA-N	C7H14N2O4S
CCN1CN(C=C1)C=C.OS(=O)(=O)O	70250692	JDSYPQHFUYIICH-UHFFFAOYSA-N	C7H14N2O4S
COC(=O)NCC1CS(=O)(=O)CCN1	84047424	JWDDJEGKWHWKMG-UHFFFAOYSA-N	C7H14N2O4S
CSCC[C@@H](C(=O)NOCC(=O)O)N	104867455	AALSRQOVUVOQAM-YFKPBYRVSA-N	C7H14N2O4S
C=CCCC(COC(=O)N)S(=O)(=O)N	130367570	GFDWTWOFCGAPBC-UHFFFAOYSA-N	C7H14N2O4S
CS(=O)(=O)OCC(=O)N1CCNCC1	89034071	OLVNMPFRNMALEF-UHFFFAOYSA-N	C7H14N2O4S
C1CN(CCNC1=O)S(=O)(=O)CCO	79579290	KWBWDURKLRPMJD-UHFFFAOYSA-N	C7H14N2O4S
CS(=O)(=O)OC1CCC(NC1)C(=O)N	19874020	QYBWJPIDIDMPFF-UHFFFAOYSA-N	C7H14N2O4S
C1CC1NS(=O)(=O)NCCCC(=O)O	114517805	UQCPFPFBVKJULP-UHFFFAOYSA-N	C7H14N2O4S
C1CN(C[C@H]1N)S(=O)(=O)CCC(=O)O	94340254	JTYGJCGTCKGXTA-LURJTMIESA-N	C7H14N2O4S
CS(=O)(=O)NCC1CCN(C1)C(=O)O	139344520	SZEBJEYESUVRGQ-UHFFFAOYSA-N	C7H14N2O4S
C[C@](CN)(C(=O)O)SC[C@@H](C(=O)O)N	11623495	CMRDMMFTULRFSY-FFWSUHOLSA-N	C7H14N2O4S
C1CCC(CC1)N(C(=O)N)S(=O)(=O)O	129849173	WJYVHWGDWWIURD-UHFFFAOYSA-N	C7H14N2O4S
CC1=C(C(=NO1)C)CN.CS(=O)(=O)O	87764205	HKOIEGMXWQFNIO-UHFFFAOYSA-N	C7H14N2O4S
CC[C@H](C(=O)O)NS(=O)(=O)NC1CC1	104935597	BQPURYVLZWECIZ-ZCFIWIBFSA-N	C7H14N2O4S
CC([C@@H](C(=O)O)NC(=O)[C@@H](CS)N)O	88762387	WYVKPHCYMTWUCW-KSFOROOFSA-N	C7H14N2O4S
C[C@](CSC[C@@H](C(=O)O)N)(C(=O)O)N	88003257	BPCHPIRYRFAQET-FFWSUHOLSA-N	C7H14N2O4S
C/C=C(/C(=O)NCCS(=O)(=O)O)\NC	134350771	WKPIZUJZPFLWGZ-UTCJRWHESA-N	C7H14N2O4S
CC(C)(C)N1C(CNS1(=O)=O)C(=O)O	84131067	ZFVWCWYAVHGIDL-UHFFFAOYSA-N	C7H14N2O4S
C1CC1NC(=O)CNS(=O)(=O)CCO	79588879	IHOVCQKBIZXVHM-UHFFFAOYSA-N	C7H14N2O4S
CCNS(=O)(=O)NC1(CCC1)C(=O)O	114806762	OSNWMBUYHOZEKW-UHFFFAOYSA-N	C7H14N2O4S
C/C=C/[NH+]1CCN=C1.COS(=O)(=O)[O-]	88065095	XHXXKCJXEYWDNF-VEELZWTKSA-N	C7H14N2O4S
CS(=O)(=O)NCC=CC(CC(=O)O)N	152410802	XLKMGMSDQWOFLV-UHFFFAOYSA-N	C7H14N2O4S
CC(/C(=C\CS(=O)(=O)O)/N=NC)OC	149065543	QMRLONOVOUDMIH-JKNUORNMSA-N	C7H14N2O4S
C1CC1NCCNS(=O)(=O)CC(=O)O	62664261	GSTZKLCQZDOAPJ-UHFFFAOYSA-N	C7H14N2O4S
