C[C@]12CC[C@@H](C([C@@H]1CC[C@@]3([C@@H]2CC=C4[C@]3(CC[C@@]5([C@H]4CC(CC5)(C)C)C(=O)O)C)C)(C)C)O[C@H]6[C@@H]([C@H]([C@@H]([C@H](O6)C(=O)O)O)O[C@H]7[C@@H]([C@H]([C@H]([C@H](O7)CO)O)O)O)O[C@H]8[C@@H]([C@H]([C@H]([C@H](O8)CO)O)O)O	177985	YDZWHGJRWMQCDP-RPZIOYONSA-N	C48H76O19
C[C@H]1[C@@H]([C@H]([C@H]([C@@H](O1)O[C@@H]2[C@H](O[C@H]([C@@H]([C@H]2O)O)OC[C@@H]3[C@H]([C@@H]([C@H]([C@@H](O3)OC(=O)[C@]45CC[C@H]([C@@H]4[C@H]6CC[C@H]7[C@]([C@@]6(CC5)C)(CC[C@@H]8[C@@]7(C(OC8(C)C)CC(=O)O)C)C)C(=C)C)O)O)O)CO)O)O)O	101087925	CNNOYZDJRLCNJD-OIGRELTNSA-N	C48H76O19
C[C@H]1[C@@H]([C@H]([C@H]([C@@H](O1)O[C@@H]2[C@H](O[C@H]([C@@H]([C@H]2O)O)O[C@H]3CC[C@@]4(C5CCC6C7C(CC[C@@]7(CC[C@]6([C@@]5(CCC4C3(C)C(=O)O)C)C)C(=O)O[C@H]8[C@@H]([C@H]([C@@H]([C@H](O8)CO)O)O)O)C(=C)C)C)CO)O)O)O	42620587	AHPZBBYUCGGWKP-RCKNJVCPSA-N	C48H76O19
CC1(CCC2(CCC3(C(=CCC4C3(CCC5C4(CCC(C5(C)C=O)OC6C(C(C(C(O6)CO)O)O)OC7C(C(C(C(O7)CO)O)O)O)C)C)C2C1)C)C(=O)OC8C(C(C(C(O8)CO)O)O)O)C	131751156	LWMKKJBQNOLSBE-UHFFFAOYSA-N	C48H76O19
CC1(CCC2(CCC3(C(=CCC4C3(CCC5C4(CCC(C5(C)C)O[C@H]6[C@@H]([C@@H]([C@@H]([C@H](O6)C(=O)O)O)O)O[C@H]7[C@@H]([C@@H]([C@@H]([C@H](O7)CO)O)O)O)C)C)C2C1)C)C(=O)O[C@H]8[C@@H]([C@@H]([C@@H]([C@H](O8)CO)O)O)O)C	22524233	NFZYDZXHKFHPGA-HPGDVJLESA-N	C48H76O19
C[C@H]1[C@@H]([C@H]([C@H]([C@@H](O1)O[C@@H]2[C@H](O[C@H]([C@@H]([C@H]2O)O)OC[C@@H]3[C@H]([C@@H]([C@H](C(O3)OC(=O)[C@]45CC[C@@](C[C@H]4C6=CC[C@@H]7[C@]8(CC[C@@H]([C@@]([C@@H]8CC[C@]7([C@@]6(CC5)C)C)(C)C=O)O)C)(C)CO)O)O)O)CO)O)O)O	134693649	IFYHLPBBPBCPBM-ZMSDOOJMSA-N	C48H76O19
C[C@]12CC[C@@H](C([C@@H]1CC[C@@]3([C@@H]2CC=C4[C@]3(CC[C@@]5([C@H]4CC(CC5)(C)C)C(=O)O[C@H]6[C@@H]([C@H]([C@@H]([C@H](O6)CO)O)O)O)C)C)(C)C)O[C@H]7[C@@H]([C@H]([C@@H]([C@H](O7)C(=O)O)O)O[C@H]8[C@@H]([C@H]([C@@H]([C@H](O8)CO)O)O)O)O	52949435	QZMAEZWZCGBZFK-GGFCLXHWSA-N	C48H76O19
CC1CC[C@@]2(CC[C@@]3(C(=CCC4[C@]3(CCC5[C@@]4(CC[C@@H](C5(C)C)OC6C(C(C(C(O6)C)O)O)O)C)C)C2C1C)C(=O)O)C(=O)OC7C(C(C(C(O7)COC8C(C(C(C(O8)CO)O)O)O)O)O)O	23757215	IMXVXFLNNGIIDL-DRHONXNKSA-N	C48H76O19
C[C@H]1[C@@H]([C@H]([C@H]([C@@H](O1)OC(=O)[C@]23CCC(C[C@H]2C4=CC[C@@H]5[C@]6(CC[C@@H](C([C@@H]6CC[C@]5([C@@]4(C[C@H]3O)C)C)(C)C)O[C@H]7[C@@H]([C@H]([C@@H]([C@H](O7)C(=O)O)O)O)O[C@H]8[C@@H]([C@H]([C@@H]([C@H](O8)CO)O)O)O)C)(C)C)O)O)O	132527497	CRVSOCQBNCRXSJ-ZIVWGWCVSA-N	C48H76O19
C[C@H]1[C@@H]([C@H]([C@H]([C@H](O1)O[C@@H]2[C@H](O[C@H]([C@@H]([C@H]2O)O)OC[C@@H]3[C@H]([C@@H]([C@H]([C@@H](O3)OC(=O)[C@]45CC[C@H](C4[C@H]6CCC7[C@]8(CC[C@H]([C@@](C8CC[C@]7([C@@]6(CC5)C)C)(C)C(=O)O)O)C)C(=C)C)O)O)O)CO)O)O)O	46919873	OSXJYFIVZQMFMF-SNEGHJHUSA-N	C48H76O19
CC1(CCC2(CCC3(C(=CCC4C3(CCC5C4(CCC(C5(C)C)OC6C(C(C(C(O6)C(=O)O)OC7C(C(C(C(O7)CO)O)O)O)OC8C(C(C(C(O8)CO)O)O)O)O)C)C)C2C1)C)C(=O)O)C	74413950	IKLJZXPOWHPNML-UHFFFAOYSA-N	C48H76O19
C[C@H]1[C@@H]([C@H]([C@H]([C@@H](O1)O[C@H]2[C@@H]([C@H]([C@@H](O[C@@H]2C(=O)O)O[C@H]3CC[C@]4([C@H]([C@]3(C)CO)CC[C@@]5([C@@H]4CC=C6[C@]5(CC[C@@]7([C@H]6CC(CC7)(C)C)C(=O)O[C@H]8[C@@H]([C@H]([C@@H]([C@H](O8)CO)O)O)O)C)C)C)O)O)O)O)O	100955406	GOEJUUBFACEGNO-SKLCTJBRSA-N	C48H76O19
C[C@]12CC[C@@H](C([C@@H]1CC[C@@]3([C@@H]2CC=C4[C@]3(CC[C@@]5([C@H]4CC(CC5)(C)C)C(=O)O[C@H]6[C@@H]([C@H]([C@@H]([C@H](O6)CO[C@H]7[C@@H]([C@H]([C@@H]([C@H](O7)CO)O)O)O)O)O)O)C)C)(C)C)O[C@H]8[C@@H]([C@H]([C@@H]([C@H](O8)C(=O)O)O)O)O	102086525	DSDNRWZSZQHXFQ-HYKUKGRGSA-N	C48H76O19
C[C@]12CC[C@@H](C([C@@H]1CC[C@@]3([C@@H]2CC=C4[C@]3(CC[C@@]5([C@H]4CC(CC5)(C)C)C(=O)O[C@H]6[C@@H]([C@H]([C@@H]([C@H](O6)CO)O)O)O)C)C)(C)C)O[C@H]7[C@@H]([C@H]([C@@H]([C@H](O7)C(=O)O)O)O)O[C@H]8[C@@H]([C@H]([C@H]([C@H](O8)CO)O)O)O	21635582	NFZYDZXHKFHPGA-WVSAFMKXSA-N	C48H76O19
C[C@@H]1CC[C@@]2(CC[C@@]3(C(=CCC4[C@]3(CCC5[C@@]4(CC[C@@H](C5(C)C)O[C@H]6[C@@H]([C@H]([C@H]([C@H](O6)C)O[C@H]7[C@@H]([C@H]([C@@H]([C@H](O7)CO)O)O)O)O)O)C)C)[C@@H]2[C@H]1C)C(=O)O)C(=O)O[C@H]8[C@@H]([C@H]([C@@H]([C@H](O8)CO)O)O)O	129008926	SDMFWFQLYZEILE-JDURHFOOSA-N	C48H76O19
C[C@@H]1CC[C@@]2(C(C3C(O2)C[C@@H]4[C@@]3(CC[C@H]5[C@H]4CC=C6[C@@]5(CC[C@@H](C6)O[C@H]7[C@@H]([C@H]([C@@H]([C@H](O7)CO)O[C@H]8[C@@H]([C@H]([C@@H]([C@H](O8)COC(=O)C)O)O)O)O)O[C@H]9[C@@H]([C@@H]([C@H]([C@@H](O9)C)O)O)O)C)C)C)O[C@H]1OC	51024304	HOLQVKHMRPVKIZ-WLMYHAACSA-N	C48H76O19
C[C@H]1[C@@H]([C@H]([C@H]([C@@H](O1)O[C@H]2[C@@H](O[C@@H]([C@H]([C@H]2O)O)OC[C@H]3[C@H]([C@H]([C@@H]([C@H](O3)OC(=O)[C@@]45CC[C@@]6(C(=CC[C@H]7[C@]6(CC[C@H]8[C@@]7(CC[C@H]([C@]8(C)C(=O)O)O)C)C)[C@H]4CC(CC5)(C)C)C)O)O)O)CO)O)O)O	124905096	LEXLFIULVWKBPT-GYRXHWLSSA-N	C48H76O19
C[C@]12CC[C@@H]([C@](C1CC[C@@]3([C@@H]2CC=C4[C@]3(CC[C@@]5([C@H]4CC(CC5=O)(C)C)C)C)C)(C)CO)O[C@H]6[C@@H]([C@H]([C@@H]([C@H](O6)C(=O)O)O)O)O[C@H]7[C@@H]([C@H]([C@H]([C@H](O7)CO)O)O)O[C@H]8[C@@H]([C@H]([C@@H]([C@H](O8)CO)O)O)O	10843563	JTXVTHCLTOUSSL-DYWNWMBHSA-N	C48H76O19
C[C@@H]1CC[C@@]2(CC[C@@]3(C(=CC[C@H]4[C@]3(CC[C@@H]5[C@@]4(CC[C@@H](C5(C)C)O[C@H]6[C@@H]([C@H]([C@@H]([C@H](O6)CO)O[C@@H]7[C@@H]([C@@H]([C@H]([C@@H](O7)C)O)O)O)O)O)C)C)[C@@H]2[C@H]1C)C(=O)O)C(=O)O[C@H]8[C@@H]([C@H]([C@@H]([C@H](O8)CO)O)O)O	46888323	CEJGXCNFSFGWOZ-MSGLJEEBSA-N	C48H76O19
C[C@]12CCC(C(C1CC[C@@]3(C2CC=C4[C@]3(CC[C@@]5(C4CC(CC5)(C)C)C(=O)OC6C(C(C(C(O6)CO)O)O)O)C)C)(C)C)OC7C(C(C(C(O7)C(=O)O)O)O)OC8C(C(C(C(O8)CO)O)O)O	146158658	NFZYDZXHKFHPGA-IEMSMBJXSA-N	C48H76O19
C[C@]12CC[C@@H]([C@]([C@@H]1CC[C@@]3([C@@H]2CC=C4[C@]3(CC[C@@]5([C@H]4CC(C[C@H]5O)(C)C)C)C)C)(C)C=O)O[C@H]6[C@@H]([C@H]([C@@H]([C@H](O6)C(=O)O)O)O)O[C@H]7[C@@H]([C@H]([C@H]([C@H](O7)CO)O)O)O[C@H]8[C@@H]([C@H]([C@@H]([C@H](O8)CO)O)O)O	177385	WIHKYILMSPQBIM-BKQVBUAGSA-N	C48H76O19
C[C@]12CC[C@@H](C(C1CC[C@@]3(C2CC=C4[C@]3(CC[C@@]5(C4CC(CC5)(C)C)C(=O)O[C@H]6[C@@H]([C@H]([C@@H]([C@H](O6)CO)O)O)O)C)C)(C)C)O[C@H]7[C@@H]([C@H]([C@@H]([C@H](O7)C(=O)O)O)O)O[C@H]8[C@@H]([C@H]([C@@H]([C@H](O8)CO)O)O)O	10011120	NFZYDZXHKFHPGA-WLUMXSMGSA-N	C48H76O19
C[C@]12CC[C@@H]([C@@]([C@@H]1CC[C@@]3([C@@H]2CC=C4[C@]3(C[C@H]([C@@]5([C@H]4CC(CC5)(C)C)C(=O)OC)O)C)C)(C)C=O)O[C@H]6[C@@H]([C@H]([C@@H]([C@H](O6)CO)O)O[C@H]7[C@@H]([C@H]([C@@H](CO7)O)O)O)O[C@H]8[C@@H]([C@H]([C@H]([C@H](O8)CO)O)O)O	45258552	RMAKESVZXWWPDL-UJZAKUSASA-N	C48H76O19
C[C@H]1[C@@H]([C@H]([C@H]([C@@H](O1)O[C@@H]2[C@H]([C@@H]([C@H](O[C@H]2O[C@@H]3[C@H]([C@@H]([C@H](O[C@H]3O[C@H]4CC[C@]5([C@H](C4(C)C)CC[C@@]6([C@@H]5CC=C7[C@]6(CC(=O)[C@@]8([C@H]7CC(C[C@@H]8O)(C)C)C)CO)C)C)C(=O)O)O)O)CO)O)O)O)O)O	16737977	OOUBOZJGXYHGIF-GROMKLDASA-N	C48H76O19
C[C@]12CC[C@@H]([C@](C1CC[C@@]3([C@@H]2CC=C4[C@]3(CC[C@@]5([C@H]4CC(C[C@H]5O)(C)C)C)C)C)(C)C=O)O[C@H]6[C@@H]([C@H]([C@@H]([C@H](O6)C(=O)O)O)O)O[C@H]7[C@@H]([C@H]([C@H]([C@H](O7)CO)O)O)O[C@H]8[C@@H]([C@H]([C@@H]([C@H](O8)CO)O)O)O	10510130	WIHKYILMSPQBIM-YJALUIELSA-N	C48H76O19
C[C@]1(CC[C@@]2(CC[C@@]3(C(=CC[C@H]4[C@]3(CC[C@@H]5[C@@]4(CC[C@@H](C5(C)C)O[C@H]6[C@@H]([C@H]([C@H](CO6)O)O[C@H]7[C@@H]([C@H]([C@@H]([C@H](O7)CO)O)O)O)O)C)C)[C@@H]2C1)C)C(=O)O[C@H]8[C@@H]([C@H]([C@@H]([C@H](O8)CO)O)O)O)C(=O)OC	101155181	LOJYQIPDMAVXEI-PLDICACFSA-N	C48H76O19
C[C@H]1[C@@H]([C@H]([C@H]([C@@H](O1)O[C@H]2[C@@H](O[C@@H]([C@H]([C@H]2O)O)OC[C@H]3[C@H]([C@H]([C@@H]([C@H](O3)OC(=O)[C@@]45CC[C@@]6(C(=CC[C@H]7[C@]6(CC[C@@H]8[C@@]7(CC[C@H]([C@]8(C)C(=O)O)O)C)C)[C@H]4CC(CC5)(C)C)C)O)O)O)CO)O)O)O	124905094	LEXLFIULVWKBPT-DSKQQYEHSA-N	C48H76O19
C[C@H]1[C@@H]([C@H]([C@H]([C@@H](O1)O[C@@H]2[C@H](O[C@H]([C@@H]([C@H]2O)O)OC[C@@H]3[C@H]([C@@H]([C@H]([C@@H](O3)OC(=O)[C@@]45CC[C@@]6(C(=CC[C@H]7[C@]6(CC[C@@H]8[C@@]7(CC[C@@H]([C@@]8(C)C(=O)O)O)C)C)[C@@H]4CC(CC5)(C)C)C)O)O)O)CO)O)O)O	11643700	LEXLFIULVWKBPT-NDRURUJSSA-N	C48H76O19
C[C@@]1(CC[C@@]2(CC[C@@]3(C(=CC[C@H]4[C@]3(CC[C@@H]5[C@@]4(CC[C@@H](C5(C)C)O[C@H]6[C@@H]([C@H]([C@@H](CO6)O[C@H]7[C@@H]([C@H]([C@@H]([C@H](O7)CO)O)O)O)O)O)C)C)[C@@H]2C1)C)C(=O)O[C@H]8[C@@H]([C@H]([C@@H]([C@H](O8)CO)O)O)O)C(=O)OC	102421861	NKGNYRZFVDNBOZ-YOAQICDSSA-N	C48H76O19
C[C@H]1[C@@H]([C@H]([C@H]([C@@H](O1)O[C@@H]2[C@H](O[C@H]([C@@H]([C@H]2O)O)O[C@H]3CC[C@@]4([C@H]5CC[C@@H]6[C@H]7[C@@H](CC[C@@]7(CC[C@]6([C@@]5(CC[C@H]4[C@]3(C)C(=O)O)C)C)C(=O)O[C@H]8[C@@H]([C@H]([C@@H]([C@H](O8)CO)O)O)O)C(=C)C)C)CO)O)O)O	102119830	AHPZBBYUCGGWKP-YRNANONPSA-N	C48H76O19
C[C@H]1[C@@H]([C@H]([C@H]([C@@H](O1)O[C@@H]2[C@H]([C@@H](CO[C@H]2O[C@H]3CC[C@]4([C@H]([C@]3(C)CO)CC[C@@]5([C@@H]4CC=C6[C@]5(CC[C@@]7([C@H]6C[C@@](CC7)(C)C(=O)OC)C(=O)O[C@H]8[C@@H]([C@H]([C@@H]([C@H](O8)CO)O)O)O)C)C)C)O)O)O)O)O	101864220	IKDDNHNTCTWJSO-KXSFCPERSA-N	C48H76O19
C[C@]12CC[C@@H](C(C1CC[C@@]3(C2CC=C4[C@]3(CC[C@@]5([C@H]4CC(CC5)(C)C)C(=O)O)C)C)(C)C)O[C@H]6[C@@H]([C@H]([C@@H]([C@H](O6)C(=O)O)O)O[C@H]7[C@@H]([C@H]([C@H]([C@H](O7)CO)O)O)O)O[C@H]8[C@@H]([C@H]([C@@H]([C@H](O8)CO)O)O)O	51136437	YDZWHGJRWMQCDP-MIWFXODKSA-N	C48H76O19
C[C@]12CC[C@@H](C([C@@H]1CC[C@@]3([C@@H]2CC=C4[C@]3(C[C@H]([C@@]5([C@H]4CC(CC5)(C)C)C(=O)O[C@H]6[C@@H]([C@H]([C@@H](CO6)O)O)O)O)C)C)(C)C)O[C@H]7[C@@H]([C@H]([C@@H]([C@H](O7)C(=O)OC)O)O)O[C@H]8[C@@H]([C@H]([C@H]([C@H](O8)CO)O)O)O	101630871	FNJAUEOREUWPKW-HEHCQUQBSA-N	C48H76O19
CC1CC[C@]2(CC[C@]3(C(=CCC4[C@@]3(CCC5[C@]4(CC[C@H](C5(C)C)OC6C(C(C(C(O6)C)O)O)O)C)C)C2C1C)C(=O)O)C(=O)OC7C(C(C(C(O7)COC8C(C(C(C(O8)CO)O)O)O)O)O)O	133554254	IMXVXFLNNGIIDL-AVBFBMMASA-N	C48H76O19
C[C@]12CC[C@@H](C([C@@H]1CC[C@@]3([C@@H]2CC=C4[C@]3(C[C@H]([C@]56[C@H]4CC([C@H](C5)OC6=O)(C)C)O[C@H]7[C@@H]([C@H]([C@@H]([C@H](O7)CO)O)O)O)C)C)(C)C)O[C@H]8[C@@H]([C@H]([C@@H]([C@H](O8)CO)O[C@H]9[C@@H]([C@H]([C@@H]([C@H](O9)CO)O)O)O)O)O	101638309	SLTUJQPJRIVGJO-XVVPJECSSA-N	C48H76O19
CCC(C)C(=O)O[C@H]1[C@@H]2[C@]3(CC[C@@H](C[C@@H]3CC[C@@]24[C@@]5(O4)CC[C@H]([C@]5([C@@H]1OC(=O)C)C)C(=O)C)O[C@H]6C[C@H]([C@@H]([C@H](O6)C)O[C@H]7[C@@H]([C@@H]([C@@H]([C@H](O7)C)O[C@H]8[C@@H]([C@H]([C@@H]([C@H](O8)CO)O)O)O)OC)O)OC)C	101743841	MLBXHLPLQLRNTN-MALHCKPXSA-N	C48H76O19
C[C@@H]1CC[C@@]2(CC[C@@]3(C(=CCC4[C@]3(CCC5[C@@]4(CC[C@H]([C@]5(C)C(=O)O)O)C)C)C2[C@H]1C)C)C(=O)OC6C(C(C(C(O6)COC7C(C(C(C(O7)CO)O[C@H]8[C@@H]([C@@H]([C@H]([C@@H](O8)C)O)O)O)O)O)O)O)O	24177533	JHJCKCJXKSJEBD-DQPKIUIZSA-N	C48H76O19
C[C@]12CC[C@@H](C([C@@H]1CC[C@@]3([C@@H]2CC=C4[C@]3(CC[C@@]5([C@H]4CC(CC5)(C)C)C(=O)O)C)C)(C)C)O[C@H]6[C@@H]([C@H]([C@@H]([C@H](O6)C(=O)O)O)O[C@H]7[C@@H]([C@H]([C@@H]([C@H](O7)CO)O)O)O)O[C@H]8[C@@H]([C@H]([C@@H]([C@H](O8)CO)O)O)O	14488084	YDZWHGJRWMQCDP-DSGJZSDQSA-N	C48H76O19
C[C@]12CC[C@@H](C(C1CC[C@@]3(C2CC=C4[C@]3(CC[C@@]5([C@H]4CC(CC5)(C)C)C(=O)O[C@H]6[C@@H]([C@H]([C@@H]([C@H](O6)CO)O)O)O)C)C)(C)C)O[C@H]7[C@@H]([C@H]([C@@H]([C@H](O7)C(=O)O)O)O)OC8C(C(C(C(O8)CO)O)O)O	45359852	NFZYDZXHKFHPGA-CRYCKQKNSA-N	C48H76O19
C[C@]12CC[C@@H](C([C@H]1CC[C@@]3([C@H]2CC=C4[C@]3(CC[C@@]5([C@H]4CC(CC5)(C)C)C(=O)O)C)C)(C)C)O[C@H]6[C@@H]([C@H]([C@@H]([C@H](O6)C(=O)O)O)O[C@H]7[C@@H]([C@H]([C@H]([C@H](O7)CO)O)O)O)O[C@H]8[C@@H]([C@H]([C@@H]([C@H](O8)CO)O)O)O	124871797	YDZWHGJRWMQCDP-LGPHWMCISA-N	C48H76O19
C[C@]12CC[C@@H](C([C@@H]1CC[C@@]3([C@@H]2CC=C4[C@]3(CC[C@@]5([C@H]4CC(CC5)(C)C)C(=O)O)C)C)(C)C)O[C@H]6[C@@H]([C@H]([C@@H]([C@H](O6)C(=O)O)O)O)O[C@H]7[C@@H]([C@H]([C@H]([C@H](O7)CO)O)O)O[C@H]8[C@@H]([C@H]([C@@H]([C@H](O8)CO)O)O)O	10557839	PPXSTGDJSPLJCV-TVPPXOBLSA-N	C48H76O19
C[C@H]1[C@@H]([C@H]([C@H]([C@@H](O1)O[C@@H]2[C@H]([C@@H]([C@H](O[C@H]2O[C@@H]3[C@H]([C@@H]([C@H](O[C@H]3O[C@H]4CC[C@]5([C@H]([C@@]4(C)CO)CC[C@@]6([C@@H]5CC=C7[C@]6(CC[C@@]8([C@H]7CC(C[C@H]8O)(C)C)C)C)C)C)C(=O)O)O)O)C(=O)O)O)O)O)O)O	9812729	SZHUMUJGHFQABW-KEWSLLKSSA-N	C48H76O19
C[C@]12CC[C@@H](C([C@@H]1CC[C@@]3([C@@H]2CC=C4[C@]3(CC[C@@]5([C@H]4CC(CC5)(C)C)C(=O)O[C@H]6[C@@H]([C@H]([C@@H]([C@H](O6)CO)O)O)O)C)C)(C)C)OC7[C@@H]([C@H]([C@@H]([C@H](O7)C(=O)O)O)O)OC8[C@@H]([C@H]([C@@H]([C@H](O8)CO)O)O)O	153496238	NFZYDZXHKFHPGA-QTDWQJBESA-N	C48H76O19
C[C@]12CC[C@@H](C([C@@H]1CC[C@@]3([C@@H]2CC=C4[C@]3(CC[C@@]5([C@H]4CC(CC5)(C)C)C(=O)OC6[C@@H]([C@H]([C@@H]([C@H](O6)CO)O)O)O)C)C)(C)C)O[C@H]7[C@@H]([C@H]([C@@H]([C@H](O7)C(=O)O)O)O[C@H]8[C@@H]([C@H]([C@H]([C@H](O8)CO)O)O)O)O	71587079	QZMAEZWZCGBZFK-RJGWSPCISA-N	C48H76O19
C[C@]1(CC[C@@]2(CC[C@@]3(C(=CC[C@H]4[C@]3(CCC5[C@@]4(CC[C@@H](C5(C)C)O[C@H]6[C@@H]([C@H]([C@H](CO6)O)O[C@H]7[C@@H]([C@H]([C@@H]([C@H](O7)CO)O)O)O)O)C)C)C2C1)C)C(=O)O[C@H]8[C@@H]([C@H]([C@@H]([C@H](O8)CO)O)O)O)C(=O)OC	11105022	LOJYQIPDMAVXEI-ULOLFCEKSA-N	C48H76O19
C[C@]12CC[C@@H](C([C@@H]1CC[C@@]3([C@@H]2CC=C4[C@]3(CC[C@@]5([C@H]4CC(CC5)(C)C)C(=O)O)C)C)(C)C)O[C@H]6[C@@H]([C@H]([C@@H]([C@H](O6)C(=O)O)O[C@H]7[C@@H]([C@H]([C@@H]([C@H](O7)CO)O)O)O)O[C@H]8[C@@H]([C@H]([C@H]([C@H](O8)CO)O)O)O)O	134820213	IKLJZXPOWHPNML-WCRAFUTRSA-N	C48H76O19
C[C@@H]1CC[C@@]2(CC[C@@]3(C(=CCC4[C@]3(CCC5[C@@]4(CC[C@@H](C5(C)C)O[C@H]6[C@@H]([C@@H]([C@H]([C@@H](O6)C)OC7C(C(C(C(O7)CO)O)O)O)O)O)C)C)[C@@H]2[C@H]1C)C(=O)O)C(=O)OC8C(C(C(C(O8)CO)O)O)O	44715704	SDMFWFQLYZEILE-IJIFUICFSA-N	C48H76O19
CC(C)C(=O)O[C@H]1[C@@H]([C@]2([C@@H](CC1(C)C)C3=CC[C@@H]4[C@]5(CC[C@@H](C([C@@H]5CC[C@]4([C@@]3([C@H]([C@H]2O)O)C)C)(C)C)O[C@H]6[C@@H]([C@H]([C@@H]([C@H](O6)C(=O)O)O)O)O[C@H]7[C@@H]([C@H]([C@@H]([C@H](O7)CO)O)O)O)C)CO)OC(=O)C	21576237	AIAOQTBKFWFIJZ-DBXTYQKRSA-N	C48H76O19
C[C@@H]1CC[C@@]2([C@H](C3C(O2)C[C@@H]4[C@@]3(CC[C@H]5[C@H]4CC=C6[C@@]5(CC[C@@H](C6)O[C@H]7[C@@H]([C@H]([C@@H]([C@H](O7)CO)O[C@H]8[C@@H]([C@H]([C@@H]([C@H](O8)COC(=O)C)O)O)O)O)O[C@H]9[C@@H]([C@@H]([C@H]([C@@H](O9)C)O)O)O)C)C)C)O[C@H]1OC	10418421	HOLQVKHMRPVKIZ-RKNRSRHESA-N	C48H76O19
C[C@H]1[C@@H]([C@H]([C@H]([C@@H](O1)O[C@@H]2[C@H]([C@H]([C@H](O[C@H]2O[C@@H]3[C@H]([C@@H]([C@H](O[C@H]3O[C@H]4CC[C@]5(C([C@@]4(C)CO)CC[C@@]6(C5CC=C7[C@]6(CC[C@@]8([C@H]7CC(C[C@H]8O)(C)C)C)C)C)C)C(=O)O)O)O)C(=O)O)O)O)O)O)O	51136423	SZHUMUJGHFQABW-IOGYURKRSA-N	C48H76O19
C[C@]12CC[C@@H](C(C1CC[C@@]3(C2CC=C4[C@]3(CC[C@@]5(C4CC(CC5)(C)C)C(=O)O[C@H]6[C@@H]([C@H]([C@@H]([C@H](O6)CO)O)O)O)C)C)(C)C)O[C@H]7[C@@H]([C@H]([C@@H]([C@H](O7)C(=O)O)O)O[C@H]8[C@@H]([C@H]([C@H]([C@H](O8)CO)O)O)O)O	45783113	QZMAEZWZCGBZFK-VPQYALDZSA-N	C48H76O19
C[C@]12CC[C@@H](C(C1CC[C@@]3(C2CC=C4[C@]3(CC[C@@]5(C4CC(CC5)(C)C)C(=O)O[C@H]6[C@@H]([C@H]([C@@H]([C@H](O6)CO[C@H]7[C@@H]([C@H]([C@@H]([C@H](O7)CO)O)O)O)O)O)O)C)C)(C)C)O[C@H]8[C@@H]([C@H]([C@@H]([C@H](O8)C(=O)O)O)O)O	71522081	DSDNRWZSZQHXFQ-HMGJJTOQSA-N	C48H76O19
C[C@@H]1CC[C@@]2(CC[C@@]3(C(=CC[C@H]4[C@]3(CC[C@@H]5[C@@]4(CC[C@@H](C5(C)C)O[C@H]6[C@@H]([C@@H]([C@H]([C@@H](O6)C)O)O[C@H]7[C@@H]([C@H]([C@@H]([C@H](O7)CO)O)O)O)O)C)C)[C@@H]2[C@H]1C)C(=O)O)C(=O)O[C@H]8[C@@H]([C@H]([C@@H]([C@H](O8)CO)O)O)O	101922448	AYUPCUGXBHAUAL-RELGHSRFSA-N	C48H76O19
C[C@H]1[C@@H]([C@H]([C@H]([C@@H](O1)O[C@@H]2[C@H](O[C@H]([C@@H]([C@H]2O)O)OC[C@@H]3[C@H]([C@@H]([C@H]([C@@H](O3)O[C@H]4CC[C@@]5([C@H]6CC[C@@H]7[C@H]8[C@@H](CC[C@@]8(CC[C@]7([C@@]6(CC[C@H]5[C@]4(C)C(=O)O)C)C)C(=O)O)C(=C)C)C)O)O)O)CO)O)O)O	102119828	FCFVJTWUSARYOA-OIISTEDZSA-N	C48H76O19
C[C@]12CC[C@@H](C([C@@H]1CC[C@@]3([C@H]2CC=C4[C@]3(CC[C@@]5([C@H]4CC(CC5)(C)C)C(=O)O)C)C)(C)C)O[C@H]6[C@@H]([C@H]([C@@H]([C@H](O6)C(=O)O)O)O[C@H]7[C@@H]([C@H]([C@H]([C@H](O7)CO)O)O)O)O[C@H]8[C@@H]([C@H]([C@@H]([C@H](O8)CO)O)O)O	124871795	YDZWHGJRWMQCDP-GKKFPHNWSA-N	C48H76O19
C[C@H]1[C@@H]([C@H]([C@H]([C@@H](O1)O[C@@H]2[C@H]([C@@H]([C@H](O[C@H]2O[C@H]3CC[C@@]4([C@H]5CC[C@@H]6[C@H]7[C@@H]([C@@H]8C[C@@]7(CC[C@]6([C@@]5(CC[C@H]4C3(C)C)C)C)C(=O)O8)C(C)(C)O)C)C(=O)O)O)O)O)O[C@H]9[C@@H]([C@H]([C@@H]([C@H](O9)CO)O)O)O)O	102283339	OIOHYVANUGXWKF-IYVLVZCFSA-N	C48H76O19
C[C@H]1[C@@H]([C@H]([C@H]([C@@H](O1)O[C@@H]2[C@H]([C@@H]([C@H](O[C@H]2O[C@H]3[C@H](C[C@]4([C@H]([C@]3(C)C=O)CC[C@@]5([C@@H]4CC=C6[C@]5(CC[C@@]7([C@H]6CC(CC7)(C)C)C(=O)O[C@H]8[C@@H]([C@H]([C@@H]([C@H](O8)CO)O)O)O)C)C)C)O)CO)O)O)O)O)O	101918547	MRNFWRKCIAOSRD-NDQJOVDZSA-N	C48H76O19
C[C@]12CC[C@@H]([C@@]([C@@H]1CC[C@@]3([C@@H]2CC=C4[C@]3(CC[C@@]5([C@H]4CC(CC5)(C)C)C(=O)O[C@H]6[C@@H]([C@H]([C@@H]([C@H](O6)CO)O)O)O)C)C)(C)CO)O[C@H]7[C@@H]([C@H]([C@@H]([C@H](O7)C(=O)OC)O)O[C@H]8[C@@H]([C@H]([C@@H](CO8)O)O)O)O	101723788	YFUSGUFYDMCWKP-PGPMCXEMSA-N	C48H76O19
C[C@]12CC[C@@H](C(C1CC[C@@]3([C@@H]2CC=C4[C@]3(CC[C@@]5([C@H]4CC(CC5)(C)C)C(=O)O[C@H]6[C@@H]([C@H]([C@@H]([C@H](O6)CO)O)O)O)C)C)(C)C)O[C@H]7[C@@H]([C@H]([C@@H]([C@H](O7)C(=O)O)O[C@H]8[C@@H]([C@H]([C@@H]([C@H](O8)CO)O)O)O)O)O	10748446	VQIUANBMNYRFDG-NRVAMBIUSA-N	C48H76O19
C[C@H]1[C@@H]([C@H]([C@H]([C@@H](O1)O[C@@H]2[C@H]([C@@H]([C@H](O[C@H]2O[C@@H]3[C@H]([C@@H]([C@H](O[C@H]3O[C@H]4CC[C@]5([C@H](C4(C)C)CC[C@@]6([C@@H]5CC=C7[C@]6(CC[C@@]8([C@H]7C[C@@](CC8)(C)C(=O)O)C(=O)O)C)C)C)CO)O)O)CO)O)O)O)O)O	101099830	UPPXMONNNGGKMB-SCIIFNDGSA-N	C48H76O19
C[C@H]1[C@@H]([C@H]([C@H]([C@@H](O1)O[C@@H]2[C@H]([C@@H]([C@H](O[C@H]2O[C@@H]3[C@H]([C@@H]([C@H](O[C@H]3O[C@H]4CC[C@]5([C@H]([C@@]4(C)CO)CC[C@@]6([C@@H]5CC=C7[C@]6(CC[C@@]8([C@H]7CC([C@H](C8)O)(C)C)C)C)C)C)C(=O)O)O)O)C(=O)O)O)O)O)O)O	101664543	TZNGGQHGAUXOJZ-FBVRMUGVSA-N	C48H76O19
C[C@@H]1CC[C@@]2(CC[C@@]3(C(=CC[C@H]4[C@]3(C=C[C@@H]5[C@@]4(C[C@H]([C@@H]([C@@]5(C)CO)O)O)C)C)[C@@H]2[C@H]1C)C)C(=O)O[C@H]6[C@@H]([C@H]([C@@H]([C@H](O6)CO[C@H]7[C@@H]([C@H]([C@@H]([C@H](O7)CO)O[C@H]8[C@@H]([C@@H]([C@H]([C@@H](O8)C)O)O)O)O)O)O)O)O	101568838	PKXSSEUFXRIVNU-FGWHUCSPSA-N	C48H76O19
C[C@]12CC[C@@H](C([C@H]1CC[C@@]3([C@@H]2CC=C4[C@]3(CC[C@@]5([C@@H]4CC(CC5)(C)C)C(=O)O[C@H]6[C@@H]([C@H]([C@@H]([C@H](O6)CO)O)O)O)C)C)(C)C)O[C@H]7[C@@H]([C@H]([C@@H]([C@H](O7)C(=O)O)O)O[C@H]8[C@@H]([C@H]([C@H]([C@H](O8)CO)O)O)O)O	124839771	QZMAEZWZCGBZFK-HWJLXXAZSA-N	C48H76O19
C[C@H]1[C@@H]([C@H]([C@H]([C@@H](O1)O[C@@H]2[C@H]([C@H]([C@H](O[C@H]2O[C@@H]3[C@H]([C@@H]([C@H](O[C@H]3O[C@H]4CC[C@@]5([C@H]6C(=O)C=C7C8CC(C[C@H]([C@@]8(CC[C@]7([C@@]6(CCC5[C@@]4(C)CO)C)C)C)O)(C)C)C)C(=O)O)O)O)CO)O)O)O)O)O	10440914	SMRPGWBDLOQHOS-VAFPPZNLSA-N	C48H76O19
C[C@H]1[C@@H]([C@H]([C@H]([C@@H](O1)O[C@@H]2[C@H](O[C@H]([C@@H]([C@H]2O)O)OC[C@@H]3[C@H]([C@@H]([C@H]([C@@H](O3)OC(=O)[C@]45CC[C@@](C[C@H]4C6=CC[C@@H]7[C@]8(CC[C@@H]([C@@]([C@@H]8CC[C@]7([C@@]6(CC5)C)C)(C)C=O)O)C)(C)CO)O)O)O)CO)O)O)O	11672459	IFYHLPBBPBCPBM-ILUBHACESA-N	C48H76O19
C[C@]12CC[C@@H](C([C@@H]1CC[C@@]3([C@@H]2CC=C4[C@]3(CC[C@@]5([C@H]4CC(CC5)(C)C)C(=O)O[C@H]6[C@@H]([C@H]([C@@H]([C@H](O6)CO)O)O)O)C)C)(C)C)O[C@H]7[C@@H]([C@H]([C@@H]([C@H](O7)C(=O)O)O)O[C@H]8[C@@H]([C@H]([C@H]([C@H](O8)CO)O)O)O)O	44566500	QZMAEZWZCGBZFK-AOJWCAIYSA-N	C48H76O19
C[C@H]1[C@@H]([C@H]([C@H]([C@@H](O1)O[C@@H]2[C@H](O[C@H]([C@@H]([C@H]2O)O)OC[C@@H]3[C@H]([C@@H]([C@H]([C@@H](O3)OC(=O)[C@]45CC[C@H]([C@H]4[C@H]6CC[C@H]7[C@]([C@@]6(CC5)C)(CC[C@@H]8[C@@]7([C@H](OC8(C)C)CC(=O)O)C)C)C(=C)C)O)O)O)CO)O)O)O	154495946	CNNOYZDJRLCNJD-JLKWFRLMSA-N	C48H76O19
C[C@H]1[C@@H]([C@H]([C@H]([C@@H](O1)O[C@@H]2[C@H](O[C@H]([C@@H]([C@H]2O)O)OC[C@@H]3[C@H]([C@@H]([C@H]([C@@H](O3)OC(=O)[C@]45CC[C@H]([C@@H]4[C@H]6CC[C@@H]7[C@]8(CC[C@@H]([C@@]([C@@H]8CC[C@]7([C@@]6(CC5)C)C)(C)C(=O)O)O)C)C(=C)C)O)O)O)CO)O)O)O	101691040	OSXJYFIVZQMFMF-OIISTEDZSA-N	C48H76O19
C[C@@H]1CC[C@@]2(CC[C@@]3(C(=CC[C@H]4[C@]3(CC[C@@H]5[C@@]4(CC[C@H]([C@@]5(C)C(=O)O)O)C)C)[C@@H]2[C@H]1C)C)C(=O)O[C@H]6[C@@H]([C@H]([C@@H]([C@H](O6)CO[C@H]7[C@@H]([C@H]([C@@H]([C@H](O7)CO)O[C@H]8[C@@H]([C@@H]([C@H]([C@@H](O8)C)O)O)O)O)O)O)O)O	101618891	JHJCKCJXKSJEBD-SEZZLRRHSA-N	C48H76O19
C[C@H]1[C@@H]2[C@H]3CC[C@@H]4[C@]5(CC[C@@H](C([C@@H]5CC[C@]4([C@@]3(CC[C@]2(CC=C1C)C(=O)O)CO)C)(C)C)O[C@H]6[C@@H]([C@H]([C@@H]([C@H](O6)C(=O)O)O)O)O[C@H]7[C@@H]([C@H]([C@H]([C@H](O7)CO)O)O)O[C@H]8[C@@H]([C@@H]([C@H]([C@@H](O8)C)O)O)O)C	122235159	FOPUYWFIRWZTQW-ITKDGEDASA-N	C48H76O19
C[C@@H]1[C@H]([C@@H]([C@H]([C@@H](O1)O[C@H]2CC[C@]3(C(C2(C)C)CC[C@@]4(C3CC=C5[C@]4(CC[C@@]6([C@H]5CC(CC6)(C)C)C(=O)OC7C(C(C(C(O7)CO)O)O)O)C(=O)O)C)C)O)O)OC8C(C(C(C(O8)CO)O)O)O	23983730	VYHYYPSTYRXLPO-HSDVXKOOSA-N	C48H76O19
C[C@H]1[C@@H]([C@H]([C@H]([C@@H](O1)O[C@@H]2[C@H](O[C@H]([C@@H]([C@H]2O)O)OC[C@@H]3[C@H]([C@@H]([C@H]([C@@H](O3)OC(=O)[C@@]45CC[C@@]6(C(=CC[C@H]7[C@]6(CC[C@@H]8[C@@]7(CC[C@H]([C@@]8(C)C(=O)O)O)C)C)[C@@H]4CC(CC5)(C)C)C)O)O)O)CO)O)O)O	101675598	LEXLFIULVWKBPT-ZOGDPUPDSA-N	C48H76O19
C[C@@]12CCC3(CCC(CC3C1=CCC4C2(CCC5C4(CC[C@@H](C5(C)C)OC6C(C(C(C(O6)C(=O)O)O)OC7C(C(C(C(O7)CO)O)O)O)O)C)C)(C)C)C(=O)OC8C(C(C(C(O8)CO)O)O)O	24204443	QZMAEZWZCGBZFK-MQYWXEPLSA-N	C48H76O19
CC1(CC2C3=CCC4C5(CCC(C(C5CCC4(C3(CCC2(C(=O)C1)C)C)C)(C)CO)O[C@H]6[C@@H]([C@H]([C@@H]([C@H](O6)C(=O)O)O)O)O[C@H]7[C@@H]([C@H]([C@H]([C@H](O7)CO)O)O)O[C@H]8[C@@H]([C@H]([C@@H]([C@H](O8)CO)O)O)O)C)C	5321093	JTXVTHCLTOUSSL-XUFMEZJYSA-N	C48H76O19
CC1(CCC2(CCC3(C(=CCC4C3(CCC5C4(CCC(C5(C)C)OC6C(C(C(C(O6)C(=O)O)O)O)OC7C(C(C(C(O7)CO)O)O)O)C)C)C2C1)C)C(=O)OC8C(C(C(C(O8)CO)O)O)O)C	12302914	NFZYDZXHKFHPGA-UHFFFAOYSA-N	C48H76O19
C[C@H]1[C@@H]([C@H]([C@H]([C@H](O1)O[C@@H]2[C@H](O[C@H]([C@@H]([C@H]2O)O)OC[C@@H]3[C@H]([C@@H]([C@H]([C@@H](O3)OC(=O)[C@]45CC[C@H]([C@@H]4[C@H]6C[C@H]([C@@H]7[C@]8(CC[C@H]([C@@](C8CC[C@]7([C@@]6(CC5)C)C)(C)C=O)O)C)O)C(=C)C)O)O)O)CO)O)O)O	44551177	YDUPASYHRRYIHO-YGTZTQOFSA-N	C48H76O19
C[C@]12CC[C@@H](C(C1CC[C@@]3(C2CC=C4[C@]3(CC[C@@]5(C4CC(CC5)(C)C)C(=O)O[C@H]6[C@@H]([C@H]([C@@H]([C@H](O6)CO)O)O)O)C)C)(C)C)OC7C(C(C(C(O7)C(=O)O)OC8C(C(C(C(O8)CO)O)O)O)O)O	44715499	VQIUANBMNYRFDG-CAEXJQHGSA-N	C48H76O19
C[C@H]1[C@@H]([C@H]([C@H]([C@@H](O1)O[C@@H]2[C@H]([C@H]([C@H](O[C@H]2O[C@@H]3[C@H]([C@@H]([C@H](O[C@H]3O[C@H]4CC[C@]5([C@H]([C@@]4(C)CO)CC[C@@]6([C@@H]5C(=O)C=C7[C@]6(CC[C@@]8([C@H]7CC(C[C@H]8O)(C)C)C)C)C)C)C(=O)O)O)O)CO)O)O)O)O)O	101638317	SMRPGWBDLOQHOS-VOQKIMHTSA-N	C48H76O19
C[C@H]1[C@@H]([C@H]([C@H]([C@@H](O1)O[C@@H]2[C@H]([C@@H]([C@H](O[C@H]2O[C@H]3CC[C@]4([C@H](C3(C)C)CC[C@@]5([C@@H]4CC=C6[C@]5(CC[C@@]7([C@H]6CC(C[C@H]7O)(C)C)C(=O)O[C@H]8[C@@H]([C@H]([C@@H]([C@H](O8)CO)O)O)O)C)C)C)C(=O)O)O)O)O)O)O	101534773	ITUCITKIIQWBLM-GFUZRWRSSA-N	C48H76O19
C[C@]12CC[C@@H](C(C1CC[C@@]3(C2CC=C4[C@]3(CC[C@@]5(C4CC(CC5)(C)C)C(=O)O)C)C)(C)C)O[C@H]6[C@@H]([C@H]([C@@H]([C@H](O6)C(=O)O)O)O[C@H]7[C@@H]([C@H]([C@H]([C@H](O7)CO)O)O)O)O[C@H]8[C@@H]([C@H]([C@H]([C@H](O8)CO)O)O)O	9988476	YDZWHGJRWMQCDP-KNSKDILESA-N	C48H76O19
C[C@@]12CCC3(CCC(CC3C1=CCC4C2(CCC5C4(CC[C@@H](C5(C)C)OC6C(C(C(C(O6)C(=O)O)O)OC7C(C(C(C(O7)CO)O)O)O)OC8C(C(C(C(O8)CO)O)O)O)C)C)(C)C)C(=O)O	24204442	YDZWHGJRWMQCDP-MQYWXEPLSA-N	C48H76O19
CC(=C)[C@@H]1CC[C@]2([C@H]1[C@H]3CC[C@@H]4[C@]5(CC[C@@H](C([C@@H]5CC[C@]4([C@@]3(CC2)C)C)(C)C)O[C@H]6[C@@H]([C@H]([C@@H]([C@H](O6)C(=O)O)O)O)O)C)C(=O)O[C@H]7[C@@H]([C@H]([C@@H]([C@H](O7)CO[C@H]8[C@@H]([C@H]([C@@H]([C@H](O8)CO)O)O)O)O)O)O	102190928	PNNGLIMJCQBBDM-LBIIZXEGSA-N	C48H76O19
C[C@H]1[C@@H]2[C@H]3CC[C@@H]4[C@]5(CC[C@@H](C([C@@H]5CC[C@]4([C@@]3(CC[C@]2(CCC1=C)C(=O)O)CO)C)(C)C)O[C@H]6[C@@H]([C@H]([C@@H]([C@H](O6)C(=O)O)O)O)O[C@H]7[C@@H]([C@H]([C@H]([C@H](O7)CO)O)O)O[C@H]8[C@@H]([C@@H]([C@H]([C@@H](O8)C)O)O)O)C	122235160	SABWFQYQWXKIAU-ITKDGEDASA-N	C48H76O19
C[C@]12CC[C@](CC1=C3C=C([C@@H]4[C@]5(CC[C@@H](C([C@@H]5CC[C@]4([C@@]3(CC2)C)C)(C)C)O[C@H]6[C@@H]([C@H]([C@@H]([C@H](O6)CO)O)O)O[C@H]7[C@@H]([C@H]([C@H]([C@H](O7)CO)O)O)O)C)O[C@@H]8[C@@H]([C@H]([C@H]([C@H](O8)CO)O)O)O)(C)C(=O)O	16095631	GEPZCEPIVPZLKF-JOMLPTQBSA-N	C48H76O19
CC1(CCC2(CCC3(C(=CCC4C3(CCC5C4(CCC(C5(C)C)OC6C(C(C(C(O6)C(=O)O)O)OC7C(C(C(C(O7)CO)O)O)O)OC8C(C(C(C(O8)CO)O)O)O)C)C)C2C1)C)C(=O)O)C	14488082	YDZWHGJRWMQCDP-UHFFFAOYSA-N	C48H76O19
CC(C)C(=O)OCCCC[C@H]1C(C([C@@H](C(O1)COC(=O)C(C)C)O[C@H]2C3(C([C@H](C3(O2)COC(=O)C(C)C)OC(=O)C(C)C)OC(=O)C(C)C)OC(=O)C(C)C)OC(=O)C(C)C)OC(=O)C(C)C	148483305	MHHFJZPPEXDHEO-IWTKERGNSA-N	C48H76O19
C/C=C(\C)/C(=O)O[C@@H]1[C@H]([C@H]2[C@@H](CC[C@@H]3[C@@]2(CC[C@@H](C3)O[C@H]4C[C@H]([C@@H](C(O4)C)O[C@H]5C([C@H]([C@@H](C(O5)C)O[C@H]6C([C@H]([C@@H](C(O6)CO)O)O)O)OC)O)OC)C)[C@@]7([C@]1([C@H](CC7)C(=O)C)C)O)OC(=O)C	129909476	WNVNZMKEBHPRFB-WWTMIHIASA-N	C48H76O19
C[C@]12CC[C@@H](C([C@@H]1CC[C@@]3(C2CC=C4[C@]3(CC[C@@]5([C@H]4CC(CC5)(C)C)C(=O)O[C@H]6[C@@H]([C@H]([C@@H]([C@H](O6)CO)O)O)O)C)C)(C)C)O[C@H]7[C@@H]([C@H]([C@@H]([C@H](O7)C(=O)O)O)O)O[C@H]8[C@@H]([C@H]([C@@H]([C@H](O8)CO)O)O)O	118987124	NFZYDZXHKFHPGA-JFKAIZNVSA-N	C48H76O19
C[C@H]1[C@@H]([C@H]([C@H]([C@@H](O1)O[C@H]2[C@@H]([C@H](O[C@H]([C@@H]2O)OC3CC[C@]4([C@H](C3(C)C)CC[C@@]5([C@@H]4CC=C6[C@@]5(CC[C@@]7([C@H]6C[C@](CC7)(C)CO[C@H]8[C@@H]([C@H]([C@@H]([C@H](O8)CO)O)O)O)C(=O)O)C)C)C)C(=O)O)O)O)O)O	101243896	WDYXCNWSLADFFB-IAAISSITSA-N	C48H76O19
C[C@]12CC[C@@H](C([C@H]1CC[C@@]3([C@@H]2CC=C4[C@]3(CC[C@@]5([C@H]4CC(CC5)(C)C)C(=O)O[C@H]6[C@@H]([C@H]([C@@H]([C@H](O6)CO)O)O)O)C)C)(C)C)O[C@H]7[C@@H]([C@H]([C@@H]([C@H](O7)C(=O)O)O)O[C@H]8[C@@H]([C@H]([C@H]([C@H](O8)CO)O)O)O)O	124839773	QZMAEZWZCGBZFK-PUXCZQLBSA-N	C48H76O19
C[C@]12CC[C@@H](C([C@@H]1CC[C@@]3([C@@H]2CC=C4[C@]3(CC[C@@]5([C@H]4CC(CC5)(C)C)C(=O)O)C)C)(C)C)O[C@H]6[C@@H]([C@H]([C@@H]([C@H](O6)C(=O)O)O)O[C@H]7[C@@H]([C@H]([C@H]([C@H](O7)CO)O)O)O)O[C@H]8[C@@H]([C@H]([C@@H]([C@H](O8)CO)O)O)O	44566499	YDZWHGJRWMQCDP-NKILCQAGSA-N	C48H76O19
C[C@@]12CC[C@@]3(C(=CCC4[C@]3(CCC5[C@@]4(CCC([C@]5(C)C=O)O[C@H]6[C@@H]([C@H]([C@@H]([C@H](O6)C(=O)O)O)O)O[C@H]7[C@@H]([C@H]([C@H]([C@H](O7)CO)O)O)O[C@H]8[C@@H]([C@H]([C@@H]([C@H](O8)CO)O)O)O)C)C)C1CC(C[C@H]2O)(C)C)C	10011119	WIHKYILMSPQBIM-IBZZQLSVSA-N	C48H76O19
C[C@@H]1[C@H]([C@@H](C[C@@H](O1)O[C@@H]2[C@H](O[C@H](C[C@@H]2O)O[C@@H]3[C@H](O[C@H](C[C@@H]3O)O[C@@H]4[C@H](O[C@H](C[C@@H]4O)O[C@H]5CC[C@@]6([C@H]7C[C@H]([C@@]8([C@@](CC[C@@]8([C@@]7(CC=C6C5)O)O)(C(=O)C)O)C)OC(=O)C)C)C)C)C)OC)O	101024566	SUDSADAZMZSCKM-JODBUEJJSA-N	C48H76O19
C[C@H]1[C@@H]([C@H]([C@H]([C@@H](O1)O[C@H]2[C@@H]([C@H](O[C@H]([C@@H]2O)O[C@H]3CC[C@]4([C@H](C3(C)C)CC[C@@]5([C@@H]4CC=C6[C@]5(CC[C@@]7([C@H]6CC([C@H](C7)O)(C)C)C(=O)O[C@H]8[C@@H]([C@H]([C@@H]([C@H](O8)CO)O)O)O)C)C)C)C(=O)O)O)O)O)O	101048510	HGAVWEKMVIHOAC-XTSJYTBUSA-N	C48H76O19
C[C@@H]1CC[C@@]2(CC[C@@]3(C(=CC[C@H]4[C@]3(CC[C@@H]5[C@@]4(CC[C@@H](C5(C)C)O[C@@H]6[C@@H]([C@H]([C@@H]([C@H](O6)C)O)O[C@@H]7[C@@H]([C@H]([C@@H]([C@H](O7)CO)O[C@H]8[C@@H]([C@H]([C@@H]([C@H](O8)CO)O)O)O)O)O)O)C)C)[C@@H]2[C@H]1C)C(=O)O)C(=O)O	101596910	KCMFXVXNFMEWKM-PQYMWHCPSA-N	C48H76O19
CC1(CCC2(CCC3(C(=CCC4C3(CCC5C4(CCC(C5(C)C)OC6C(C(C(C(O6)C(=O)O)O)OC7C(C(C(C(O7)CO)O)O)O)O)C)C)C2C1)C)C(=O)OC8C(C(C(C(O8)CO)O)O)O)C	13969096	QZMAEZWZCGBZFK-UHFFFAOYSA-N	C48H76O19
C[C@H]1[C@@H]([C@H]([C@H]([C@@H](O1)O[C@@H]2[C@H](O[C@H]([C@@H]([C@H]2O)O)OC[C@@H]3[C@H]([C@@H]([C@H]([C@@H](O3)OC(=O)C45CC[C@H]([C@@H]4[C@H]6CCC7[C@]([C@@]6(CC5)C)(CCC8[C@@]7([C@H](OC8(C)C)CC(=O)O)C)C)C(=C)C)O)O)O)CO)O)O)O	11672460	CNNOYZDJRLCNJD-GEYMWZHXSA-N	C48H76O19
C[C@H]1[C@@H]([C@H]([C@H]([C@@H](O1)O[C@@H]2[C@H](O[C@H]([C@@H]([C@H]2O)O)OC[C@@H]3[C@H]([C@@H]([C@H]([C@@H](O3)OC(=O)[C@]45CC[C@H]([C@@H]4[C@H]6CC[C@H]7[C@]([C@@]6(CC5)C)(CC[C@@H]8[C@@]7([C@H](OC8(C)C)CC(=O)O)C)C)C(=C)C)O)O)O)CO)O)O)O	10557841	CNNOYZDJRLCNJD-WITSPHJOSA-N	C48H76O19
C[C@]12CC[C@@H]([C@]([C@@H]1CC[C@@]3([C@@H]2CC=C4[C@@]3(CC[C@]5([C@H]4CC(CC5=O)(C)C)C)C)C)(C)CO)O[C@@H]6[C@@H]([C@H]([C@H]([C@@H](O6)C(=O)O)O)O)O[C@@H]7[C@@H]([C@@H]([C@@H]([C@@H](O7)CO)O)O)O[C@@H]8[C@@H]([C@@H]([C@@H]([C@@H](O8)CO)O)O)O	154731690	JTXVTHCLTOUSSL-UMNFOCRBSA-N	C48H76O19
CC1(CC2C3=CCC4C5(CCC(C(C5CCC4(C3(CCC2(C(=O)C1)C)C)C)(C)CO)O[C@H]6[C@@H]([C@@H]([C@@H]([C@H](O6)C(=O)O)O)O)O[C@H]7[C@@H]([C@@H]([C@H]([C@H](O7)CO)O)O)O[C@H]8[C@@H]([C@@H]([C@@H]([C@H](O8)CO)O)O)O)C)C	22524482	JTXVTHCLTOUSSL-GMIZUHPGSA-N	C48H76O19
C[C@]12CC[C@@H](C([C@@H]1CC[C@@]3([C@@H]2CC=C4[C@]3(C[C@@H]([C@@]5([C@H]4CC(CC5)(C)C)C=O)O)C)C)(C)C)O[C@H]6[C@@H]([C@H]([C@@H]([C@H](O6)C(=O)O)O)O[C@H]7[C@@H]([C@H]([C@@H]([C@H](O7)CO)O)O)O)O[C@H]8[C@@H]([C@H]([C@@H]([C@H](O8)CO)O)O)O	70692511	ULOUJZGSVBBOTQ-IUVLWTKSSA-N	C48H76O19
C[C@H]1CC[C@@]2(CC[C@@]3(C(=CC[C@H]4[C@]3(CC[C@@H]5[C@@]4(CC[C@@H](C5(C)C)O[C@H]6[C@@H]([C@H]([C@@H]([C@H](O6)CO[C@H]7[C@@H]([C@H]([C@@H]([C@H](O7)CO)O)O[C@H]8[C@H]([C@H]([C@@H]([C@H](O8)C)O)O)O)O)O)O)O)C)C)[C@H]2[C@@H]1C)C(=O)O)C(=O)O	101944731	HBCNOMCOPPZFII-HNPLGBNHSA-N	C48H76O19
C[C@@H]1[C@@H]([C@@H]([C@H]([C@@H](O1)O[C@H]2CC[C@]3([C@H](C2(C)C)CC[C@@]4([C@@H]3CC=C5[C@]4(CC[C@@]6([C@H]5CC(CC6)(C)C)C(=O)O[C@H]7[C@@H]([C@H]([C@@H]([C@H](O7)CO)O)O)O)C(=O)O)C)C)O)O)O[C@H]8[C@@H]([C@H]([C@@H]([C@H](O8)CO)O)O)O	11343614	VYHYYPSTYRXLPO-BFHXCZLFSA-N	C48H76O19
CC1(CC2C3=CCC4C5(CCC(C(C5CCC4(C3(CCC2(C(C1)O)C)C)C)(C)C=O)O[C@H]6[C@@H]([C@H]([C@@H]([C@H](O6)C(=O)O)O)O)O[C@H]7[C@@H]([C@H]([C@H]([C@H](O7)CO)O)O)O[C@H]8[C@@H]([C@H]([C@@H]([C@H](O8)CO)O)O)O)C)C	5321094	WIHKYILMSPQBIM-CCRVKKDLSA-N	C48H76O19
C[C@@]12CC[C@H](C([C@H]1CC[C@]3([C@H]2CC=C4[C@@]3(CC[C@]5([C@@H]4CC(CC5)(C)C)C(=O)O[C@@H]6[C@H]([C@@H]([C@H]([C@@H](O6)CO)O)O)O)C)C)(C)C)O[C@@H]7[C@H]([C@@H]([C@H]([C@@H](O7)C(=O)O)O)O)O[C@@H]8[C@H]([C@@H]([C@H]([C@@H](O8)CO)O)O)O	154828062	NFZYDZXHKFHPGA-FMSCIEADSA-N	C48H76O19
C[C@H]1[C@@H]([C@H]([C@H]([C@@H](O1)O[C@H]2[C@@H]([C@@H](O[C@H]([C@@H]2O)OC(=O)[C@@]34CC[C@H]([C@@H]3[C@H]5CC[C@H]6[C@]7(CC[C@@H](C([C@H]7CC[C@@]6([C@@]5(CC4)C(=O)O)C)(C)C)O)C)C(=C)C)CO[C@H]8[C@@H]([C@H]([C@@H]([C@H](O8)CO)O)O)O)O)O)O)O	124903622	MYHLDHTXTZOTIK-SAOJSHMGSA-N	C48H76O19
C[C@]12CC[C@@H](C([C@@H]1CC[C@@]3([C@@H]2CC=C4[C@]3(CC[C@@]5([C@H]4CC(CC5)(C)C)C(=O)O)C)C)(C)C)O[C@H]6[C@@H]([C@H]([C@@H]([C@H](O6)C(=O)O)O[C@H]7[C@@H]([C@H]([C@@H]([C@H](O7)CO)O)O)O)O)O[C@H]8[C@@H]([C@H]([C@@H]([C@H](O8)CO)O)O)O	101941079	DILGJEPARGIKIX-WGXRHQJGSA-N	C48H76O19
C[C@]12CC[C@@H](C(C1CC[C@@]3(C2CC=C4[C@]3(C[C@H]([C@]56[C@H]4CC([C@H](C5)OC6=O)(C)C)O[C@H]7[C@@H]([C@H]([C@@H]([C@H](O7)CO)O)O)O)C)C)(C)C)O[C@H]8[C@@H]([C@H]([C@@H]([C@H](O8)CO)O[C@H]9[C@@H]([C@H]([C@@H]([C@H](O9)CO)O)O)O)O)O	10328544	SLTUJQPJRIVGJO-DSSGBWLGSA-N	C48H76O19
C[C@H]1[C@@H]([C@H]([C@H]([C@@H](O1)O[C@@H]2[C@H](O[C@H]([C@@H]([C@H]2O)O)OC[C@@H]3[C@H]([C@@H]([C@H]([C@@H](O3)OC(=O)[C@]45CC[C@H]([C@@H]4[C@H]6C[C@H]([C@H]7[C@]([C@@]6(CC5)C)(CC[C@H]([C@]7(C)CCC(=O)O)C(=C)C)C)O)C(=C)C)O)O)O)CO)O)O)O	101447504	XBVOLMUZNBIZFE-RRTULDSCSA-N	C48H76O19
C[C@H]1[C@@H]([C@H]([C@H]([C@@H](O1)O[C@@H]2[C@H]([C@@H]([C@H](O[C@H]2O[C@@H]3[C@H]([C@@H](CO[C@H]3O[C@H]4CC[C@]5([C@H]([C@]4(C)CO)CC[C@@]6([C@@H]5CC=C7[C@]6(CC[C@@]8([C@H]7C[C@@](CC8)(C)C(=O)OC)C(=O)O)C)C)C)O)O)CO)O)O)O)O)O	101920260	GSUHSCPABMCWMK-KXSFCPERSA-N	C48H76O19
C[C@]12CC[C@@H](C([C@@H]1CC[C@@]3([C@@H]2CC=C4[C@]3(CC[C@@]5([C@H]4CC(CC5)(C)C)C(=O)O[C@H]6[C@@H]([C@H]([C@@H](C(O6)CO)O)O)O)C)C)(C)C)O[C@H]7[C@@H]([C@H]([C@@H]([C@H](O7)C(=O)O)O)O)O[C@H]8[C@@H]([C@H]([C@@H]([C@H](O8)CO)O)O)O	146623042	NFZYDZXHKFHPGA-PCDFLYBJSA-N	C48H76O19
C[C@@H]1[C@@H]([C@@H]([C@H]([C@@H](O1)O[C@H]2CC[C@]3([C@H]([C@]2(C)CO)CC[C@@]4(C3=CC(=O)[C@@]56[C@]4(C[C@@H]([C@@]7([C@H]5CC(CC7)(C)C)CO6)O)C)C)C)O[C@H]8[C@@H]([C@H]([C@@H]([C@H](O8)CO)O)O)O)O[C@H]9[C@@H]([C@H]([C@@H]([C@H](O9)CO)O)O)O)O	101685342	GGOKCFRFORFSTA-SXUKGIQKSA-N	C48H76O19
C[C@H]1[C@@H]([C@H]([C@H]([C@@H](O1)OC2C(OC(C(C2O)O)OCC3C(C(C(C(O3)OC(=O)[C@@]45CC[C@@]6(C(=CCC7[C@]6(CCC8[C@@]7(CC[C@H]([C@]8(C)C(=O)O)O)C)C)C4CC(CC5)(C)C)C)O)O)O)CO)O)O)O	51136448	LEXLFIULVWKBPT-FXLGSDSZSA-N	C48H76O19
C[C@]12CCC([C@]([C@@H]1CC[C@@]3([C@@H]2CC=C4[C@]3(CC[C@@]5([C@H]4CC(CC5=O)(C)C)C)C)C)(C)CO)OC6C(C(C(C(O6)C(=O)O)O)O)OC7C(C(C([C@H](O7)CO)O)O)OC8C(C(C(C(O8)CO)O)O)O	154831909	JTXVTHCLTOUSSL-RWNXTJIASA-N	C48H76O19
C[C@]12CCC(C([C@@H]1CC[C@@]3([C@@H]2CC=C4[C@]3(CC[C@@]5([C@H]4CC(CC5)(C)C)C(=O)O[C@H]6[C@@H]([C@H]([C@@H]([C@H](O6)CO)O)O)O)C)C)(C)C)O[C@H]7[C@@H]([C@H]([C@@H]([C@H](O7)C(=O)O)O)O[C@H]8[C@@H]([C@H]([C@H]([C@H](O8)CO)O)O)O)O	102032809	QZMAEZWZCGBZFK-JDIOBIENSA-N	C48H76O19
C[C@H]1[C@@H]([C@H]([C@H]([C@@H](O1)O[C@@H]2[C@H]([C@@H]([C@H](O[C@H]2O[C@@H]3[C@H]([C@@H]([C@H](O[C@H]3O[C@H]4CC[C@]5([C@H](C4(C)C)CC[C@@]6([C@@H]5CC=C7[C@]6(CC[C@@]8([C@H]7C[C@](C[C@H]8O)(C)C(=O)O)C)C)C)C)C(=O)O)O)O)CO)O)O)O)O)O	101636235	KBUDSKUKPVHZKZ-HZLUYLORSA-N	C48H76O19
C[C@H]1[C@@H]([C@H]([C@H]([C@@H](O1)O[C@H]2[C@H]([C@H](O[C@H]([C@@H]2O)O[C@H]3[C@@H]([C@H](O[C@H]([C@@H]3O)O[C@H]4CC[C@]5(C([C@]4(C)CO)CC[C@@]6(C5CC=C7[C@]6(CC[C@@]8([C@H]7CC(CC8)(C)C)C(=O)O)C)C)C)C(=O)O)O)CO)O)O)O)O	15981412	IAKHOYAUDKTTPN-APHLVLGNSA-N	C48H76O19
C[C@]12CC[C@@H]([C@@]([C@@H]1CC[C@@]3([C@@H]2CC=C4[C@]3(CC[C@@]5([C@H]4CC(CC5=O)(C)C)C)C)C)(C)CO)O[C@H]6[C@@H]([C@H]([C@@H]([C@H](O6)C(=O)O)O)O)O[C@H]7[C@@H]([C@H]([C@H]([C@H](O7)CO)O)O)O[C@H]8[C@@H]([C@H]([C@@H]([C@H](O8)CO)O)O)O	101859298	JTXVTHCLTOUSSL-NBSYNDJGSA-N	C48H76O19
C[C@H]1[C@@H]([C@H]([C@H]([C@@H](O1)O[C@@H]2[C@H](O[C@H]([C@@H]([C@H]2O)O)O[C@H]3CC[C@@]4(C5CCC6C7[C@@H](CC[C@@]7(CC[C@]6([C@@]5(CCC4C3(C)C(=O)O)C)C)C(=O)O[C@H]8[C@@H]([C@H]([C@@H]([C@H](O8)CO)O)O)O)C(=C)C)C)CO)O)O)O	10396124	AHPZBBYUCGGWKP-LMOQJPIPSA-N	C48H76O19
C[C@]12CC[C@@H](C(C1CC[C@@]3(C2CC=C4[C@]3(CC[C@@]5(C4CC(CC5)(C)C)C(=O)O)C)C)(C)C)O[C@H]6[C@@H]([C@H]([C@@H]([C@H](O6)C(=O)O)O[C@H]7[C@@H]([C@H]([C@@H]([C@H](O7)CO)O)O)O)O)O[C@H]8[C@@H]([C@H]([C@@H]([C@H](O8)CO)O)O)O	23844101	DILGJEPARGIKIX-BSRFUBJJSA-N	C48H76O19
CC(=C)[C@@H]1CC[C@]2([C@H]1[C@H]3CC[C@@H]4[C@]5(CC[C@@H](C([C@@H]5CC[C@]4([C@@]3(CC2)C)C)(C)C)O[C@H]6[C@@H]([C@H]([C@@H]([C@H](O6)C(=O)O)O)O)O[C@H]7[C@@H]([C@H]([C@@H]([C@H](O7)CO)O)O)O)C)C(=O)O[C@H]8[C@@H]([C@H]([C@@H]([C@H](O8)CO)O)O)O	101418971	TUJWKSZYJZQHGQ-UPDQMDQZSA-N	C48H76O19
C[C@]12CC[C@@H](C(C1CC[C@@]3(C2CC=C4[C@]3(CC[C@@]5(C4CC(CC5)(C)C)C(=O)OC6C(C(C(C(O6)CO)O)O)O)C)C)(C)C)OC7C(C(C(C(O7)C(=O)O)O)O)OC8C(C(C(C(O8)CO)O)O)O	131676767	NFZYDZXHKFHPGA-UOWPQPKISA-N	C48H76O19
C[C@]12CC[C@@H](C([C@@H]1CC[C@@]3([C@@H]2CC=C4[C@]3(C[C@H]([C@@]5([C@H]4CC(CC5)(C)C)C(=O)O[C@H]6[C@@H]([C@H]([C@@H](CO6)O)O[C@H]7[C@@H]([C@H]([C@@H]([C@H](O7)CO)O)O)O)O)O)C)C)(C)C)O[C@H]8[C@@H]([C@H]([C@@H]([C@H](O8)C(=O)OC)O)O)O	101630872	MZENAIWFYUCRCF-HQRZKKFZSA-N	C48H76O19
C[C@]12CC[C@@H]([C@@]([C@@H]1CC[C@@]3([C@@H]2CC=C4[C@]3(CC[C@@]5([C@H]4CC(CC5)(C)C)C(=O)O[C@H]6[C@@H]([C@H]([C@@H]([C@H](O6)CO)O)O)O)C)C)(C)CO)O[C@H]7[C@@H]([C@H]([C@@H]([C@H](O7)C(=O)OC)O[C@H]8[C@@H]([C@H]([C@@H](CO8)O)O)O)O)O	21669011	HMUXQBGEFBLEDS-JXJIUSAESA-N	C48H76O19
C[C@H]1[C@@H]([C@H]([C@H]([C@@H](O1)O[C@H]2[C@@H](O[C@@H]([C@H]([C@H]2O)O)OC[C@H]3[C@H]([C@H]([C@@H]([C@H](O3)OC(=O)[C@@]45CC[C@@]6(C(=CC[C@@H]7[C@]6(CC[C@@H]8[C@@]7(CC[C@H]([C@]8(C)C(=O)O)O)C)C)[C@H]4CC(CC5)(C)C)C)O)O)O)CO)O)O)O	124905097	LEXLFIULVWKBPT-YGSZUPPOSA-N	C48H76O19
C[C@]12CC[C@@H](C([C@@H]1CC[C@@]3([C@@H]2CC=C4[C@]3(CC[C@@]5([C@H]4CC(CC5)(C)C)C(=O)O[C@H]6[C@@H]([C@H]([C@@H]([C@H](O6)CO)O)O)O)C)C)(C)C)O[C@H]7[C@@H]([C@H]([C@@H]([C@H](O7)C(=O)O)O[C@H]8[C@@H]([C@H]([C@@H]([C@H](O8)CO)O)O)O)O)O	52952212	VQIUANBMNYRFDG-XMEVJXKBSA-N	C48H76O19
CC1(CCC2(CCC3(C(=CCC4C3(CCC5C4(CCC(C5(C)C)O[C@H]6[C@@H]([C@H]([C@@H]([C@H](O6)C(=O)O)O)O)O[C@H]7[C@@H]([C@H]([C@@H]([C@H](O7)CO)O)O)O)C)C)C2C1)C)C(=O)O[C@H]8[C@@H]([C@H]([C@@H]([C@H](O8)CO)O)O)O)C	5317608	NFZYDZXHKFHPGA-BRDNLJJOSA-N	C48H76O19
C[C@H]1[C@@H]([C@H]([C@H]([C@@H](O1)O[C@@H]2[C@H](O[C@H]([C@@H]([C@H]2O)O)OC[C@@H]3[C@H]([C@@H]([C@H]([C@@H](O3)O[C@H]4CC[C@@]5(C6CCC7C8C(CC[C@@]8(CC[C@]7([C@@]6(CCC5C4(C)C(=O)O)C)C)C(=O)O)C(=C)C)C)O)O)O)CO)O)O)O	51015103	FCFVJTWUSARYOA-PHXBQVOZSA-N	C48H76O19
CC1C(C(C(C(O1)OC2C(C(C(OC2OC3C(C(COC3OC4CCC5(C(C4(C)CO)CCC6(C5CC=C7C6(CCC8(C7CC(CC8)(C)C(=O)OC)C(=O)O)C)C)C)O)O)CO)O)O)O)O)O	13878337	GSUHSCPABMCWMK-UHFFFAOYSA-N	C48H76O19
C[C@H]1CC[C@]2(CC[C@]3(C(=CCC4[C@@]3(CCC5[C@]4(CC[C@H](C5(C)C)O[C@@H]6[C@H]([C@H]([C@@H]([C@H](O6)C)OC7C(C(C(C(O7)CO)O)O)O)O)O)C)C)[C@H]2[C@@H]1C)C(=O)O)C(=O)OC8C(C(C(C(O8)CO)O)O)O	133554258	SDMFWFQLYZEILE-PKQFUFEYSA-N	C48H76O19
C[C@@H]1CC[C@@]2(CC[C@@]3(C(=CC[C@H]4[C@]3(CC[C@@H]5[C@@]4(CC[C@@H](C5(C)C)O[C@H]6[C@@H]([C@@H]([C@H]([C@@H](O6)C)O[C@H]7[C@@H]([C@H]([C@@H]([C@H](O7)CO)O)O)O)O)O)C)C)[C@@H]2[C@H]1C)C(=O)O)C(=O)O[C@H]8[C@@H]([C@H]([C@@H]([C@H](O8)CO)O)O)O	102066409	SDMFWFQLYZEILE-KNEYQCFWSA-N	C48H76O19
CC1(CCC2(CCC3(C(=CCC4C3(CCC5C4(CCC(C5(C)C)OC6C(C(C(C(O6)C(=O)O)OC7C(C(C(C(O7)CO)O)O)O)O)O)C)C)C2C1)C)C(=O)OC8C(C(C(C(O8)CO)O)O)O)C	13919548	VQIUANBMNYRFDG-UHFFFAOYSA-N	C48H76O19
C[C@@]12CC[C@H](C(C1CC[C@]3(C2CC=C4[C@@]3(CC[C@]5([C@@H]4CC(CC5)(C)C)C(=O)O)C)C)(C)C)O[C@@H]6[C@H]([C@@H]([C@H]([C@@H](O6)C(=O)O)O)O[C@@H]7[C@H]([C@@H]([C@@H]([C@@H](O7)CO)O)O)O)O[C@@H]8[C@H]([C@@H]([C@H]([C@@H](O8)CO)O)O)O	133562212	YDZWHGJRWMQCDP-YYELQQBZSA-N	C48H76O19
C[C@]12CC[C@@H]([C@@]([C@@H]1CC[C@@]3([C@@H]2CC=C4[C@]3(CC[C@@]5([C@H]4CC(CC5)(C)C)C(=O)O[C@H]6[C@@H]([C@H]([C@@H]([C@H](O6)CO)O)O)O)C)C)(C)C=O)O[C@H]7[C@@H]([C@H]([C@@H]([C@H](O7)CO)O)O)O[C@H]8[C@@H]([C@H]([C@@H]([C@H](O8)CO)O)O)O	101621525	LWMKKJBQNOLSBE-YGCWXRJOSA-N	C48H76O19
C[C@@H]1CC[C@@]2(CC[C@@]3(C(=CC[C@H]4[C@]3(CC[C@@H]5[C@@]4(CC[C@@H](C5(C)C)O[C@H]6[C@@H]([C@H]([C@H]([C@H](O6)C)O)O[C@H]7[C@@H]([C@H]([C@@H]([C@H](O7)CO)O)O)O)O)C)C)[C@@H]2[C@H]1C)C(=O)O[C@H]8[C@@H]([C@H]([C@@H]([C@H](O8)CO)O)O)O)C(=O)O	44593498	NBWKXBHUWZKQKG-NCYGRLIXSA-N	C48H76O19
C[C@H]1[C@@H]([C@H]([C@H]([C@@H](O1)O[C@@H]2[C@H]([C@@H]([C@H](O[C@H]2O[C@@H]3[C@H]([C@@H]([C@H](O[C@H]3O[C@H]4CC[C@]5([C@H](C4(C)C)CC[C@@]6([C@@H]5CC=C7[C@]6(CC[C@@]8([C@@H]7C[C@@](CC8)(C)C(=O)O)C(=O)O)C)C)C)CO)O)O)CO)O)O)O)O)O	639653	UPPXMONNNGGKMB-BCHFNXGRSA-N	C48H76O19
C[C@H]1[C@@H]([C@H]([C@H]([C@@H](O1)O[C@@H]2[C@H](O[C@H]([C@@H]([C@H]2O)O)OC[C@@H]3[C@H]([C@@H]([C@H]([C@@H](O3)O[C@H]4CC[C@@]5(C6CCC7C8[C@@H](CC[C@@]8(CC[C@]7([C@@]6(CCC5C4(C)C(=O)O)C)C)C(=O)O)C(=C)C)C)O)O)O)CO)O)O)O	10463598	FCFVJTWUSARYOA-LULJQNCGSA-N	C48H76O19
C[C@H]1[C@@H]([C@H]([C@H]([C@@H](O1)O[C@@H]2[C@H](O[C@H]([C@@H]([C@H]2O)O)OC[C@@H]3[C@H]([C@@H]([C@H]([C@@H](O3)OC(=O)[C@@]45CC[C@@]6(C(=CC[C@H]7[C@]6(CC[C@@H]8[C@@]7(C[C@H]([C@@H]([C@@]8(C)C=O)O)O)C)C)[C@@H]4CC(CC5)(C)C)C)O)O)O)CO)O)O)O	101675596	QDBYXCVLZAHMEZ-FTOKAHLBSA-N	C48H76O19
CC1(CC2C3=CCC4C5(CCC(C(C5CCC4(C3(CCC2(C(C1)O)C)C)C)(C)C=O)O[C@H]6[C@@H]([C@@H]([C@@H]([C@H](O6)C(=O)O)O)O)O[C@H]7[C@@H]([C@@H]([C@H]([C@H](O7)CO)O)O)O[C@H]8[C@@H]([C@@H]([C@@H]([C@H](O8)CO)O)O)O)C)C	22524483	WIHKYILMSPQBIM-NGDKKPSFSA-N	C48H76O19
C[C@H]1[C@@H]([C@H]([C@H]([C@@H](O1)O[C@H]2[C@@H](O[C@@H]([C@H]([C@H]2O)O)OC[C@H]3[C@H]([C@H]([C@@H]([C@H](O3)OC(=O)[C@@]45CC[C@@]6(C(=CC[C@@H]7[C@]6(CC[C@H]8[C@@]7(CC[C@H]([C@]8(C)C(=O)O)O)C)C)[C@H]4CC(CC5)(C)C)C)O)O)O)CO)O)O)O	124905095	LEXLFIULVWKBPT-FIJKXMKKSA-N	C48H76O19
C[C@@H]1CC[C@@]2(CC[C@@]3(C(=CC[C@H]4[C@]3(CC[C@@H]5[C@@]4(C[C@H]([C@@H]([C@@]5(C)C=O)O)O)C)C)[C@@H]2[C@H]1C)C)C(=O)O[C@H]6[C@@H]([C@H]([C@@H]([C@H](O6)CO[C@H]7[C@@H]([C@H]([C@@H]([C@H](O7)CO)O[C@H]8[C@@H]([C@@H]([C@H]([C@@H](O8)C)O)O)O)O)O)O)O)O	101675277	RHTRIPCUQWIJPM-FGWHUCSPSA-N	C48H76O19
C[C@@H]1[C@@H]([C@@H]([C@H]([C@@H](O1)O[C@H]2CC[C@]3(C(C2(C)C)CC[C@@]4(C3CC=C5[C@]4(CC[C@@]6([C@H]5CC(CC6)(C)C)C(=O)O[C@H]7[C@@H]([C@H]([C@@H]([C@H](O7)CO)O)O)O)C(=O)O)C)C)O)O)O[C@H]8[C@@H]([C@H]([C@@H]([C@H](O8)CO)O)O)O	154814116	VYHYYPSTYRXLPO-JOMGLZDKSA-N	C48H76O19
CC1(CC2C3=CCC4C5(CCC(C(C5CCC4(C3(CCC2(C(C1)O)C)C)C)(C)C=O)OC6C(C(C(C(O6)C(=O)O)O)O)OC7C(C(C(C(O7)CO)O)O)OC8C(C(C(C(O8)CO)O)O)O)C)C	73981728	WIHKYILMSPQBIM-UHFFFAOYSA-N	C48H76O19
C[C@H]1[C@@H]([C@H]([C@H]([C@@H](O1)O[C@@H]2[C@H]([C@H]([C@H](O[C@H]2O[C@@H]3[C@H]([C@@H]([C@H](O[C@H]3O[C@H]4CC[C@]5(C(C4(C)C)CC[C@@]6(C5CC=C7[C@]6(CC[C@@]8([C@H]7C[C@](C[C@H]8O)(C)C(=O)O)C)C)C)C)C(=O)O)O)O)CO)O)O)O)O)O	137955117	KBUDSKUKPVHZKZ-IHQJZQLWSA-N	C48H76O19
C[C@H]1[C@@H]([C@H]([C@H]([C@@H](O1)O[C@@H]2[C@H]([C@@H]([C@H](O[C@H]2O[C@@H]3[C@H]([C@@H]([C@H](O[C@H]3O[C@H]4CC[C@@]5([C@H]6CC=C7[C@@H]8C[C@](C[C@H]([C@@]8(CC[C@]7([C@@]6(CCC5C4(C)C)C)C)C)O)(C)C(=O)O)C)C(=O)O)O)O)CO)O)O)O)O)O	10102394	KBUDSKUKPVHZKZ-ZZOKLDAWSA-N	C48H76O19
C[C@H]1[C@@H]([C@H]([C@H]([C@@H](O1)O[C@@H]2[C@H](O[C@H]([C@@H]([C@H]2O)O)OC[C@@H]3[C@H]([C@@H]([C@H]([C@@H](O3)OC(=O)[C@]45CC[C@H]([C@@H]4[C@H]6CC[C@@H]7[C@]8(CC[C@H]([C@@]([C@@H]8CC[C@]7([C@@]6(CC5)C)C)(C)C(=O)O)O)C)C(=C)C)O)O)O)CO)O)O)O	10795959	OSXJYFIVZQMFMF-ATHBPGJJSA-N	C48H76O19
C[C@H]1[C@@H]([C@H]([C@H]([C@@H](O1)O[C@H]2[C@@H]([C@@H](O[C@H]([C@@H]2O)OC(=O)[C@@]34CC[C@@H]([C@@H]3[C@H]5CC[C@H]6[C@]7(CC[C@@H](C([C@H]7CC[C@@]6([C@@]5(CC4)C(=O)O)C)(C)C)O)C)C(=C)C)CO[C@H]8[C@@H]([C@H]([C@@H]([C@H](O8)CO)O)O)O)O)O)O)O	124903619	MYHLDHTXTZOTIK-BFECJISXSA-N	C48H76O19
C[C@@]1(CC[C@@]2(CC[C@@]3(C(=CC[C@H]4[C@]3(CC[C@@H]5[C@@]4(CC[C@@H](C5(C)C)O[C@H]6[C@@H]([C@H]([C@H](CO6)O)O[C@H]7[C@@H]([C@H]([C@@H]([C@H](O7)CO)O)O)O)O)C)C)[C@@H]2C1)C)C(=O)O[C@H]8[C@@H]([C@H]([C@@H]([C@H](O8)CO)O)O)O)C(=O)OC	21582542	LOJYQIPDMAVXEI-MCXKNFSRSA-N	C48H76O19
CC1(CCC2(CCC3(C(=CCC4C3(CCC5C4(CCC(C5(C)C)OC6C(C(C(C(O6)CO)O)OC7C(C(C(C(O7)CO)O)O)O)O)C)C)C2C1)C)C(=O)OC8C(C(C(C(O8)C(=O)O)O)O)O)C	131752955	ZUBCYPGJTYQRFX-UHFFFAOYSA-N	C48H76O19
C[C@]12CC[C@@H]([C@@]([C@@H]1CC[C@@]3([C@@H]2CC=C4[C@]3(CC[C@@]5([C@H]4CC(CC5)(C)C)C(=O)O[C@H]6[C@@H]([C@H]([C@@H]([C@H](O6)CO[C@H]7[C@@H]([C@H]([C@@H]([C@H](O7)CO)O)O)O)O)O)O[C@H]8[C@@H]([C@H]([C@@H]([C@H](O8)CO)O)O)O)C)C)(C)C=O)O	100952820	HBPJCGQYBOGYJR-INVBGFSGSA-N	C48H76O19
C[C@H]1[C@@H]([C@H]([C@H]([C@@H](O1)O[C@H]2[C@H]([C@H](O[C@H]([C@@H]2O)O[C@H]3[C@@H]([C@H](O[C@H]([C@@H]3O)O[C@H]4CC[C@]5([C@H]([C@]4(C)CO)CC[C@@]6([C@@H]5CC=C7[C@]6(CC[C@@]8([C@H]7CC(CC8)(C)C)C(=O)O)C)C)C)C(=O)O)O)CO)O)O)O)O	16091945	IAKHOYAUDKTTPN-ZWDVKGSHSA-N	C48H76O19
C[C@]12CC[C@@H](C(C1CC[C@@]3(C2CC=C4[C@]3(CC[C@@]5(C4CC(CC5)(C)C)C(=O)O)C)C)(C)C)O[C@H]6[C@@H]([C@H]([C@@H]([C@H](O6)C(=O)O)O)O[C@H]7[C@@H]([C@H]([C@@H]([C@H](O7)CO)O)O)O)O[C@H]8[C@@H]([C@H]([C@@H]([C@H](O8)CO)O)O)O	10011118	YDZWHGJRWMQCDP-WCKTWGAOSA-N	C48H76O19
CC1C(C2C3=CCC4C(C3(CCC2(CC1C5C(C(C(C(O5)C(=O)C6C(C(C(C(O6)CO)OC7C(C(C(C(O7)C)O)O)O)O)O)O)O)O)C(=O)O)C)(CCC8C4(CC(C(C8(C)CO)O)O)C)C)C	126570132	RQLFFMDOYHPWQA-UHFFFAOYSA-N	C48H76O19
C[C@H]1[C@@H]([C@H]([C@H]([C@@H](O1)O[C@@H]2[C@H](O[C@H]([C@@H]([C@H]2O)O)OC[C@@H]3[C@H]([C@@H]([C@H]([C@@H](O3)OC(=O)[C@]45CC[C@H]([C@@H]4[C@H]6CC[C@@H]7[C@]8(CC[C@H]([C@@]([C@@H]8CC[C@]7([C@@]6(CC5)C)C)(C)C=O)O)C)C(=C)CO)O)O)O)CO)O)O)O	25131440	LFWHEKJQVQNDDN-SPDQVOHQSA-N	C48H76O19
CC1C(C(C(C(O1)OC2C(C(OC(C2O)OC3C(CC4(C(C3(C)C)CCC5(C4CC=C6C5(CCC7(C6CC(CC7)(C)C)C(=O)OC8C(C(C(C(O8)CO)O)O)O)C)C)C)O)C(=O)O)O)O)O)O	131753081	ITPLQPXCONKMAX-UHFFFAOYSA-N	C48H76O19
C[C@]12CC[C@@H](C([C@H]1CC[C@@]3([C@H]2CC=C4[C@]3(CC[C@@]5([C@@H]4CC(CC5)(C)C)C(=O)O[C@H]6[C@@H]([C@H]([C@@H]([C@H](O6)CO)O)O)O)C)C)(C)C)O[C@H]7[C@@H]([C@H]([C@@H]([C@H](O7)C(=O)O)O)O)O[C@H]8[C@@H]([C@H]([C@@H]([C@H](O8)CO)O)O)O	131707330	NFZYDZXHKFHPGA-QDTZNXSKSA-N	C48H76O19
C[C@]12CC[C@@H](C(C1CC[C@@]3(C2CC=C4[C@]3(CC[C@@]5(C4CC(CC5)(C)C)C(=O)OC6C(C(C(C(O6)CO)O)O)O)C)C)(C)C)OC7C(C(C(C(O7)C(=O)O)O)OC8C(C(C(C(O8)CO)O)O)O)O	45359868	QZMAEZWZCGBZFK-UOWPQPKISA-N	C48H76O19
C[C@@H]1CC[C@@]2(CC[C@@]3(C(=CC[C@H]4[C@]3(CC[C@@H]5[C@@]4(CC[C@@H](C5(C)C)O[C@H]6[C@@H]([C@H]([C@H]([C@H](O6)C)O[C@H]7[C@@H]([C@H]([C@@H]([C@H](O7)CO)O)O)O)O)O)C)C)[C@@H]2[C@H]1C)C(=O)O)C(=O)O[C@H]8[C@@H]([C@H]([C@@H]([C@H](O8)CO)O)O)O	102066408	SDMFWFQLYZEILE-CREFHWPISA-N	C48H76O19
C[C@@H]1[C@@H]([C@@H]([C@H]([C@@H](O1)OC(=O)[C@@]23CC[C@@]4(C(=CC[C@H]5[C@]4(CC[C@@H]6[C@@]5(C[C@@H]([C@@H]([C@@]6(C)C(=O)OC)O)O)C)C)[C@@H]2CC(CC3)(C)C)CO)O[C@H]7[C@@H]([C@@H]([C@H]([C@@H](O7)C)O[C@H]8[C@@H]([C@H]([C@@H](CO8)O)O)O)O)O)O)O	21669950	UZHMLOVSBYNSIJ-IJODMHGASA-N	C48H76O19
C[C@]12CC[C@@H](C([C@@H]1CC[C@@]3([C@@H]2CC=C4[C@]3(CC[C@@]5([C@@H]4CC(CC5)(C)C)C(=O)O[C@H]6[C@@H]([C@H]([C@@H]([C@H](O6)CO)O)O)O)C)C)(C)C)O[C@H]7[C@@H]([C@H]([C@@H]([C@H](O7)C(=O)O)O)O[C@H]8[C@@H]([C@H]([C@H]([C@H](O8)CO)O)O)O)O	124839772	QZMAEZWZCGBZFK-KRXYAAGQSA-N	C48H76O19
C[C@]12CC[C@@H]([C@]([C@@H]1CC[C@@]3([C@@H]2CC=C4[C@]3(CC[C@@]5([C@H]4CC(CC5=O)(C)C)C)C)C)(C)CO)O[C@H]6[C@@H]([C@H]([C@@H]([C@H](O6)C(=O)O)O)O)O[C@H]7[C@@H]([C@H]([C@H]([C@H](O7)CO)O)O)O[C@H]8[C@@H]([C@H]([C@@H]([C@H](O8)CO)O)O)O	101672146	JTXVTHCLTOUSSL-VSDZMWCXSA-N	C48H76O19
C[C@H]1[C@@H]([C@H]([C@H]([C@@H](O1)O[C@H]2[C@@H]([C@H](O[C@H]([C@@H]2O)O[C@H]3CC[C@]4([C@H]([C@]3(C)CO)CC[C@@]5([C@@H]4CC=C6[C@]5(CC[C@@]7([C@H]6CC(CC7)(C)C)C(=O)O[C@H]8[C@@H]([C@H]([C@@H]([C@H](O8)CO)O)O)O)C)C)C)C(=O)O)O)O)O)O	101683772	VEASRYSPPCBYBR-SHYINICYSA-N	C48H76O19
C[C@H]1[C@@H]([C@H]([C@H]([C@@H](O1)O[C@H]2[C@@H]([C@@H](O[C@H]([C@@H]2O)OC(=O)[C@@]34CC[C@@H]([C@@H]3[C@H]5CC[C@H]6[C@]7(CC[C@@H](C([C@@H]7CC[C@@]6([C@@]5(CC4)C(=O)O)C)(C)C)O)C)C(=C)C)CO[C@H]8[C@@H]([C@H]([C@@H]([C@H](O8)CO)O)O)O)O)O)O)O	124903621	MYHLDHTXTZOTIK-LFJDXIHZSA-N	C48H76O19
C[C@H]1[C@@H]([C@H]([C@H]([C@H](O1)O[C@@H]2[C@H](O[C@H]([C@@H]([C@H]2O)O)OC[C@@H]3[C@H]([C@@H]([C@H]([C@@H](O3)OC(=O)[C@]45CC[C@H]([C@@H]4[C@H]6C[C@H]([C@@H]7[C@]8(CC[C@H]([C@@]([C@@H]8CC[C@]7([C@@]6(CC5)C)C)(C)C=O)O)C)O)C(=C)C)O)O)O)CO)O)O)O	52944263	YDUPASYHRRYIHO-XFMZTBRPSA-N	C48H76O19
C[C@]12CC[C@@H](C([C@@H]1CC[C@@]3([C@@H]2CC=C4[C@]3(CC[C@@]5([C@H]4CC(CC5)(C)C)C(=O)O)C)C)(C)C)O[C@H]6[C@@H]([C@H]([C@@H]([C@H](O6)C(=O)O)O)O[C@H]7[C@@H]([C@H]([C@@H]([C@H](O7)CO)O)O)O)O[C@H]8[C@@H]([C@H]([C@H]([C@H](O8)CO)O)O)O	101941081	YDZWHGJRWMQCDP-YTBSNIBCSA-N	C48H76O19
C[C@@H]1CC[C@@]2(CC[C@@]3(C(=CC[C@H]4[C@]3(CC[C@@H]5[C@@]4(CC[C@@H](C5(C)C)O[C@H]6[C@@H]([C@H]([C@H]([C@H](O6)C)O)O[C@H]7[C@@H]([C@H]([C@@H]([C@H](O7)CO)O)O)O)O)C)C)[C@@H]2[C@H]1C)C(=O)O)C(=O)O[C@H]8[C@@H]([C@H]([C@@H]([C@H](O8)CO)O)O)O	44593499	AYUPCUGXBHAUAL-NCYGRLIXSA-N	C48H76O19
C[C@H]1[C@@H]([C@H]([C@H]([C@@H](O1)O[C@H]2[C@@H]([C@H](O[C@H]([C@@H]2O)OC(=O)C34CCC(C3C5CCC6C7(CCC(C(C7CCC6(C5(CC4)C(=O)O)C)(C)C)O)C)C(=C)C)CO[C@H]8[C@@H]([C@H]([C@@H]([C@H](O8)CO)O)O)O)O)O)O)O	45360105	MYHLDHTXTZOTIK-KUFPYRFNSA-N	C48H76O19
C[C@H]1[C@@H]([C@H]([C@H]([C@@H](O1)O[C@@H]2[C@H](O[C@H]([C@@H]([C@H]2O)O)OC[C@@H]3[C@H]([C@@H]([C@H]([C@@H](O3)OC(=O)[C@]45CC[C@](C[C@H]4C6=CC[C@@H]7[C@]8(CC[C@H]([C@@]([C@@H]8CC[C@]7([C@@]6(CC5)C)C)(C)C=O)O)C)(C)CO)O)O)O)CO)O)O)O	101938013	IFYHLPBBPBCPBM-LVRKUJMWSA-N	C48H76O19
CCC(C)C(=O)O[C@@H]1[C@H]([C@@]2([C@@H](CCC23C4(C1[C@]5(CC[C@@H](CC5CC4)OC6CC(C(C(O6)C)OC7C(C(C(C(O7)C)OC8C(C(C(C(O8)CO)O)O)O)OC)O)OC)C)O3)C(=O)C)C)OC(=O)C	72707047	MLBXHLPLQLRNTN-MFFJMBMDSA-N	C48H76O19
C[C@]12CC[C@@H]([C@]([C@@H]1CC[C@@]3([C@@H]2CC=C4[C@]3(CC[C@@]5([C@H]4CC(C[C@H]5O)(C)C)C)C)C)(C)C=O)O[C@H]6[C@@H]([C@H]([C@@H]([C@H](O6)C(=O)O)O)O)O[C@H]7[C@@H]([C@@H]([C@H]([C@H](O7)CO)O)O)O[C@H]8[C@@H]([C@H]([C@@H]([C@H](O8)CO)O)O)O	154731691	WIHKYILMSPQBIM-GWMFKEHMSA-N	C48H76O19
C[C@H]1[C@@H]([C@H]([C@H]([C@@H](O1)O[C@H]2[C@@H]([C@@H](O[C@H]([C@@H]2O)OC(=O)[C@@]34CC[C@H]([C@@H]3[C@H]5CC[C@H]6[C@]7(CC[C@@H](C([C@@H]7CC[C@@]6([C@@]5(CC4)C(=O)O)C)(C)C)O)C)C(=C)C)CO[C@H]8[C@@H]([C@H]([C@@H]([C@H](O8)CO)O)O)O)O)O)O)O	124903620	MYHLDHTXTZOTIK-DTQXUYJMSA-N	C48H76O19
C[C@H]1[C@@H]([C@H]([C@H]([C@@H](O1)O[C@@H]2[C@H]([C@H]([C@H](O[C@H]2O[C@@H]3[C@H]([C@@H]([C@H](O[C@H]3O[C@H]4CC[C@]5([C@H](C4(C)C)CC[C@@]6([C@@H]5CC=C7[C@]6(CC[C@@]8([C@H]7C[C@](C[C@H]8O)(C)C(=O)O)C)C)C)C)C(=O)O)O)O)CO)O)O)O)O)O	21668997	KBUDSKUKPVHZKZ-OFOJOPRXSA-N	C48H76O19
C[C@H]1[C@@H]([C@H]([C@H]([C@@H](O1)O[C@@H]2[C@H](O[C@H]([C@@H]([C@H]2O)O)OC[C@@H]3[C@H]([C@@H]([C@H]([C@@H](O3)OC(=O)[C@]45CC[C@H]([C@@H]4[C@H]6C[C@H]([C@H]7[C@]([C@@]6(CC5)C)(CC[C@@H]8[C@@]7([C@@H](CC(=O)C8(C)C)O)C)C)O)C(=C)C)O)O)O)CO)O)O)O	101705425	CZQNMTFMTUDATG-YHCSLFOISA-N	C48H76O19
C[C@]12CC[C@@H](C([C@H]1CC[C@@]3([C@@H]2CC=C4[C@]3(CC[C@@]5([C@H]4CC(CC5)(C)C)C(=O)O)C)C)(C)C)O[C@H]6[C@@H]([C@H]([C@@H]([C@H](O6)C(=O)O)O)O[C@H]7[C@@H]([C@H]([C@H]([C@H](O7)CO)O)O)O)O[C@H]8[C@@H]([C@H]([C@@H]([C@H](O8)CO)O)O)O	124871796	YDZWHGJRWMQCDP-KIVYHLCRSA-N	C48H76O19
C[C@]12CC[C@@H](C(C1CC[C@@]3([C@@H]2CC=C4[C@]3(CC[C@@]5([C@H]4CC(CC5)(C)C)C(=O)O[C@H]6[C@@H]([C@H]([C@@H]([C@H](O6)CO)O)O)O)C)C)(C)C)O[C@H]7[C@@H]([C@H]([C@@H]([C@H](O7)CO)O)O)O[C@H]8[C@@H]([C@H]([C@@H]([C@H](O8)C(=O)O)O)O)O	10581745	CRFOYURDKVNYOP-YEBVFSTNSA-N	C48H76O19
C[C@@H]1CC[C@@]2([C@H]([C@H]3[C@@H](O2)C[C@@H]4[C@@]3(CC[C@H]5[C@H]4CC=C6[C@@]5(CC[C@@H](C6)O[C@H]7[C@@H]([C@H]([C@@H]([C@H](O7)CO)O[C@H]8[C@@H]([C@H]([C@@H]([C@H](O8)COC(=O)C)O)O)O)O)O[C@H]9[C@@H]([C@@H]([C@H]([C@@H](O9)C)O)O)O)C)C)C)O[C@H]1OC	101663373	HOLQVKHMRPVKIZ-QFDXRLSBSA-N	C48H76O19
C[C@]12CC[C@@H](C([C@@H]1CC[C@@]3([C@@H]2CC=C4[C@]3(CC[C@@]5([C@H]4CC(CC5)(C)C)C(=O)O[C@H]6[C@@H]([C@H]([C@@H]([C@H](O6)CO)O)O)O)C)C)(C)C)O[C@H]7[C@@H]([C@H]([C@@H]([C@H](O7)CO)O)O)O[C@H]8[C@@H]([C@H]([C@@H]([C@H](O8)C(=O)O)O)O)O	102120182	CRFOYURDKVNYOP-GCYWFABRSA-N	C48H76O19
C[C@]12CC[C@@H](C(C1CC[C@@]3(C2CC=C4[C@]3(CC[C@@]5([C@H]4CC(CC5)(C)C)C(=O)O)C)C)(C)C)O[C@H]6[C@@H]([C@H]([C@@H]([C@H](O6)C(=O)O)O)O[C@H]7[C@@H]([C@H]([C@@H]([C@H](O7)CO)O)O)O)O[C@H]8[C@@H]([C@H]([C@@H]([C@H](O8)CO)O)O)O	10557840	YDZWHGJRWMQCDP-SLNUTEOSSA-N	C48H76O19
C[C@H]1[C@@H]([C@H]([C@H]([C@@H](O1)O[C@@H]2[C@H]([C@@H]([C@H](O[C@H]2O[C@@H]3[C@H]([C@@H]([C@H](O[C@H]3O[C@H]4CC[C@]5([C@H]([C@@]4(C)CO)CC[C@@]6([C@@H]5CC=C7[C@]6(CC[C@@]8([C@H]7CC([C@@H](C8)O)(C)C)C)C)C)C)C(=O)O)O)O)C(=O)O)O)O)O)O)O	101664544	TZNGGQHGAUXOJZ-POFANZGMSA-N	C48H76O19
CC(=C)[C@@H]1CC[C@]2([C@@H]1C3CC[C@@H]4[C@]5(CC[C@@H](C(C5CC[C@]4([C@@]3(CC2)C)C)(C)C)O[C@H]6[C@@H]([C@H]([C@@H]([C@H](O6)C(=O)O)O)O)O)C)C(=O)O[C@H]7[C@@H]([C@H]([C@@H]([C@H](O7)CO[C@H]8[C@@H]([C@H]([C@@H]([C@H](O8)CO)O)O)O)O)O)O	71521731	PNNGLIMJCQBBDM-COBHRTHOSA-N	C48H76O19
C[C@H]1[C@@H]([C@H]([C@H]([C@@H](O1)O[C@@H]2[C@H](O[C@H]([C@@H]([C@H]2O)O)OC[C@@H]3[C@H]([C@@H]([C@H]([C@@H](O3)OC(=O)[C@]45CC[C@H]([C@@H]4[C@H]6C[C@H]([C@@H]7[C@]8(CC[C@H]([C@@]([C@@H]8CC[C@]7([C@@]6(CC5)C)C)(C)C=O)O)C)O)C(=C)C)O)O)O)CO)O)O)O	10557838	YDUPASYHRRYIHO-KJRIBHMSSA-N	C48H76O19
C[C@]12CCC(C(C1CC[C@@]3(C2CC=C4[C@]3(CC[C@@]5([C@@H]4CC(CC5)(C)C)C(=O)O[C@H]6[C@@H]([C@H]([C@@H]([C@H](O6)CO)O)O)O)C)C)(C)C)O[C@H]7[C@@H]([C@H]([C@@H]([C@H](O7)C(=O)O)O)O)O[C@H]8[C@@H]([C@H]([C@@H]([C@H](O8)CO)O)O)O	160238	NFZYDZXHKFHPGA-BPQKMSRTSA-N	C48H76O19
C[C@H]1[C@@H]([C@H]([C@H]([C@@H](O1)O[C@@H]2[C@H]([C@@H]([C@H](O[C@H]2O[C@H]3CC[C@]4([C@H](C3(C)C)CC[C@@]5([C@@H]4CC=C6[C@]5(C[C@H]([C@@]7([C@H]6CC(CC7)(C)C)C(=O)O[C@H]8[C@@H]([C@H]([C@@H]([C@H](O8)CO)O)O)O)O)C)C)C)C(=O)O)O)O)O)O)O	132527495	KKEFYRKIAJMIKU-ZIVWGWCVSA-N	C48H76O19
C[C@H]1[C@@H]([C@H]([C@H]([C@@H](O1)O[C@H]2CC[C@]3([C@H]([C@]2(C)CO)CC[C@@]4([C@@H]3CC=C5[C@]4(CC[C@@]6([C@H]5C[C@@](CC6)(C)C(=O)OC)C(=O)O)C)C)C)O[C@H]7[C@@H]([C@H]([C@@H]([C@H](O7)CO)O[C@H]8[C@@H]([C@H]([C@@H](CO8)O)O)O)O)O)O)O	102421862	OEOXTPYGRKUKQZ-QQEPODFZSA-N	C48H76O19
C[C@]12CCC([C@](C1CC[C@@]3(C2CC=C4[C@]3(CC[C@@]5(C4CC(CC5=O)(C)C)C)C)C)(C)CO)O[C@H]6[C@@H]([C@H]([C@@H]([C@H](O6)C(=O)O)O)O)O[C@H]7[C@@H]([C@H]([C@H]([C@H](O7)CO)O)O)O[C@H]8[C@@H]([C@H]([C@@H]([C@H](O8)CO)O)O)O	10328543	JTXVTHCLTOUSSL-XDZCVSBCSA-N	C48H76O19
C[C@@H]1[C@@H]([C@@H]([C@H]([C@@H](O1)O[C@H]2CC[C@@]3([C@H]4C=C[C@@]56[C@@H]7C[C@@](CC[C@]7(CO5)[C@H](C[C@]6([C@@]4(CCC3[C@]2(C)CO)C)C)O)(C)C=O)C)O[C@H]8[C@@H]([C@H]([C@@H]([C@H](O8)CO)O)O)O)O[C@H]9[C@@H]([C@H]([C@@H]([C@H](O9)CO)O)O)O)O	10510129	JETOIWBHCPVVME-TZARMGOPSA-N	C48H76O19
C[C@H]1[C@@H]([C@H]([C@H]([C@@H](O1)O[C@H]2[C@@H]([C@H](O[C@H]([C@@H]2O)O[C@H]3[C@H](C[C@]4([C@H](C3(C)C)CC[C@@]5([C@@H]4CC=C6[C@]5(CC[C@@]7([C@H]6CC(CC7)(C)C)C(=O)O[C@H]8[C@@H]([C@H]([C@@H]([C@H](O8)CO)O)O)O)C)C)C)O)C(=O)O)O)O)O)O	102438528	ITPLQPXCONKMAX-VLKNSCRUSA-N	C48H76O19
C[C@]12CC[C@@H](C([C@@H]1CC[C@@]3([C@@H]2CC=C4[C@]3(CC[C@@]5([C@H]4CC(CC5)(C)C)C(=O)O)C)C)(C)C)O[C@H]6[C@@H]([C@H]([C@@H]([C@H](O6)C(=O)O)O)O[C@H]7[C@@H]([C@H]([C@@H]([C@H](O7)CO)O)O)O[C@H]8[C@@H]([C@H]([C@H]([C@H](O8)CO)O)O)O)O	101418972	PJKLMIRFGITGTM-BXBVIQBQSA-N	C48H76O19
C[C@@H]1CC[C@@]2(CC[C@@]3(C(=CC[C@H]4[C@]3(CC[C@@H]5[C@@]4(CC[C@@H](C5(C)C)O[C@H]6[C@@H]([C@H]([C@@H]([C@H](O6)C(=O)O)O)O)O[C@H]7[C@@H]([C@H]([C@H]([C@H](O7)CO)O)O)O[C@H]8[C@@H]([C@H]([C@@H]([C@H](O8)CO)O)O)O)C)C)[C@@H]2[C@H]1C)C)C(=O)O	101675603	GKEHCTVQVOZGNM-HGXJOTAKSA-N	C48H76O19
C[C@H]1[C@@H]([C@H]([C@H]([C@@H](O1)O[C@@H]2CC(C[C@@H]3[C@]2(CC[C@@]4(C3=CC(=O)[C@H]5[C@]4(CC[C@@H]6[C@@]5(CC[C@@H]([C@]6(C)CO)O[C@H]7[C@@H]([C@H]([C@@H]([C@H](O7)C(=O)O)O)O)O[C@H]8[C@@H]([C@H]([C@H]([C@H](O8)CO)O)O)O)C)C)C)C)(C)C)O)O)O	102408411	BYYFOASUXWOOIT-QOIIHYEMSA-N	C48H76O19
C[C@@]12CC[C@@]34C[C@@H]([C@H]([C@@H]3[C@H]1CC[C@H]5[C@]2(CC[C@@H]6[C@@]5(CC[C@@H](C6(C)C)O[C@H]7[C@@H]([C@H]([C@@H]([C@H](O7)C(=O)OC)O)O)O[C@H]8[C@@H]([C@H]([C@@H]([C@H](O8)CO)O)O)O[C@H]9[C@@H]([C@H]([C@@H](CO9)O)O)O)C)C)C(C)(C)O)OC4=O	101572207	JHYDKIBOHKHCIJ-UVKRTLFTSA-N	C48H76O19
C/C=C(\C)/C(=O)O[C@@H]1[C@H]([C@H]2[C@@H](CC[C@@H]3[C@@]2(CC[C@@H](C3)O[C@H]4C[C@H]([C@@H]([C@H](O4)C)O[C@H]5[C@@H]([C@@H]([C@@H]([C@H](O5)C)O[C@H]6[C@@H]([C@H]([C@@H]([C@H](O6)CO)O)O)O)OC)O)OC)C)[C@@]7([C@]1([C@H](CC7)C(=O)C)C)O)OC(=O)C	101902129	WNVNZMKEBHPRFB-AOIGPDIESA-N	C48H76O19
C[C@]12CC[C@@H](C(C1CC[C@@]3(C2CC=C4[C@]3(CC[C@@]5(C4CC(CC5)(C)C)C(=O)O[C@H]6[C@@H]([C@H]([C@@H]([C@H](O6)CO)O)O)O)C)C)(C)C)O[C@H]7[C@@H]([C@H]([C@@H]([C@H](O7)C(=O)O)O[C@H]8[C@@H]([C@H]([C@@H]([C@H](O8)CO)O)O)O)O)O	24094129	VQIUANBMNYRFDG-KKWQFPQQSA-N	C48H76O19
C[C@]12CCC(C([C@@H]1CC[C@@]3([C@@H]2CC=C4[C@]3(CC[C@@]5([C@H]4CC(CC5)(C)C)C(=O)O)C)C)(C)C)O[C@H]6[C@@H]([C@H]([C@@H]([C@H](O6)C(=O)O)O)O[C@H]7[C@@H]([C@H]([C@@H]([C@H](O7)CO)O[C@H]8[C@@H]([C@H]([C@@H]([C@H](O8)CO)O)O)O)O)O)O	101589667	SLWGGONHKFOCND-NZZTYCQLSA-N	C48H76O19
C[C@]12CC[C@@H](C([C@@H]1CC[C@@]3([C@@H]2CC=C4[C@]3(CC[C@@]5([C@H]4CC(CC5)(C)C)C(=O)O[C@H]6[C@@H]([C@H]([C@@H]([C@H](O6)CO)O)O)O)C)C)(C)C)O[C@H]7[C@@H]([C@H]([C@@H]([C@H](O7)C(=O)O)O)O)O[C@H]8[C@@H]([C@H]([C@@H]([C@H](O8)CO)O)O)O	11815492	NFZYDZXHKFHPGA-QQHDHSITSA-N	C48H76O19
CC1(CC2C3=CCC4C5(CCC(C(C5CCC4(C3(CCC2(C(=O)C1)C)C)C)(C)CO)OC6C(C(C(C(O6)C(=O)O)O)O)OC7C(C(C(C(O7)CO)O)O)OC8C(C(C(C(O8)CO)O)O)O)C)C	178247	JTXVTHCLTOUSSL-UHFFFAOYSA-N	C48H76O19
CC1C(C(C(C(O1)OC2C(C(C(OC2OC3C(C(C(OC3OC4CCC5(C(C4(C)CO)CCC6(C5CC=C7C6(CCC8(C7CC(CC8O)(C)C)C)C)C)C)C(=O)O)O)O)C(=O)O)O)O)O)O)O	75614526	SZHUMUJGHFQABW-UHFFFAOYSA-N	C48H76O19
C[C@]12CCC(C([C@@H]1CC[C@@]3([C@@H]2CC=C4[C@]3(CC[C@@]5([C@H]4CC(CC5)(C)C)C(=O)O)C)C)(C)C)O[C@H]6[C@@H]([C@H]([C@@H]([C@H](O6)C(=O)O)O)O[C@H]7[C@@H]([C@H]([C@@H]([C@H](O7)CO[C@H]8[C@@H]([C@H]([C@@H]([C@H](O8)CO)O)O)O)O)O)O)O	101589668	VTJGUCCXZMJFPE-ZUSQOKCVSA-N	C48H76O19
