C1=CC2=CC3=C(C=CC(=C3)C(=O)O)OC=C2C=C1	19088543	OEGIVFNKKZHUIS-UHFFFAOYSA-N	C15H10O3
C1=CC=C(C(=C1)C2=CC3=C(C=C2)OC=C3)C(=O)O	22626245	ABSUSFVRBBROIP-UHFFFAOYSA-N	C15H10O3
C1=CC=C(C=C1)C2=CC(=O)OC3=C2C=C(C=C3)O	12427410	VILAAMFBWBTRSV-UHFFFAOYSA-N	C15H10O3
C#CC1=C(C=CC(=C1C2=CC=CC=C2)O)C(=O)O	122584938	BYVYJZUWZQRGGB-UHFFFAOYSA-N	C15H10O3
CC1=CC2=C(C=C1)C3=C(C2=O)C=CC(=C3)C(=O)O	15661446	JMTBJOHYJPJQIP-UHFFFAOYSA-N	C15H10O3
C1=CC=C2C=C3C(=CC2=C1)C=C(C=C3O)C(=O)O	141351354	MQQCNISOGMZEJN-UHFFFAOYSA-N	C15H10O3
C1COC2=C(C1=O)C=C3C(=C2)C4=CC=CC=C4O3	59766116	RYHXNPNHJZHANV-UHFFFAOYSA-N	C15H10O3
C1=CC=C(C=C1)C2=CC3=C(O2)C=CC(=C3C=O)O	89726282	NEDOJVVSAQOMJT-UHFFFAOYSA-N	C15H10O3
C1=CC=C(C=C1)C2(C(=O)OC2=O)C3=CC=CC=C3	141096851	DACOOBIZGVEXHR-UHFFFAOYSA-N	C15H10O3
COC1=CC(=O)C(=O)C2=CC3=CC=CC=C3C=C21	14711697	HYFFTSGLFMTLRT-UHFFFAOYSA-N	C15H10O3
C1=CC=C(C=C1)C(=O)C2=CC=CC=C2C(=O)C=O	154205565	GURWHAYEDHLDHS-UHFFFAOYSA-N	C15H10O3
C1C(O1)C2=CC3=C(C=C2)OC4=CC=CC=C4C3=O	88868721	VKJVBYADJPBNOO-UHFFFAOYSA-N	C15H10O3
C1=CC=C(C=C1)C2=C(C(=O)C3=CC=CC=C3O2)O	11349	HVQAJTFOCKOKIN-UHFFFAOYSA-N	C15H10O3
C1=CC=C(C=C1)OC2=CC=C(C=C2)C#CC(=O)O	83717278	XGBAAPQXFZCWGB-UHFFFAOYSA-N	C15H10O3
C1=CC=C(C=C1)C(=O)C2=COC3=CC=CC=C3O2	10879169	JPJQUQOATURRAC-UHFFFAOYSA-N	C15H10O3
C1C2=CC=CC=C2O[C@@]13C(=O)C4=CC=CC=C4O3	132565482	LAGXZKPASNUVRL-HNNXBMFYSA-N	C15H10O3
C1=CC=C2C(=C1)C(=CO2)C3=CC=C(C=C3)C(=O)O	20330203	BIRFZWPXMHNHLH-UHFFFAOYSA-N	C15H10O3
C1C2=CC=CC=C2C(=O)C3=C(O1)C=CC(=C3)C=O	12446833	KQFRFACQQZLGRH-UHFFFAOYSA-N	C15H10O3
C1=CC=C(C=C1)C(=O)OCC#CC#CC#CCO	102483649	XWWQDLVAYQECKZ-UHFFFAOYSA-N	C15H10O3
COC1=CC2=C(C=C1)C3=C(C=C2)C(=O)C=CC3=O	188023	WHHZHILRTWXQLL-UHFFFAOYSA-N	C15H10O3
C1=CC=C2C(=C1)C=CC3=C(C(=C(C=C32)O)O)C=O	90257357	DVBVBBJPNIQFNQ-UHFFFAOYSA-N	C15H10O3
C1=CC=C(C=C1)C2=COC3=CC=CC(=C3C2=O)O	10220348	XKMLGWKBWNMPMM-UHFFFAOYSA-N	C15H10O3
C1=CC=C(C=C1)C#CC2=CC(=C(C=C2)O)C(=O)O	4344716	KMDHRTJLNUICNY-UHFFFAOYSA-N	C15H10O3
CC1=C(C(=O)C2=CC=CC=C2C1=O)C3=CC=CO3	86108065	MVUZEQWOGOXVMT-UHFFFAOYSA-N	C15H10O3
C1=CC=C2C(=C1)C(=O)C=C(C2=O)C3C=CC=CO3	18932673	WNCKDTUABMRINA-UHFFFAOYSA-N	C15H10O3
C1=CC=C(C=C1)C2=C(C3=C(O2)C=C(C=C3)O)C=O	129883395	GUGRSVDVQVSELA-UHFFFAOYSA-N	C15H10O3
C=CCC1=C2C=CC=C3C2=C(C=C1)C(=O)OC3=O	141904825	NDYZCZAVMMRAIR-UHFFFAOYSA-N	C15H10O3
COC1=CC=CC2=C1C3=C(C=C2)C(=O)C=CC3=O	188131	FJFVXQHSEKVVNW-UHFFFAOYSA-N	C15H10O3
C1=CC=C(C=C1)C2C3=C(C=CC(=C3)C=O)C(=O)O2	58586314	CFMUQYKMFGMMHN-UHFFFAOYSA-N	C15H10O3
CC1=C(C(=O)C2=C(O1)C3=CC=CC=C3C=C2)C=O	146273604	NFGDMKGXNZFCQW-UHFFFAOYSA-N	C15H10O3
CC1=CC2=C(C=C1)C3=C(C=C2)C=C(C(=O)O3)C=O	147068153	BENFMKGWKLOUJL-UHFFFAOYSA-N	C15H10O3
C1C=CC=C(C(=O)C1=O)C2=CC3=CC=CC=C3O2	117063505	HGLOVQMELPRGBU-UHFFFAOYSA-N	C15H10O3
C1=CC=C(C=C1)C2=CC3=C(C=C2)OC(=O)C=C3O	54718237	URNZYCRLHFDVNG-UHFFFAOYSA-N	C15H10O3
C1=CC=C(C=C1)/C=C\2/C(=O)OC3=CC=CC=C3O2	12748797	AWVMIJKVGQSNIJ-UVTDQMKNSA-N	C15H10O3
C1=CC=C(C=C1)C2=CC(=CC3=CC=CO3)C(=O)O2	794762	ABCAJPQLIGMXRZ-UHFFFAOYSA-N	C15H10O3
C1=CC=C(C=C1)C(=O)OC2=CC3=C(C=C2)OC=C3	153871302	QKQFDJMZJDCKAQ-UHFFFAOYSA-N	C15H10O3
C1C2C=CC1C34C2(O3)C(=O)C5=CC=CC=C5C4=O	12635898	LMLDBOKXWROXSX-UHFFFAOYSA-N	C15H10O3
C1=CC=C(C=C1)C2=CC(=O)C3=C(O2)C(=CC=C3)O	53645	XNUMOPPRKAGFPF-UHFFFAOYSA-N	C15H10O3
C1=CC=C2C(=C1)C=CC3=C2C=CC=C3OC(=O)O	54216648	GSMDNDJQGBFQMZ-UHFFFAOYSA-N	C15H10O3
C1=CC=C(C(=C1)C=O)C2=C(C3=CC=CC=C3O2)O	87698696	UYJSFGMUFXDOSR-UHFFFAOYSA-N	C15H10O3
COC(=O)C#CC1=C2C(=CC=C1)C3=C(O2)C=CC3	70349634	YEFFTQHAWNYEEF-UHFFFAOYSA-N	C15H10O3
C1=CC=C(C=C1)C2=C(OC3=CC=CC=C32)C(=O)O	13432338	CGVOSCKZFZRKIP-UHFFFAOYSA-N	C15H10O3
C1C2=CC3=C(C=C2OO1)C(=CO3)C4=CC=CC=C4	20386602	PJAMPRRTXKETKV-UHFFFAOYSA-N	C15H10O3
CC1=CC2=C(C=C1)C3=C(C2=O)C(=CC=C3)C(=O)O	747803	NZFCEQWXUDQEIS-UHFFFAOYSA-N	C15H10O3
C1=CC=C2C(=C1)C=C(O2)C3=CC=CC=C3C(=O)O	10082901	VTUQUFMGCUGNMW-UHFFFAOYSA-N	C15H10O3
[2H]OC1=CC2=C(C=C1)OC(=CC2=O)C3=CC=CC=C3	21814524	GPZYYYGYCRFPBU-DYCDLGHISA-N	C15H10O3
CC1=CC#CC2C(=C1)C(=O)C(=O)C3=C2OC=C3C	143788354	ASCKZEPKWYQWQV-UHFFFAOYSA-N	C15H10O3
C1=CC=C(C=C1)/C=C\2/C(=O)C3C(=O)C=CC=C3O2	141361679	FYEZFEFDQBIHIX-LCYFTJDESA-N	C15H10O3
COC1=C=C=CC(=C1)C(=O)C2=CC(=C=C=C2)OC	57254402	BWMDIWBLEDYJAA-UHFFFAOYSA-N	C15H10O3
C1=CC=C(C=C1)C2=CC(=CC(=O)O2)C3=CC=CO3	132539669	KPIVGIARZVROJY-UHFFFAOYSA-N	C15H10O3
CC1=CC2=C(CC1=O)C(=O)C3=CC=CC=C3C2=O	25025805	FRQPQIXNMPKTHZ-UHFFFAOYSA-N	C15H10O3
[2H]OC1=CC2=C(C=C1)C(=O)C=C(O2)C3=CC=CC=C3	21814525	MQGPSCMMNJKMHQ-DYCDLGHISA-N	C15H10O3
C1=CC=C(C=C1)OC2=COC3=CC=CC=C3C2=O	12541858	VXSXSXYJNOZJDO-UHFFFAOYSA-N	C15H10O3
C1=CC=C(C=C1)OC2=CC3=C(C=C2)OC=CC3=O	22168219	DZXQKWIYTNJLDC-UHFFFAOYSA-N	C15H10O3
COC1=CC2=C(C=C1)C(=O)C3=CC=CC=C3C2=O	18646	APLQXUAECQNQFE-UHFFFAOYSA-N	C15H10O3
C1CC2=C(C=C1)C(=O)C3=CC=CC=C3C(=O)C2=O	145803831	HDEZCLNHAGTEER-UHFFFAOYSA-N	C15H10O3
C1=CC=C2C=C3C=C(C=CC3=CC2=C1)OC(=O)O	53993055	GBXCUPRDFPTRPN-UHFFFAOYSA-N	C15H10O3
C#CC1=C(C=CC=C1C(=O)O)C2=CC=CC=C2O	122584939	QKZVPLWTZCGWIE-UHFFFAOYSA-N	C15H10O3
C1=CC=C(C=C1)C2C(=O)C3=CC=CC=C3C(=O)O2	12049401	XCHGJUZNPCZXLL-UHFFFAOYSA-N	C15H10O3
C1=CC=C2C(=C1)C=C(C(=O)O2)C3=CC(=CC=C3)O	44310159	VQERDEBQCCIXLI-UHFFFAOYSA-N	C15H10O3
C1=CC2=CC3=C(C=CC=C3C(=O)O)C=C2C(=C1)O	88674447	STKKTHQQFILQBA-UHFFFAOYSA-N	C15H10O3
COC1=C2C=CC3=CC=C4C3=C2C(C=C4)C(=O)O1	102245311	HQEWGZBKXUJDMS-UHFFFAOYSA-N	C15H10O3
C1=CC=C2C(=C1)C(=O)C3C(=CO)C=CC=C3C2=O	89780101	NJFYXBTUNYMVBV-UHFFFAOYSA-N	C15H10O3
C1=CC=C2C(=C1)C=C(O2)C(=O)C3=CC(=CC=C3)O	18461554	UBIGKILGQQVZJM-UHFFFAOYSA-N	C15H10O3
COC1=CC=CC2=C1C3=CC=CC=C3C(=O)C2=O	11470430	TUCIRYQBVORQTA-UHFFFAOYSA-N	C15H10O3
C1C2=CC=CC=C2OC13C4=CC=CC=C4C(=O)O3	124142793	XJWVSESBMXPETQ-UHFFFAOYSA-N	C15H10O3
C1=CC2=C(C=CC3=C(C2=O)C=CC(=C3)O)C=C1O	10609957	VESJOZPKVMRVRR-UHFFFAOYSA-N	C15H10O3
C1=CC=C(C=C1)C=C2C=CC=C3C2C(=O)OC3=O	154146220	STLLMEMUCKTXFU-UHFFFAOYSA-N	C15H10O3
C=C1C=C2CCC3=C2C4=C1C(=O)OC(=C4C=C3)O	123451285	DBYYGMSSEDQRCR-UHFFFAOYSA-N	C15H10O3
C1=CC=C2C(=C1)/C(=C/C3=CC(=CC=C3)O)/C(=O)O2	94874844	UHYBDARJSVRFKM-LCYFTJDESA-N	C15H10O3
C1=CC=C(C=C1)OC2=CC=CC3=C2OC(=O)C=C3	90255578	ZFSYVZPASCXZAK-UHFFFAOYSA-N	C15H10O3
CC1=CC=C(C=C1)C2=CC3=C(C=C2)C(=O)OC3=O	89288639	LYUOMKGPEPXFFZ-UHFFFAOYSA-N	C15H10O3
C1=CC=C(C=C1)[C@H]2C(=O)C(=O)C3=CC=CC=C3O2	9964730	YTAQZPGBTPDBPW-HNNXBMFYSA-N	C15H10O3
C#CC1=CC=CC=C1OC2=CC=C(C=C2)C(=O)O	139987856	NMZVKRPKRWQYJA-UHFFFAOYSA-N	C15H10O3
C1=CC=C2C(=C1)C=C3C=CC=C(C3=C2O)C(=O)O	90715915	GPEVUWBKLLFHPB-UHFFFAOYSA-N	C15H10O3
COC1=CC=CC2=CC3=C(C=C21)C(=O)C(=O)C=C3	125479197	JRIAKWOTFUHPEP-UHFFFAOYSA-N	C15H10O3
C1COC2=C(O1)C=C(C#C2)C3=CC=C(C=C3)C=O	146696381	QPCIPNBSGJGLKB-UHFFFAOYSA-N	C15H10O3
C1=CC2=C(C(=C1)C(=O)O)C3=C(C=CC=C3O)C=C2	88923080	XHMBAZBENRIIDV-UHFFFAOYSA-N	C15H10O3
C1C2=C(C3=CC=CC=C3O1)OC(=C2)C4=COC=C4	154349227	GZJSIJJMAZFJFU-UHFFFAOYSA-N	C15H10O3
COC1=CC=CC=C1C#CC2=CC(=O)C=CC2=O	71326443	FZVHJYJQYINMQH-UHFFFAOYSA-N	C15H10O3
CC1=CC(=O)CC2=C1C(=O)C3=CC=CC=C3C2=O	151081747	MKGSRTQXVRFRQP-UHFFFAOYSA-N	C15H10O3
C1=CC=C(C=C1)C(=C=O)OC(=O)C2=CC=CC=C2	71358533	XDFBWVRBTDNNKK-UHFFFAOYSA-N	C15H10O3
C1CC(=O)CC2=C(C=C3C(=C2)C=CC(=O)O3)C#C1	118334629	ZHBHYSTZSVQQGA-UHFFFAOYSA-N	C15H10O3
C1=CC=C2C(=C1)C=CC3=C2C=CC=C(O3)C(=O)O	150274871	GEIQMFDQQAQYQX-UHFFFAOYSA-N	C15H10O3
C1=CC=C(C=C1)C2=CC(=O)C=C(O2)C3=CC=CO3	10657547	OUMYUWDLUGOURD-UHFFFAOYSA-N	C15H10O3
CC1=CC2=C(C=C1O)C(=O)C3=CC=CC=C3C2=O	10889963	RNJHIYAJJKOFIO-UHFFFAOYSA-N	C15H10O3
C1=CC=C(C=C1)COC2=CC=CC3=C2C(=O)C3=O	10999045	HVIZRFGRMBDBNH-UHFFFAOYSA-N	C15H10O3
C1C2=C(CO1)C3=C(C=C2)C(=O)OC4=CC=CC=C43	132529717	HXNMEXIEYXEVTJ-UHFFFAOYSA-N	C15H10O3
CC(=O)C1=COC2=C(C1=O)C=CC3=CC=CC=C32	16082269	DZKXDIXWEHOEOV-UHFFFAOYSA-N	C15H10O3
C1=CC=C2C(=C1)C=C3C=CC=CC3=C2OC(=O)O	54336966	TWDUHHYDCMVOCX-UHFFFAOYSA-N	C15H10O3
[2H]OC1=CC=CC(=C1)C2=CC(=O)C3=CC=CC=C3O2	21814528	ISZWRZGKEWQACU-DYCDLGHISA-N	C15H10O3
C1=CC=C(C=C1)[C@@H]2C(=O)C(=O)C3=CC=CC=C3O2	9834625	YTAQZPGBTPDBPW-OAHLLOKOSA-N	C15H10O3
C1=CC=C(C=C1)C23C(O2)C(=O)C4=CC=CC=C4O3	571115	KLCNMBYYBSCILO-UHFFFAOYSA-N	C15H10O3
C1=CC=C2C(=C1)C=C3C=CC=CC3=C2C(=O)OO	88978114	XAFVUBGEEBJGDH-UHFFFAOYSA-N	C15H10O3
C1=CC=C(C=C1)/C=C/2\C(=O)OC3=CC=CC=C3O2	11989005	AWVMIJKVGQSNIJ-GXDHUFHOSA-N	C15H10O3
C1C2=CC=CC=C2C(=O)C3=C1C(=CC=C3)C(=O)O	315655	QPHCJWNQBIGEJO-UHFFFAOYSA-N	C15H10O3
C1=CC=C2C(=C1)C3=C(C=C2C(=O)O)C(=CC=C3)O	141397636	WRQGGZIGNNBZDZ-UHFFFAOYSA-N	C15H10O3
C1=CC=C2C(=C1)C(=O)C(=CC3=CC=C(C=C3)O)O2	376289	BAYNHPXTNUSVIZ-UHFFFAOYSA-N	C15H10O3
C1=CC=C2C=C3C(=CC2=C1)C=C(C=C3C(=O)O)O	20242340	XLGFYNZFLFCWLI-UHFFFAOYSA-N	C15H10O3
C1=CC=C(C=C1)C#CC2=C(C(=CC=C2)O)C(=O)O	20211411	WNJQNNHCWBPRPL-UHFFFAOYSA-N	C15H10O3
C1=CC=C(C(=C1)C=C2C(=O)C3=CC=CC=C3O2)O	71336902	TVCLXWLVYCIOMW-UHFFFAOYSA-N	C15H10O3
C1C2=C1C3=C(C=CC(=C3)O)C4=CC(=C(C=C24)O)O	87951824	LMEBZWVMSKPMFR-UHFFFAOYSA-N	C15H10O3
C1=CC=C2C(=C1)C3C=CC=CC3=C(C2=O)C(=O)O	69258424	NPWDTHCZBFWVAL-UHFFFAOYSA-N	C15H10O3
C1=CC=C(C=C1)C2=COC3=C(C2=O)C=CC(=C3)O	5376891	WMKOZARWBMFKAS-UHFFFAOYSA-N	C15H10O3
C1=CC=C2C(=C1)C=C3C=CC(=CC3=C2O)C(=O)O	46708583	CXYIXWQAQXBFTO-UHFFFAOYSA-N	C15H10O3
C1[C@@H]2[C@@H]3[C@H]([C@H]1C4=C2C(=O)C5=CC=CC=C5C4=O)O3	15349626	OKSZNUAWNIGZHF-XRQRDNCTSA-N	C15H10O3
C1C=CC2=C(O1)C=CC3=C2C4=C(C=C3)OCC4=O	129706718	WUQBLDTXUGFLAY-UHFFFAOYSA-N	C15H10O3
C1=CC(=CC(=C1)C(=O)C2=CC=C(C=C2)C=O)C=O	23496639	DMLQHHQJVVBXHP-UHFFFAOYSA-N	C15H10O3
C1C2=CC=CC=C2C(=O)C3=C1C=C(C=C3)C(=O)O	29928960	OJMJJSMGPZUXEU-UHFFFAOYSA-N	C15H10O3
C=CC1=C(OC2=CC=CC=C2C1=O)C3=CC=CO3	86069749	HPUVRZZUANYANW-UHFFFAOYSA-N	C15H10O3
C1=CC=C2C(=C1)C(=CC2=CC3=CC=CO3)C(=O)O	154098294	FAVZXWLKSUDBLE-UHFFFAOYSA-N	C15H10O3
C1=CC=C2C(=C1)C(=O)C=C(O2)/C=C/C3=CC=CO3	10879170	WVSMOAULVHHPAA-BQYQJAHWSA-N	C15H10O3
CC1=CC(=CC2=C1C3=CC=CC=C3C2=O)C(=O)O	59492564	RGWZYVSVKIABFA-UHFFFAOYSA-N	C15H10O3
C1=CC=C2C(=C1)/C(=C/C3=CC=C(C=C3)O)/C(=O)O2	102591703	SGPJUURWZOSLNV-LCYFTJDESA-N	C15H10O3
C1=CC=C2C(=C1)C=C3C(=CC=C(C3=C2C=O)O)O	23471432	PMZGDKBYFHARGD-UHFFFAOYSA-N	C15H10O3
C1=CC=C2C(=C1)C=C(C(=O)O2)C3=CC=C(C=C3)O	4055843	ROGXIFKSIOPJFE-UHFFFAOYSA-N	C15H10O3
C1=CC=C2C(=C1)C=CC=C2C3=CC=C(O3)C(=O)O	43332928	OXUIISRQQRIEKA-UHFFFAOYSA-N	C15H10O3
C1=CC=C(C=C1)C(=O)C(=O)C2=CC=C(C=C2)C=O	101849519	OLVDPXWVDDUZOA-UHFFFAOYSA-N	C15H10O3
C1=CC=C(C=C1)C2=CC(=O)C3=C(C=CC=C3O2)O	68112	IYBLVRRCNVHZQJ-UHFFFAOYSA-N	C15H10O3
C1=CC=C(C=C1)C2=CC(=O)OC3=C2C=CC=C3O	87209377	VBDZIKBTLOQWBA-UHFFFAOYSA-N	C15H10O3
C1=CC=C(C(=C1)C2=C3C=COC3=CC=C2)C(=O)O	54431861	WIALEYZYUOJZKM-UHFFFAOYSA-N	C15H10O3
C1=CC=C(C=C1)C2=CC=CC3=C2OC=C3C(=O)O	65669976	MNHUOPDLOGHBHT-UHFFFAOYSA-N	C15H10O3
C1=CC=C(C=C1)C(=O)C2=C(C3=CC=CC=C3O2)O	642148	LFMABXGWBMPFNQ-UHFFFAOYSA-N	C15H10O3
C1=CC=C(C(=C1)C2=CC=C3C=CC=C3O2)C(=O)O	66865423	IXEQOZAUBJUTES-UHFFFAOYSA-N	C15H10O3
C1=CC=C(C=C1)CC2=CC3=C(C=C2)C(=O)OC3=O	12658460	PPUIYQPRVHSWST-UHFFFAOYSA-N	C15H10O3
CC(=O)OC1=CC2=C(C=C1)C(=O)C3=CC=CC=C32	276265	XIUXCOMVLLLNRG-UHFFFAOYSA-N	C15H10O3
CC(=O)C1=CC=CC2=C1C=CC3=C2C(=O)C=CO3	60042315	GPVRAGKTWDELKU-UHFFFAOYSA-N	C15H10O3
C1=CC2C(C=C1)OC(=O)C(C2=O)C3=CC#CC=C3	148212236	KKFPDDBRMVJHMX-UHFFFAOYSA-N	C15H10O3
C1=CC=C(C=C1)C(=O)C2=CC3=C(O2)C=CC(=C3)O	12929925	XVEYVPIOADWPCL-UHFFFAOYSA-N	C15H10O3
C1=CC=C(C=C1)OC2=CC=CC3=C2C=CC(=O)O3	90255830	LZPHBOLGAKABDI-UHFFFAOYSA-N	C15H10O3
C1=CC=C2C(=C1)C=CC(=C2O)C3=C(OC=C3)C=O	151753345	RPAHKEWWOVLIPB-UHFFFAOYSA-N	C15H10O3
C1=CC=C(C=C1)OC2=CC3=C(C=C2)OC(=O)C=C3	86066102	SAHNKXDOBRVUJT-UHFFFAOYSA-N	C15H10O3
CC1=CC=C(O1)C=C2C(=O)C3=CC=CC=C3C2=O	698583	INUJEYVTUPEOPF-UHFFFAOYSA-N	C15H10O3
C1=CC=C(C=C1)C2=CC(=O)C3=C(O2)C=CC(=C3)O	72279	GPZYYYGYCRFPBU-UHFFFAOYSA-N	C15H10O3
C1=CC=C(C=C1)C=C2C3=C(C=CC=C3OC2=O)O	129649722	PYHYHEFOIMVQLQ-UHFFFAOYSA-N	C15H10O3
C1OC2=CC=CC(=C2O1)C3=CC4=C(C=C3)OC=C4	150252583	FZWMMTAHSNBVBV-UHFFFAOYSA-N	C15H10O3
C1=CC=C2C(=C1)C(C3=CC=CC=C32)OC(=O)C=O	102493188	YIULCHVDZSDYDW-UHFFFAOYSA-N	C15H10O3
CC1=CC2=C(C=C1)C(=O)C3=C(C2=O)C=CC(=C3)O	12963547	CNQZUXVUOANMGO-UHFFFAOYSA-N	C15H10O3
C1=CC=C2C(=C1)C=CC3=C2C=CC(=C3)OC(=O)O	54034420	BWQIDNBUDHEDPW-UHFFFAOYSA-N	C15H10O3
C1=CC=C(C=C1)C2=CC3=COC(=C3C=C2)C(=O)O	70586186	ULINODVBZAFFJI-UHFFFAOYSA-N	C15H10O3
C#COC1=CC(=C(C=C1)C(=O)C2=CC=CC=C2)O	66790710	WTVHCROXOVMFAV-UHFFFAOYSA-N	C15H10O3
C1=CC=C2C(=C1)/C(=C\C3=CC=C(C=C3)O)/C(=O)O2	44401681	SGPJUURWZOSLNV-UKTHLTGXSA-N	C15H10O3
CC(=O)OC1=CC=C(C=C1)C(=O)C2=CC=C=C=C2	152905178	UGCGUJOTPPJFJA-UHFFFAOYSA-N	C15H10O3
CC(=O)C1=CC2=C(C=C1)C3=CC=CC=C3C(=O)O2	21325553	DUZHTHVSCRNOCI-UHFFFAOYSA-N	C15H10O3
C1=CC=C(C(=C1)C2=CC3=C(O2)C=CC(=C3)C=O)O	10633661	BBSQMIIIZCBGKE-UHFFFAOYSA-N	C15H10O3
C1=CC=C(C(=C1)C2=CC3=C(C=C2)OC(=O)C=C3)O	141327419	KOHJCNCDPGLHPF-UHFFFAOYSA-N	C15H10O3
C1=CC=C(C=C1)C2C(=O)C3=C(C2=O)C(=CC=C3)O	89559351	WIZPRZVZYPACKA-UHFFFAOYSA-N	C15H10O3
C1=CC=C2C(=C1)C3(C4=CC=CC=C4O2)OC=CO3	90245146	HKVUPTGKRDIBJC-UHFFFAOYSA-N	C15H10O3
C1=CC=C2C=C(C=CC2=C1)OC(=O)C3=CC=CO3	532723	DDSZKPNUXDONMN-UHFFFAOYSA-N	C15H10O3
C1=CC=C2C(=C1)C3=C(C2=O)C=C(C=C3)CC(=O)O	71128695	IGTMULJZPOLSGC-UHFFFAOYSA-N	C15H10O3
C1=CC=C2C(=C1)/C(=C\C(=O)O)/C3=C2C(=CC=C3)O	82578721	UXTQKPGIWYQLIK-XYOKQWHBSA-N	C15H10O3
C1=CC=C2C(=C1)C(=C3C=CC=CC3=C2O)C(=O)O	21863918	ZAKAGQVDJRWVBO-UHFFFAOYSA-N	C15H10O3
C1=CC=C2C(=C1)C=CC=C2OC3=C4C(O4)OC=C3	150769902	JZQHDEXGFAHNDR-UHFFFAOYSA-N	C15H10O3
C1=CC=C(C(=C1)/C=C\2/C(=O)C3=CC=CC=C3O2)O	642383	TVCLXWLVYCIOMW-ZROIWOOFSA-N	C15H10O3
CC(=O)C1=CC2=C(C3=CC=CC=C3C=C2)OC1=O	4410093	HMXBHQOJHVJGDN-UHFFFAOYSA-N	C15H10O3
C1[C@@H]2C=C[C@@H]1[C@]34[C@@]2(O3)C(=O)C5=CC=CC=C5C4=O	98556773	LMLDBOKXWROXSX-DMAMZFHHSA-N	C15H10O3
C1C=CC2=C3C=CC=CC3=CC=C4C21OC(=O)O4	151116658	MRHKXBLJKDHXQK-UHFFFAOYSA-N	C15H10O3
C1C2=C(C=C(C=C2)C(=O)C3=CC=CC=C3)OC1=O	148538948	MRTYSTSLZKOOBU-UHFFFAOYSA-N	C15H10O3
C1=CC=C(C(=C1)C=O)C(=O)C2=CC=CC(=C2)C=O	40424300	MYEOOBDIULJTOT-UHFFFAOYSA-N	C15H10O3
C1=CC=C(C=C1)C(=O)C2=CC3=C(O2)C(=CC=C3)O	10421691	RADCTEYQAAARJT-UHFFFAOYSA-N	C15H10O3
C1=CC2=C(C=CC(=C2C=O)O)C=C1C3=COC=C3	59599736	AQTVUYSFYGRBFP-UHFFFAOYSA-N	C15H10O3
C#CC(=O)OCCOC1=CC=CC2=C1C#CC=C2	154029792	IHZHZOVELNNLCX-UHFFFAOYSA-N	C15H10O3
C1=CC(=CC=C1C=O)C2=C(C=CC(=C2)C=O)C=O	142702777	KZQRPJSCGFTIPD-UHFFFAOYSA-N	C15H10O3
C#CC1=C(C(=CC=C1)C(=O)O)C2=CC=CC=C2O	122584937	UKHFHOBHMQDKPA-UHFFFAOYSA-N	C15H10O3
C1=CC(=CC(=C1)O)C#CC2=CC=C(C=C2)C(=O)O	70448584	QYOOYFZHYPKPCV-UHFFFAOYSA-N	C15H10O3
C1=CC=C(C=C1)C2=C(C3=CC=CC=C3OC2=O)O	54688870	CBHMYFPBBDCWSY-UHFFFAOYSA-N	C15H10O3
C1=CC=C2C(=C1)C(=O)C3=C(C=CC=C3O2)CC=O	57274068	MUKXYUIFIRSRNL-UHFFFAOYSA-N	C15H10O3
C1=CC=C2C(=C1)/C(=C\C3=CC(=CC=C3)O)/C(=O)O2	44401784	UHYBDARJSVRFKM-UKTHLTGXSA-N	C15H10O3
C1=CC=C(C=C1)O/C=C/2\C3=CC=CC=C3C(=O)O2	819197	MYXKFJCQMKJMEX-GXDHUFHOSA-N	C15H10O3
C1=CC2=COC(=C2C=C1)C3=CC(=CC=C3)C(=O)O	69158164	GJWHOAWNFODMKI-UHFFFAOYSA-N	C15H10O3
C1=CC=C2C(=C1)C=CC3=C2C(=O)C(C=C3)C(=O)O	150164495	FICOQIPYFDZEIC-UHFFFAOYSA-N	C15H10O3
C1=CC=C2C(=C1)C(C3=CC=CC=C32)C(=O)OC=O	19107629	QMURSCZHGVCYNQ-UHFFFAOYSA-N	C15H10O3
C1=CC=C2C=C(C=CC2=C1)C3=CC=C(O3)C(=O)O	43332927	OJLLEPSSEQSYKK-UHFFFAOYSA-N	C15H10O3
C1=CC=C(C=C1)OC(=O)C2=COC=C3C2=CC=C3	145811530	NEFPLHNYCUWVQC-UHFFFAOYSA-N	C15H10O3
C1=CC=C2C(=C1)C=C(C3=CC=CC=C3O2)C(=O)O	859640	BBBADFKCXHGXLZ-UHFFFAOYSA-N	C15H10O3
COC(=O)C=C1C2=CC=CC3=C2C(=CC=C3)C1=O	71441527	OBCJWWCXZAEUDF-UHFFFAOYSA-N	C15H10O3
C1=CC=C2C(=C1)C(=O)C3=C(C2=O)C=C(C=C3)CO	87014	JYKHAJGLEVKEAA-UHFFFAOYSA-N	C15H10O3
C/C(=C/1\C2=CC=CC3=C2C(=CC=C3)C1=O)/C(=O)O	88346587	QKDLNKBFIUYFED-WQLSENKSSA-N	C15H10O3
C1=CC=C(C=C1)C2=C(OC3=CC=CC=C3O2)C=O	677881	BQFFKKHQXOJXBD-UHFFFAOYSA-N	C15H10O3
C1=CC=C(C(=C1)C=O)C2C3=CC=CC=C3C(=O)O2	129811724	WRCMODSISALBRZ-UHFFFAOYSA-N	C15H10O3
C1[C@@H]2C=C[C@H]1C34C2(O3)C(=O)C5=CC=CC=C5C4=O	58218998	LMLDBOKXWROXSX-QRPANZHUSA-N	C15H10O3
C1=CC=C(C=C1)/C=C\2/C(=O)C3=C(O2)C=C(C=C3)O	908584	KDGIFQNPGMXJCY-ZSOIEALJSA-N	C15H10O3
C1=CC=C(C=C1)OC2=CC(=O)C3=CC=CC=C3O2	10799927	BCRKSMBCKGYNAS-UHFFFAOYSA-N	C15H10O3
C=COC1=CC2=C(C=C1)C=C3C=CC(=O)C=C3O2	153973027	VYQBEOQXMAMXHD-UHFFFAOYSA-N	C15H10O3
C1=CC=C(C=C1)C2=C(O2)C(=O)OC3=CC=CC=C3	141112443	LXJNTOMRFZCFRW-UHFFFAOYSA-N	C15H10O3
C1C2=C(C3=C(O1)C=C(C=C3)O)OC4=CC=CC=C24	130440787	IUEBIPHKMDWRHM-UHFFFAOYSA-N	C15H10O3
CC(=O)C1=CC2=C(C=C1)C3=CC=CC=C3OC2=O	71696978	JLQQSWYKSUXLAD-UHFFFAOYSA-N	C15H10O3
C1=CC=C2C(=C1)C=CC=C2OC3=CC=C(O3)C=O	28814696	GMOLLVJMSPNOJP-UHFFFAOYSA-N	C15H10O3
CC1=C2C(=CC=C1)C(=O)C3=C(C2=O)C=CC=C3O	10490094	VWJCJJQIPGBPFT-UHFFFAOYSA-N	C15H10O3
C=C1C2=C(C(=CC=C2)O)C(=O)C3=C1C=CC=C3O	126709535	OEPSKOMHLUHRMO-UHFFFAOYSA-N	C15H10O3
C1=CC=C(C=C1)C(=O)C(=O)C(=O)C2=CC=CC=C2	223850	RXVBJUZEFSAYPW-UHFFFAOYSA-N	C15H10O3
C1=CC=C2C(=C1)C=C(OC2=O)C3=CC(=CC=C3)O	15895040	LPERMOFODOBAOI-UHFFFAOYSA-N	C15H10O3
C1C2=CC=CC=C2OC3=CC4=C(C=C31)C(=O)CO4	145740183	XQXKNOCJGDBKGS-UHFFFAOYSA-N	C15H10O3
COC1=CC=CC2=C1C=CC3=C2C(=O)C=CC3=O	188024	ZDMJCRFZNVORMM-UHFFFAOYSA-N	C15H10O3
CC1=C(C=CC2=C1C(=O)C3=CC=CC=C3C2=O)O	11107397	GKYPACIJAKRPRI-UHFFFAOYSA-N	C15H10O3
C1OC2=CC=CC(=C2O1)C3=C4C=COC4=CC=C3	148399245	LRMQXEONGHUWSS-UHFFFAOYSA-N	C15H10O3
CC(=O)C1=CC2=C(C=C1)C(=O)C3=CC=CC=C3O2	150733135	JSGIPTMUQWJVCI-UHFFFAOYSA-N	C15H10O3
C1=CC=C2C(=C1)C(=C(C2=O)C3=CC=C(C=C3)O)O	3550801	HKUNVEWAWAUCGJ-UHFFFAOYSA-N	C15H10O3
COC(=O)C1=CC=CC2=C1C(=O)C3=CC=CC=C23	221185	MDCCMRBQNJERFV-UHFFFAOYSA-N	C15H10O3
COC1=CC2=CC3=C(C=C2C=C1)C(=O)C=CC3=O	70804223	LLXRQEMLMJDRGK-UHFFFAOYSA-N	C15H10O3
C1=CC=C(C=C1)C2=CC3=C(O2)C=CC(=C3)C(=O)O	11770506	HLWOSXUWYFVNLB-UHFFFAOYSA-N	C15H10O3
C1=CC=C(C=C1)C2=CC(=O)C3=C(O2)C=C(C=C3)O	5281894	MQGPSCMMNJKMHQ-UHFFFAOYSA-N	C15H10O3
C1=CC(=CC2=C1C=CC(=O)O2)C3=CC=C(C=C3)O	50994812	ZTBDIKXGRJOBIX-UHFFFAOYSA-N	C15H10O3
C1=CC=C(C=C1)C(=O)C(=O)C2=CC=CC=C2C=O	53388803	ZIPYPKDIHOCNLM-UHFFFAOYSA-N	C15H10O3
C1CC2=C(C=CO2)C3=C1C(=O)OC4=CC=CC=C43	86222047	VNKUABAXFOXLFY-UHFFFAOYSA-N	C15H10O3
C1C2=C(C=CC(=C2)C3=CC=CC(=C3)C=O)C(=O)O1	86678126	MPSIDKBNTUPOSP-UHFFFAOYSA-N	C15H10O3
CC1=C2C(=C(C=C1)C(=O)O)C3=CC=CC=C3C2=O	44719869	MDLYKLCNFUNSMB-UHFFFAOYSA-N	C15H10O3
C1=CC=C(C=C1)/C=C\2/C3=C(C=CC(=C3)O)OC2=O	49798670	AVCRNUXURMRLGP-JYRVWZFOSA-N	C15H10O3
C1=CC(=CC=C1C=O)C(=O)C2=CC=C(C=C2)C=O	643435	AHKAXCQCBWAECM-UHFFFAOYSA-N	C15H10O3
COC1=C2C3=C(C=CC=C3C=CC(=O)C2=O)C=C1	13692250	QSTKSVAZXDTLGC-UHFFFAOYSA-N	C15H10O3
C1=CC=C2C(=C1)C(=O)C(=CO2)C3=CC=C(C=C3)O	10966551	BJDQPQWMJZEAPE-UHFFFAOYSA-N	C15H10O3
C1=CC=C(C=C1)C2C3(O2)C4=CC=CC=C4C(=O)O3	374225	YQDYZPHMROBRNT-UHFFFAOYSA-N	C15H10O3
CC(=C1C(=O)C2=CC=CC3=C2C(=CC=C3)C1=O)O	2785444	DHDJMIGJAJLHTO-UHFFFAOYSA-N	C15H10O3
C1C2=C(C(=CC=C2)C=O)OC3=C1C=CC=C3C=O	88001557	DBZHHBZIVBGPBE-UHFFFAOYSA-N	C15H10O3
C1=CC=C2C(=C1)C=CC3=C2C=C(O3)C(=O)/C=C/O	56964534	VSUSREVJWHDUOA-BQYQJAHWSA-N	C15H10O3
C1=CC(=CC(=C1)OC2=CC3=C(C=C2)OC=C3)C=O	25222963	KRPFPHVLHNEDHM-UHFFFAOYSA-N	C15H10O3
C1=CC(=CC=C1C2=CC3=C(C=C2)OC(=O)C=C3)O	50994813	SAPLXEIEJXWPBF-UHFFFAOYSA-N	C15H10O3
C1=CC=C2C(=C1)C=C(O2)C(=O)C3=CC=CC=C3O	14200847	LTHMASCHPKLOPL-UHFFFAOYSA-N	C15H10O3
C1=CC=C2C=C3C(=CC2=C1)C=CC(=C3O)C(=O)O	183943	NLZXYHBLSOLTKF-UHFFFAOYSA-N	C15H10O3
C1=CC2=C(C=C1CO)OC3=C2C4=C(C=C3)OC=C4	15170263	BODPGGCNIVWDQZ-UHFFFAOYSA-N	C15H10O3
C1=CC2=C(C=C1CO)C3=C(O2)C=CC4=C3C=CO4	15170264	FNDODABUZNZRPV-UHFFFAOYSA-N	C15H10O3
C1=CC=C2C(=C1)C(=CC(=O)O2)C3=CC=C(C=C3)O	87209427	MNSQGKSCCRBMAO-UHFFFAOYSA-N	C15H10O3
C1=CC=C2C(=C1)C3=C(C=CC=C3C2=O)CC(=O)O	272059	KVBQSUYNTKXZOS-UHFFFAOYSA-N	C15H10O3
C1=CC=C(C=C1)C2=CC3=CC=COC3=C2OC=O	57025822	OYDPIALCOPMSMQ-UHFFFAOYSA-N	C15H10O3
C1=CC=C(C=C1)C2=CC(=O)OC23C=CC(=O)C=C3	118724067	UDURRODACAMPJL-UHFFFAOYSA-N	C15H10O3
C1=CC=C2C(=C1)C(=C[13C]3=[13CH][13CH]=[13CH][13CH]=[13C]3O2)C(=O)O	101334283	BBBADFKCXHGXLZ-POZIOVJNSA-N	C15H10O3
C1C2=C(C(=CC=C2)C(=O)C3=CC=CC=C3)OC1=O	154140403	INKOIGWTOOAOBI-UHFFFAOYSA-N	C15H10O3
C1=CC=C2C(=C1)C3=CC=CC=C3OC=C2C(=O)O	23022013	HBVDCFPRNXPFJE-UHFFFAOYSA-N	C15H10O3
C1=CC=C(C=C1)C2=C(C3=CC=CC=C3O2)C(=O)O	69495380	GUUYLMTUBSOVGL-UHFFFAOYSA-N	C15H10O3
C1=CC2=C(C=C1O)C=C(C=C2C3=COC=C3)C=O	10633659	OBWVHKKDHMDILA-UHFFFAOYSA-N	C15H10O3
C1=CC=C2C(=C1)C=C(C(=O)O2)C3=CC=CC=C3O	819892	NUUIKHRXHNLMQK-UHFFFAOYSA-N	C15H10O3
CC1=C(C2=C(C=C1)C(=O)C3=CC=CC=C3C2=O)O	160817	CZODYZFOLUNSFR-UHFFFAOYSA-N	C15H10O3
C1CC1C2=C3C(=CC(=O)O2)C4=CC=CC=C4C3=O	102458219	LBWQOIQMAPAOSM-UHFFFAOYSA-N	C15H10O3
C1=CC=C(C=C1)C(=O)C2=CC=CC(=C2C=O)C=O	18356247	BTYXWZXCRGCFAM-UHFFFAOYSA-N	C15H10O3
CC(=O)OC1=CC2=C(C=C1)C3=CC=CC=C3C2=O	261783	VCYQRZKSWZQERK-UHFFFAOYSA-N	C15H10O3
[2H]OC1=CC=CC=C1C2=CC(=O)C3=CC=CC=C3O2	21814527	ZZLQHXCRRMUGQJ-DYCDLGHISA-N	C15H10O3
C1=CC=C(C=C1)[C@H]2[C@@]3(O2)C4=CC=CC=C4C(=O)O3	14398312	YQDYZPHMROBRNT-DZGCQCFKSA-N	C15H10O3
C1=CC=C(C(=C1)C2=CC3=C(O2)C=C(C=C3)C=O)O	10633660	PYLPSBVNFIXIGY-UHFFFAOYSA-N	C15H10O3
C1=CC=C(C=C1)C#CC(=O)C2=CC(=CC(=C2)O)O	68791955	IOXPPBYLMSQPGC-UHFFFAOYSA-N	C15H10O3
CC1=CC(=O)OC2=C1C3=CC=CC=C3C(=C2)C=O	89912600	ZXKDAQFULZBAKS-UHFFFAOYSA-N	C15H10O3
CC1=CC=C(C=C1)C2=COC3=C2C(=O)C(=O)C=C3	44244387	RLHBSQSPXOUIPH-UHFFFAOYSA-N	C15H10O3
C1=CC=C(C=C1)C2C(=O)C3=C(C2=O)C=C(C=C3)O	218062	JYYLRIZQBCBOBN-UHFFFAOYSA-N	C15H10O3
C\1C2=C(C3=CC=CC=C3C=C2)C(=O)/C1=C/C(=O)O	88328028	CALWWNGUGUNUBV-DHZHZOJOSA-N	C15H10O3
C1=CC=C(C=C1)OC2=CC3=CC=CC=C3OC2=O	617253	TZNUKOCBYXFUQE-UHFFFAOYSA-N	C15H10O3
C1=CC=C(C=C1)C2=CC=CC3=C2OC(=O)C=C3O	54718235	LKFBIZSGKYYVEU-UHFFFAOYSA-N	C15H10O3
C1=CC=C(C=C1)C(=O)C2=CC=C(C=C2)C(=O)C=O	15323747	RJOKVRLZTCIFEI-UHFFFAOYSA-N	C15H10O3
C1=CC2=CC=C(O2)C=CC3=CC=C(O3)C(=O)C=C1	13418470	KHVMQWCKOWLZAU-UHFFFAOYSA-N	C15H10O3
C1/C(=C\C2=CC=CC3=CC=CC=C32)/C(=O)OC1=O	13848621	SONAPUPHFUHJDX-XYOKQWHBSA-N	C15H10O3
CC(=C1C2=CC=CC3=C2C(=CC=C3)C1=O)C(=O)O	54232327	QKDLNKBFIUYFED-UHFFFAOYSA-N	C15H10O3
CC(=C=C=O)C(=O)OC1=CC=CC2=CC=CC=C21	140268543	XKAGWSDGIXUOJN-UHFFFAOYSA-N	C15H10O3
C1=CC=C(C=C1)C2=C3C(=CC(=C2)C(=O)O)C=CO3	14054344	OFIDCNYHUUPMEZ-UHFFFAOYSA-N	C15H10O3
CC(=O)C1=C2C(=CC=C1)OC3=CC=CC=C3C2=O	91386406	SENXPIKGBCATSH-UHFFFAOYSA-N	C15H10O3
CC1=CC(=CC2=C1C(=O)C3=CC=CC=C3C2=O)O	85989103	CICSGAFMBYPPQX-UHFFFAOYSA-N	C15H10O3
C1=CC(=CC=C1C#CC(=O)O)C2=CC=C(C=C2)O	59339945	QWFIVJDSGXZOBY-UHFFFAOYSA-N	C15H10O3
C1=CC=C(C=C1)OC(=O)C2=COC3=CC=CC=C32	140516177	WGBAWXUNZVWYCF-UHFFFAOYSA-N	C15H10O3
C1=CC=C2C(=C1)C=C3C=CC=C(C3=C2C(=O)O)O	154219040	VQYOPSOUBWGQCI-UHFFFAOYSA-N	C15H10O3
C1=CC=C2C(=C1)C(=CO2)C3OC4=CC=CC=C4O3	91512431	SYVVYDDOYQGJND-UHFFFAOYSA-N	C15H10O3
C1C=CC=C2C1=C3C(=O)C=CC=C3C4=C2OCO4	141417456	LUQNIQXWMBORJA-UHFFFAOYSA-N	C15H10O3
C1=CC=C2C(=C1)C=CC3=C2C=CC=C3C(=O)OO	23111934	NFSOOPZZBUFKKO-UHFFFAOYSA-N	C15H10O3
C1[C@@H]2C=C[C@@H]1[C@]34[C@]2(O3)C(=O)C5=CC=CC=C5C4=O	98556775	LMLDBOKXWROXSX-WDQYXFPCSA-N	C15H10O3
C1=CC(=CC=C1C2=CC3=C(O2)C=CC(=C3)C=O)O	10514064	AKQJMPJKNGOMRF-UHFFFAOYSA-N	C15H10O3
COC1=CC=CC2=C1C3=C(C2=O)C=C(C=C3)C=O	21706141	YTTUMSKGEPVXPM-UHFFFAOYSA-N	C15H10O3
C1=CC=C2C(=C1)C3=C(O2)C=CC(=C3)/C=C/C(=O)O	94230774	PTFKDZWFFUKXNU-SOFGYWHQSA-N	C15H10O3
C1=CC=C\2C(=C1)C3=C(/C2=C/C(=O)O)C=C(C=C3)O	82578716	FKFLQJYEBXAPKO-RIYZIHGNSA-N	C15H10O3
C1C=CC=CC1=C2C(=O)C(=O)C3=CC=CC=C3O2	67223739	HTNJFWPPQBOEMV-UHFFFAOYSA-N	C15H10O3
C1C=CC2C1C3=C(O2)C(=O)C4=CC=CC=C4C3=O	85976718	SRFJXXDYVLYZON-UHFFFAOYSA-N	C15H10O3
C1=CC=C2C=C3C(=O)C=CC(C3=CC2=C1)C(=O)O	19689728	KHDDNNOTDLMXNE-UHFFFAOYSA-N	C15H10O3
C1=CC=C2C(=C1)C=CC3=C2C=C(O3)C=CC(=O)O	86165631	JUAKBJSMFJTSCY-UHFFFAOYSA-N	C15H10O3
CC(=O)C1=CC2=C(C=CC3=CC=CC=C32)OC1=O	748172	UAMPJVJAALGMNG-UHFFFAOYSA-N	C15H10O3
C1=CC=C2C(=C1)C3=C(O2)C=C(C=C3)/C=C/C(=O)O	114238752	RVRNHXJBCYYYKE-SOFGYWHQSA-N	C15H10O3
C1=CC=C(C(=C1)C2=C3C=CC=CC3=CO2)C(=O)O	152590536	YVJUVJPBTSDWSF-UHFFFAOYSA-N	C15H10O3
C1=CC=C2C=C3C(=CC2=C1)C=CC=C3C(=O)OO	23111933	ITVFCEGOXPNXBI-UHFFFAOYSA-N	C15H10O3
COC1=CC2=C(C=CC3=CC=CC=C32)C(=O)C1=O	129642314	USVLMEYRMCOIQB-UHFFFAOYSA-N	C15H10O3
C1=CC=C(C(=C1)C2C(=O)C3=CC=CC=C3C2=O)O	154162430	CLZBOLBVWBINMT-UHFFFAOYSA-N	C15H10O3
CC(=O)OC1=CC=CC2=C1C3=C4CC(=C4)C=C3O2	69395377	KTVZFQXWZSLDOQ-UHFFFAOYSA-N	C15H10O3
C1C2=C(C(=CC=C2)C=O)C3=C1C=CC=C3C(=O)O	12472692	VTMSILCBZBJFOE-UHFFFAOYSA-N	C15H10O3
C1=CC=C2C(=C1)C=C(OC2=O)C3=CC=CC=C3O	12899651	JDUBUMWCAJWETC-UHFFFAOYSA-N	C15H10O3
C1=CC(=CC(=C1)C2=CC=CC(=C2C=O)C=O)C=O	141727951	VFYVAAKVCJMAOH-UHFFFAOYSA-N	C15H10O3
C1=CC=C(C=C1)C(=O)C2=CC3=C(C=C2)OC=CO3	852768	NBINQEBITFVQPQ-UHFFFAOYSA-N	C15H10O3
C1C2=CC(=C(C=C2)C(=O)C3=CC=C(C=C3)C=O)O1	140525624	CMJZSSUYWURNMM-UHFFFAOYSA-N	C15H10O3
C1=CC=C(C=C1)C2=CC3=C(C(=CC=C3)O)OC2=O	12766586	URQVILQIFIJNLS-UHFFFAOYSA-N	C15H10O3
C1=CC=C(C=C1)C2=COC3=CC=CC(=C32)C(=O)O	22761709	YXJJCKVYMSTSGU-UHFFFAOYSA-N	C15H10O3
C1=CC=C2C(=C1)C=CC=C2OC(=O)C3=CC=CO3	565213	LWYBXZAVXVKZKY-UHFFFAOYSA-N	C15H10O3
C1C=C2C(=CC1=CO)C(=O)C3=CC=CC=C3C2=O	66750694	JBFKWOVQPXQJPO-UHFFFAOYSA-N	C15H10O3
C1=CC2=C3C(=C1)C(=CC(=O)C3=CC=C2)C(=O)CO	140086946	MONGDSMHPLUFQL-UHFFFAOYSA-N	C15H10O3
C1COC2=CC3=C(C=C21)C(=O)C4=CC=CC=C4O3	58280671	VMRGAUKRODSKAO-UHFFFAOYSA-N	C15H10O3
C1C2=C(C=CC(=C2)C3=CC=C(C=C3)C=O)C(=O)O1	89427833	IJRBMEGKHDTJPX-UHFFFAOYSA-N	C15H10O3
C1=CC=C(C=C1)OC2=CC3=CC=CC=C3C(=O)O2	129710012	CEXKLRCKSDHYLT-UHFFFAOYSA-N	C15H10O3
C1=CC=C(C=C1)C2=C(OC(=O)O2)C3=CC=CC=C3	88835	SROHGOJDCAODGI-UHFFFAOYSA-N	C15H10O3
C1=CC=C(C=C1)C2=CC3=C(C=C(C=C3)O)OC2=O	5393176	RIPZCQZTVDNJHQ-UHFFFAOYSA-N	C15H10O3
C1=CC=C2C(=C1)C=C(C=C2C(=O)O)C3=CC=CO3	122188907	USEYURLJWGKYDR-UHFFFAOYSA-N	C15H10O3
COC1=CC2=CC3=C(C=CC(=O)C3=O)C=C2C=C1	134986390	LCPBGPDHRXOFTC-UHFFFAOYSA-N	C15H10O3
C1=CC=C(C=C1)C2(C3=CC=CC=C3C(=O)C2=O)O	91129974	DFXXSYWEQYKYKS-UHFFFAOYSA-N	C15H10O3
C1=CC=C2C(=C1)C=COC3=C2C=CC(=C3)C(=O)O	153919775	NEVLDOIFNQDDAK-UHFFFAOYSA-N	C15H10O3
C1OC2=CC=CC(=C2O1)C3=CC4=CC=CC=C4O3	91256655	LOKBAOTZYVOPBV-UHFFFAOYSA-N	C15H10O3
C1=CC=C(C=C1)C2C(=O)C(=O)C3=CC=CC=C3O2	265703	YTAQZPGBTPDBPW-UHFFFAOYSA-N	C15H10O3
C1=CC=C2C(=C1)C(C3=CC=CC=C3O2)(C=O)C=O	88022409	DHWUNOYXGNNPCQ-UHFFFAOYSA-N	C15H10O3
C/C(=C\1/C2=CC=CC3=C2C(=CC=C3)C1=O)/C(=O)O	88346588	QKDLNKBFIUYFED-XYOKQWHBSA-N	C15H10O3
CC1=CC=C(O1)C2=CC(=O)C3=CC=CC=C3C2=O	12631763	VGONAXFBLQJUMO-UHFFFAOYSA-N	C15H10O3
C1=CC=C(C=C1)C(=O)[C@@H]2C(=O)C3=CC=CC=C3O2	70930128	VBNSWPNEAASVDK-OAHLLOKOSA-N	C15H10O3
C1=CC=C2C(=C1)C3C(=CC=CO3)C4=COOC=C24	88158517	WOZKJXFULNMPET-UHFFFAOYSA-N	C15H10O3
C1=CC=C(C=C1)C2=CC=C(C=C2)OC(=O)C3=CO3	141218745	VVIZKUOFEMTHQR-UHFFFAOYSA-N	C15H10O3
C1=CC=C2C(=C1)C=CC3=C2C=C(C=C3O)C(=O)O	58932982	ZPZFKOVXIMDBNI-UHFFFAOYSA-N	C15H10O3
C1=CC=C2C(=C1)C3=CC=CC(=C3C(=C2O)O)C=O	54346548	UCRSIOGLELBGGJ-UHFFFAOYSA-N	C15H10O3
C1=CC=C(C=C1)C(=O)C2C3=CC=CC=C3OC2=O	70129495	QGUZHOBYXFRXRI-UHFFFAOYSA-N	C15H10O3
C1=CC=C(C=C1)[C@H]2[C@@]3(O2)C(=O)C4=CC=CC=C4O3	11287853	QJZSOZMXXKJDMQ-GJZGRUSLSA-N	C15H10O3
C1=CC=C(C=C1)C2=CC3=C(C=CC=C3O2)C(=O)O	134095089	FLYCFGZMRRZIQJ-UHFFFAOYSA-N	C15H10O3
C1=CC=C(C=C1)[C@@]23[C@@H](O2)OC4=CC=CC=C4C3=O	13430214	PPVMRVQMJLSRQG-HUUCEWRRSA-N	C15H10O3
C1=CC2=C3C(=C1)C=C(C(C3=CC=C2)C=O)C(=O)O	87871154	GVGBFLWEYYMYEI-UHFFFAOYSA-N	C15H10O3
C1=CC=C(C=C1)C2=CC3=C(C=C2)C=C(O3)C(=O)O	21745061	IKGKDWXSHVFUGY-UHFFFAOYSA-N	C15H10O3
C1=CC=C(C=C1)C(=O)C2=COC3=C2C=CC(=C3)O	100023937	NVPREFMIYODBAI-UHFFFAOYSA-N	C15H10O3
CC12C(O1)C=CC3=C2C(=O)C4=CC=CC=C4C3=O	151119740	MRXVBNXAMAIERO-UHFFFAOYSA-N	C15H10O3
C1C=CC2C1C3=C(O2)C4=CC=CC=C4C(=O)C3=O	85797181	ACVCGHDQKJPAOL-UHFFFAOYSA-N	C15H10O3
CC1CC2=C(C3=CC=CC=C3O2)C4=C1C(=O)C4=O	10514063	NAQXXVZCOBPPRS-UHFFFAOYSA-N	C15H10O3
C1[C@@H]2C=C[C@H]1[C@@]34[C@@]2(O3)C(=O)C5=CC=CC=C5C4=O	12635900	LMLDBOKXWROXSX-NWQDQBDJSA-N	C15H10O3
C1=CC=C(C=C1)C2=CC3=C(O2)C(=CC=C3)C(=O)O	14229706	RCBWMXHRGVANAW-UHFFFAOYSA-N	C15H10O3
C1=CC=C(C=C1)C#CC2=CC=CC=C2C(=O)OO	129708794	QKBKNPFQZFMBOA-UHFFFAOYSA-N	C15H10O3
CC(=O)OC1=CC=CC2=C1C3=CC=CC=C3C2=O	276266	FNFUHOLGNQOFIG-UHFFFAOYSA-N	C15H10O3
C1=CC=C(C=C1)C2=COC3=C2C=CC(=C3)C(=O)O	22761739	VDGULORXWRJRNR-UHFFFAOYSA-N	C15H10O3
CC1=C2C(=CC=C1)C(=O)C3=C(C2=O)C(=CC=C3)O	10537883	GTCFPJCRRNVVCZ-UHFFFAOYSA-N	C15H10O3
C1=CC(=C2C(=C1)O2)CCC(=O)C3=C4C(=CC=C3)O4	129661976	OCOVRVZYMGRHLV-UHFFFAOYSA-N	C15H10O3
C1=CC=C(C=C1)C2=CC=C(O2)/C=C\3/C=CC(=O)O3	742122	CNWQHRSEALXSDC-RAXLEYEMSA-N	C15H10O3
C1=CC=C(C=C1)C2=C(C(=C(C=C2)C=O)C=O)C=O	87124276	OEEBXKCALPBORO-UHFFFAOYSA-N	C15H10O3
COC1=CC(=O)C2=CC3=CC=CC=C3C=C2C1=O	13627996	BQKKYANHXFRHLT-UHFFFAOYSA-N	C15H10O3
C1=CC=C(C=C1)C(=O)OC2=CC=CC3=C2C=CO3	153818030	OQJGMODXAJVLBQ-UHFFFAOYSA-N	C15H10O3
C1=CC=C2C(=C1)C=C(OC2=O)C3=CC=C(C=C3)O	12751663	QNIHFTBVVWVPGM-UHFFFAOYSA-N	C15H10O3
COC1=CC=CC2=C1C(=O)C(=O)C3=CC=CC=C23	101058601	TZBSAJIOMQOUPI-UHFFFAOYSA-N	C15H10O3
C1=CC=C2C3=C(C=C(C=C3)C(=O)O)C(C2=C1)C=O	59202368	KERSBZPZIPBPHX-UHFFFAOYSA-N	C15H10O3
C1=CC=C2C(=C1)/C(=C\C3=CC=C(C=C3)O)/OC2=O	5356627	VNRRBJHHWHILFP-NTEUORMPSA-N	C15H10O3
C1=CC2=CC3=C(C=C2C=C1CO)C(=O)C=CC3=O	11402158	RIEVVLNXNBBIHG-UHFFFAOYSA-N	C15H10O3
CC1=CC2=C(C3=CC=CC=C13)C(=O)C(=O)C=C2O	68600000	FZAKILVANIZTAN-UHFFFAOYSA-N	C15H10O3
CC(=O)OC1=CC(=O)C2=CC=CC3=C2C1=CC=C3	44478318	ZMSFZRZAZNZPGW-UHFFFAOYSA-N	C15H10O3
C1=CC(=CC=C1C2=C3C(=CC(=C2)C=O)C=CO3)O	21071793	URNFJXRTZKAEGX-UHFFFAOYSA-N	C15H10O3
CC(=O)C1=CC=CC2=C1OC3=CC=CC=C3C2=O	22994588	PLANCQAXLVBTHN-UHFFFAOYSA-N	C15H10O3
C1C2=C(C=CC=C2C(=O)O)C3=CC=CC=C3C1=O	154262093	UIJICHJIRXRICM-UHFFFAOYSA-N	C15H10O3
C1=CC=C(C(=C1)C(=O)C2=C3C=COC3=CC=C2)O	152317294	WSQODWHRYDHIDO-UHFFFAOYSA-N	C15H10O3
C1=CC=C2C=C(C=CC2=C1)C3=CC(=CC(=O)O3)O	54720383	DQOJAWALRLMFRB-UHFFFAOYSA-N	C15H10O3
C1=CC=C(C=C1)[C@]23[C@H](O2)OC4=CC=CC=C4C3=O	13430215	PPVMRVQMJLSRQG-GJZGRUSLSA-N	C15H10O3
C1=CC=C2C(=C1)C3=CC=CC=C3C(=C2C(=O)O)O	152134158	VHVSANSWHVIDBR-UHFFFAOYSA-N	C15H10O3
C1=CC=C(C=C1)C2=CC=CC=C2OC(=O)C3=CO3	141218746	SNHGSCDHSNNTKK-UHFFFAOYSA-N	C15H10O3
C1=CC=C2C(=C1)C=CC3=C(O2)C=CC=C3OC=O	140513927	DENQAGOQUSEESQ-UHFFFAOYSA-N	C15H10O3
C1=CC=C(C=C1)C2=C3C=C(OC3=CC=C2)C(=O)O	153930677	LYWNOCITFPSDQN-UHFFFAOYSA-N	C15H10O3
C1=CC=C2C(=C1)C=C(O2)C3OC4=CC=CC=C4O3	91037325	HFZXFTLHQMQLAW-UHFFFAOYSA-N	C15H10O3
CC1=CC2=C(C=C1)C(=O)C3=C(C2=O)C=CC=C3O	638851	JJEJSMGPHGEAHY-UHFFFAOYSA-N	C15H10O3
C1=CC=C2C(=C1)C(=O)/C(=C\C3=CC=C(C=C3)O)/O2	1550252	BAYNHPXTNUSVIZ-NTEUORMPSA-N	C15H10O3
C1=CC=C2C(=C1)C3=C(O2)C=C4C=COC4=C3CO	67940108	HAOYNLMMZBXIOI-UHFFFAOYSA-N	C15H10O3
C1=CC=C2C=C3C(=CC2=C1)C=CC=C3OC(=O)O	54413424	KYJVDRDWQKNGND-UHFFFAOYSA-N	C15H10O3
C1C=C[C@H]2[C@@H]1C3=C(O2)C(=O)C4=CC=CC=C4C3=O	15349631	SRFJXXDYVLYZON-MNOVXSKESA-N	C15H10O3
C1=CC=C2C=C3C(=CC2=C1)C=C(C(=C3O)C=O)O	87379675	ICADGBQWACXGQV-UHFFFAOYSA-N	C15H10O3
C1=CC=C2C(=C1)C(=O)C3=CC=CC(=C3C2=O)CO	21847321	BMTMWCVGAVWDRA-UHFFFAOYSA-N	C15H10O3
C=C1C2=C(C(=C(C=C2)O)O)C(=O)C3=CC=CC=C13	90451639	AGEVRRHKAXONCG-UHFFFAOYSA-N	C15H10O3
COC1=C2C=CC3=CCC4=C3C2=C(C=C4)C(=O)O1	102245312	GKLHJMQYERXYKT-UHFFFAOYSA-N	C15H10O3
C1=CC=C2C(=C1)C3=C(O2)C=CC(=C3)C=CC(=O)O	54971713	PTFKDZWFFUKXNU-UHFFFAOYSA-N	C15H10O3
C1=CC=C(C=C1)C2=CC=CC3=COC(=C32)C(=O)O	67797377	WDSFXGBOHAUJGF-UHFFFAOYSA-N	C15H10O3
C1C2=CC=CC=C2OC3=CC=CC(=C31)C(=O)C=O	88317540	WKPCMPUATVBTNG-UHFFFAOYSA-N	C15H10O3
C1=CC=C2C(=C1)C3=C(C=C(C=C3)CC=O)OC2=O	129819666	OXYSMRFSVBNZCH-UHFFFAOYSA-N	C15H10O3
COC1=CC=CC2=CC3=C(C=C21)C(=O)C=CC3=O	16116981	IJMHQIFZAOJOTF-UHFFFAOYSA-N	C15H10O3
C1=CC=C2C=C3C(=CC2=C1)C=CC(C3=O)C(=O)O	141207996	GIBJLMFXHHJZAU-UHFFFAOYSA-N	C15H10O3
C1=CC=C2C(=C1)C(=CO2)C(=O)C3=CC=C(C=C3)O	21296876	FPYFMAXQPGUPEF-UHFFFAOYSA-N	C15H10O3
C1C=CC(=CC1=C=O)C(=O)C2=CCC(=C=O)C=C2	20426890	NVWOZEREQXLDLZ-UHFFFAOYSA-N	C15H10O3
C1C(=CC2=CC=CC3=CC=CC=C32)C(=O)OC1=O	54316428	SONAPUPHFUHJDX-UHFFFAOYSA-N	C15H10O3
COC1=CC2=C(C=C1)C(=O)C(=O)C3=CC=CC=C32	68471030	NQECXDKKLWAFLE-UHFFFAOYSA-N	C15H10O3
C1=CC=C(C=C1)C(=C2OC(=O)O2)C3=CC=CC=C3	129817020	PYXQWNRHYZICSE-UHFFFAOYSA-N	C15H10O3
C1=CC=C(C=C1)C=C2C(=O)C3=C(O2)C=C(C=C3)O	376293	KDGIFQNPGMXJCY-UHFFFAOYSA-N	C15H10O3
C1=CC=C2C=C(C=CC2=C1)OC3=CC=C(O3)C=O	28814698	YXJYNOIZGLPVND-UHFFFAOYSA-N	C15H10O3
C1=CC=C(C=C1)[C@@H]2C(=O)C3=CC=CC=C3C(=O)O2	93491196	XCHGJUZNPCZXLL-CQSZACIVSA-N	C15H10O3
C1=CC=C(C=C1)C2=CC3=C(C=C(C=C3)O)C(=O)O2	118390186	DJWXUVPKPPHVFW-UHFFFAOYSA-N	C15H10O3
C1COC2=C1C(=O)OC3=CC4=CC=CC=C4C=C32	141108527	QXELKSAXILGECJ-UHFFFAOYSA-N	C15H10O3
C1=CC=C(C=C1)C2=CC(=O)OC3=CC=CC(=C32)O	12689092	UFQPJWYUZLIVMI-UHFFFAOYSA-N	C15H10O3
C1C(=CC=C2C1=C3C=C3C4=CC(=C(C=C24)O)O)O	87951825	UGJLALDTGNIJSN-UHFFFAOYSA-N	C15H10O3
C1=CC=C(C=C1)C(=O)[C@H]2C(=O)C3=CC=CC=C3O2	92530436	VBNSWPNEAASVDK-HNNXBMFYSA-N	C15H10O3
COC(=O)C1=CC=CC2=C1C3=CC=CC=C3C2=O	272047	WSTDJPDRIAZQON-UHFFFAOYSA-N	C15H10O3
C1C=C2C(=C3C=CC=C3C1=O)C=CC4=C2OCO4	152213208	VXRVZHUOIOYOOB-UHFFFAOYSA-N	C15H10O3
C1=CC=C(C=C1)C(=O)C2C3=CC=CC=C3C(=O)O2	3328624	VFYWJHQGTBBWGY-UHFFFAOYSA-N	C15H10O3
C1=CC=C(C=C1)/C=C\2/C(=O)C3=C(C=CC=C3O2)O	53392426	WGIJEMSWQJNAAW-LCYFTJDESA-N	C15H10O3
C1=CC2=C(C=CC(=C2)C(=O)O)C=C1C3=COC=C3	147079994	BGSDQIOPGSOYBX-UHFFFAOYSA-N	C15H10O3
CC(=O)C1=C2C=CC=C3C2=C(C=C1)C(=O)CC3=O	20685195	JDLWBNCATZPTKP-UHFFFAOYSA-N	C15H10O3
C1=CC=C(C(=C1)C=O)C(=O)C2=CC=C(C=C2)C=O	151836593	SFUAAHQOSLWHFV-UHFFFAOYSA-N	C15H10O3
[2H]OC1=CC=CC2=C1OC(=CC2=O)C3=CC=CC=C3	21814526	XNUMOPPRKAGFPF-DYCDLGHISA-N	C15H10O3
C1OC2=C(O1)C=C3C(=C2)C(=CO3)C4=CC=CC=C4	23250571	YYUHRUJBXRSJFT-UHFFFAOYSA-N	C15H10O3
C1=CC2=C(C=C1CO)C3=C(O2)C=C4C=COC4=C3	15170257	DKBPNYHGAXHQOR-UHFFFAOYSA-N	C15H10O3
C1=CC=C(C=C1)C2=CC(=CC3=COC=C3)C(=O)O2	54541580	ZDORTPGBNIGIIZ-UHFFFAOYSA-N	C15H10O3
C1=CC=C2C(=C1)C=CC3=CC(=CC(=C32)O)C(=O)O	58932955	RPBOGQUGHGROGN-UHFFFAOYSA-N	C15H10O3
C1=CC=C2C(=C1)C(=CC3=CC(=CC=C3)O)C(=O)O2	71901921	UHYBDARJSVRFKM-UHFFFAOYSA-N	C15H10O3
C1C2=CC=CC=C2OC3=C1C(=C(C=C3)C=O)C=O	23063879	QVCPNWIJDSSCMD-UHFFFAOYSA-N	C15H10O3
C1=CC=C(C=C1)C2=COC3=C(C2=O)C=C(C=C3)O	617048	MBGOXDKDKPXNAI-UHFFFAOYSA-N	C15H10O3
C1=CC=C(C=C1)C(=O)C2=C3C=C(OC3=CC=C2)O	154290366	KKNBHCBBPUMKCY-UHFFFAOYSA-N	C15H10O3
C1=CC=C(C=C1)OC(=O)C2=CC3=CC=CC=C3O2	734569	YDASRWNMSAYZDV-UHFFFAOYSA-N	C15H10O3
C1=CC=C2C(=C1)C=C(C(=O)O2)/C=C/C3=CC=CO3	129752853	WGJWBERJIIBFNO-BQYQJAHWSA-N	C15H10O3
C1=CC=C(C=C1)C#CC(=O)CC(=O)C2=CC=CO2	15637269	GHCPSKGSPBMXTJ-UHFFFAOYSA-N	C15H10O3
C#CC1=CC(=CC=C1)OC2=CC=C(C=C2)C(=O)O	150198311	FOXPIRCDUQGYAW-UHFFFAOYSA-N	C15H10O3
C1=CC=C2C(=C1)C(C3=C2C(=CC=C3)C(=O)O)C=O	10977489	BOWOACMVXJNILS-UHFFFAOYSA-N	C15H10O3
C1[C@@H]2[C@H]3[C@@H]([C@H]1C4=C2C(=O)C5=CC=CC=C5C4=O)O3	15349625	OKSZNUAWNIGZHF-NWQDQBDJSA-N	C15H10O3
CC1=C(C(=O)OC1=O)C2=CC3=CC=CC=C3C=C2	13782537	FPOLLGGTMREGQX-UHFFFAOYSA-N	C15H10O3
C1=CC=C(C=C1)C2C(=O)C3=CC=CC=C3OC2=O	21186795	AIIUVZXJSAAETG-UHFFFAOYSA-N	C15H10O3
C1=CC=C(C=C1)C(=O)C2=COC3=C2C=C(C=C3)O	595415	HDHPCXZMHILLOZ-UHFFFAOYSA-N	C15H10O3
C1C(=O)C=CC2=C1OC(=CC2=O)C3=CC=CC=C3	21709613	OANQLMDTFZVLKF-UHFFFAOYSA-N	C15H10O3
C1=CC=C(C=C1)C(=O)[C@@H]2C3=CC=CC=C3C(=O)O2	92140113	VFYWJHQGTBBWGY-AWEZNQCLSA-N	C15H10O3
C1=CC=C2C(=C1)C=CC3=CC(=C(C=C32)O)C(=O)O	189538	BEGAMGBUHKZNOK-UHFFFAOYSA-N	C15H10O3
C1=CC=C2C=C3C=C(C(=CC3=CC2=C1)C(=O)O)O	80524	PHQKCVOZVPSTAF-UHFFFAOYSA-N	C15H10O3
C1=CC=C(C=C1)[C@@H]2[C@]3(O2)C4=CC=CC=C4C(=O)O3	92153241	YQDYZPHMROBRNT-HIFRSBDPSA-N	C15H10O3
C1=CC(=C(C=C1C2=COC=C2)C3=COC=C3)C=O	90099863	SAJQQOMKCMDOQH-UHFFFAOYSA-N	C15H10O3
C#CCOC1=C2C(=CC3=C1CC(=O)C=C3)C=CO2	139356589	JVXCMORLWHRMPQ-UHFFFAOYSA-N	C15H10O3
C1=CC=C(C=C1)COC2=C3C4=CC=C(C3=CO2)O4	154151367	YVZKHJDOHNNTIF-UHFFFAOYSA-N	C15H10O3
C1=CC=C2C(=C1)C(=CC2=O)C3=C(C=C(C=C3)O)O	12555538	WNHDZDJOHAYSRG-UHFFFAOYSA-N	C15H10O3
C=CC(=O)OC1=CC=C(C=C1)C2=CC=C(C#C2)O	89276611	ZJORUBGVIHUBCH-UHFFFAOYSA-N	C15H10O3
C1=CC2=C(C(=CC=C2)O)C3=C(C(=O)C=CC3=C1)O	154225712	KFIAPIUSWNPCBZ-UHFFFAOYSA-N	C15H10O3
C1C#C/C=C\C#CCOC2=C(C=CC(=C2)O1)C=O	44440847	GKMAOWKEAMWGPO-UPHRSURJSA-N	C15H10O3
C1OC2=C(O1)C=C3C(=C2)C=C(O3)C4=CC=CC=C4	101455867	JSARBIWXPAMEFP-UHFFFAOYSA-N	C15H10O3
C1=CC=C2C(=C1)C=C(O2)C(=O)C3=CC=C(C=C3)O	21518631	MFJCKQFUMBQBDU-UHFFFAOYSA-N	C15H10O3
C1=CC2=CC3=C(C=C(C=C3)C(=O)O)OC=C2C=C1	88611410	CVAKUXMVPMERKL-UHFFFAOYSA-N	C15H10O3
C1=CC=C2C(=C1)C3=C(O2)C=C(C4=C3C=CO4)CO	15170262	DKDBZZZNRQLCRW-UHFFFAOYSA-N	C15H10O3
C1C2=C(C=CC(=C2)C(=O)C3=CC=CC=C3)C(=O)O1	135059369	BXWUKMKEZUEHKC-UHFFFAOYSA-N	C15H10O3
COC1=CC2=C(C=C1)C=CC3=C2C(=O)C=CC3=O	190008	YVRYXUYUKXSPJH-UHFFFAOYSA-N	C15H10O3
C1=CC=C(C=C1)C2=C3C=CC=CC3=C(O2)C(=O)O	67796835	FJEWWQXRXIWVBW-UHFFFAOYSA-N	C15H10O3
CC(=O)C1=CC(=O)OC2=C1C3=CC=CC=C3C=C2	2307554	BDJODHIWUMRUPH-UHFFFAOYSA-N	C15H10O3
C1=CC=C(C=C1)C2=C/C(=C\C3=CC=CO3)/C(=O)O2	6537762	ABCAJPQLIGMXRZ-FMIVXFBMSA-N	C15H10O3
COC1=C2C=CC=CC=C2C3=C1C(=O)C=CC3=O	85999048	CWRKOVUACJOHQS-UHFFFAOYSA-N	C15H10O3
C1=CC=C2C(=C1)C(=CC(=O)O)C3=CC=CC=C3O2	67520945	JMTCIYMNZMWGSC-UHFFFAOYSA-N	C15H10O3
CC1=CC=CC=C1C2=C3C(=CC=C2)C(=O)OC3=O	15025278	VEARAUSNESQLKQ-UHFFFAOYSA-N	C15H10O3
C1=CC=C(C=C1)[C@@H]2[C@]3(O2)C(=O)C4=CC=CC=C4O3	14444716	QJZSOZMXXKJDMQ-HUUCEWRRSA-N	C15H10O3
C1=CC=C(C(=C1)C(=O)C2=CC3=C(C=C2)OC=C3)O	138392318	XYDJBUFCIKJJFO-UHFFFAOYSA-N	C15H10O3
C1=CC=C2C(=C1)C=CC3=CC(=C(C=C32)C(=O)O)O	189537	HRMHOILNYDWFNX-UHFFFAOYSA-N	C15H10O3
C1C=CC=CC1=C2C(=O)C3=CC=CC=C3OC2=O	67689656	HDFXFMPKUOJFEU-UHFFFAOYSA-N	C15H10O3
C1=CC=C2C(=C1)C(=O)/C(=C/C3=CC=C(C=C3)O)/O2	1798422	BAYNHPXTNUSVIZ-ZROIWOOFSA-N	C15H10O3
C1C2=CC=CC=C2C3(C4=CC=CC=C41)C(=O)OO3	59429149	LLHRKFKDBDOLCS-UHFFFAOYSA-N	C15H10O3
C1=CC=C(C=C1)/C=C/2\C(=O)C=C(O2)C3=CC=CO3	101638437	VXNKUEACEPVGMC-NTEUORMPSA-N	C15H10O3
C1=CC=C2C(=C1)/C(=C/C3=CC=C(C=C3)O)/OC2=O	6508478	VNRRBJHHWHILFP-ZROIWOOFSA-N	C15H10O3
C1=CC=C(C(=C1)C2=CC=CO2)C(=O)C3=CC=CO3	117860030	AWNAFCSPVURXOP-UHFFFAOYSA-N	C15H10O3
C1=CC(=CC(=C1)O)C2=CC3=C(O2)C=CC(=C3)C=O	10799928	HBJNAKDOWAKSHJ-UHFFFAOYSA-N	C15H10O3
CC1=CC2=C3C=CC=CC3=CC2=C(C1=O)C(=O)O	150260457	GBLDXZCCBHOMCK-UHFFFAOYSA-N	C15H10O3
C1C(=O)C2=CC=CC=C2OC3=CC=CC=C3C1=O	13450296	QAGCFLQJRKFIIH-UHFFFAOYSA-N	C15H10O3
C1=CC(=CC(=C1)C(=O)O)C2=C3C=COC3=CC=C2	67696044	ZTORGQBLVHYRKS-UHFFFAOYSA-N	C15H10O3
C1=CC=C(C=C1)OC2=CC3=C(C=C2)C=CC(=O)O3	10609958	QGYMZNIMLUCKAL-UHFFFAOYSA-N	C15H10O3
C1=CC=C(C=C1)/C=C/2\C3=C(C=CC(=C3)O)OC2=O	44401847	AVCRNUXURMRLGP-MDWZMJQESA-N	C15H10O3
COC1=CC(=O)C2=C(C1=O)C=CC3=CC=CC=C32	13889718	BDBGYNAQYSXCLV-UHFFFAOYSA-N	C15H10O3
C1C2=C3C(=CC=C2)C4OC(C5=CC=CC1=C53)OO4	12472691	KKIAGNHOTXROBN-UHFFFAOYSA-N	C15H10O3
C1=CC=C2C(=C1)C3=C(C=CC(=C3)CC=O)C(=O)O2	87429210	ZJZXBERLJFPDBU-UHFFFAOYSA-N	C15H10O3
CC1=CC2=C(C3=CC=CC=C13)C(=O)C(=O)CC2=O	91251950	KFAVMMZPQRVAHB-UHFFFAOYSA-N	C15H10O3
C1=CC=C(C=C1)C=C2C3=C(C=C(C=C3)O)C(=O)O2	53830633	GCELUWJLDWVABW-UHFFFAOYSA-N	C15H10O3
C1=CC=C(C=C1)OC2=CC(=O)OC3=CC=CC=C32	2784895	CPERZDRUHMSAMP-UHFFFAOYSA-N	C15H10O3
CC(=O)C1=CC2=C(C=C1)OC3=C2C=C(C=C3)C=O	23559410	OYNFKEBHHFFMRR-UHFFFAOYSA-N	C15H10O3
CC(=O)C1=CC2=CC3=CC=CC=C3C=C2OC1=O	11253387	MYPCNEXFROJLSP-UHFFFAOYSA-N	C15H10O3
C1=CC=C(C=C1)C2=CC3=C(C=C2)OC(=C3)C(=O)O	12990908	BWDTWNJVNPDVEN-UHFFFAOYSA-N	C15H10O3
C1CC2=C(C=C1)OC3=C2C=CC4=C3C=CC(=O)O4	101332789	XTKXAOFIBXHHGC-UHFFFAOYSA-N	C15H10O3
C1=CC=C(C(=C1)C2=CC(=O)OC3=CC=CC=C32)O	102219945	UZEKUQJXOJKTOG-UHFFFAOYSA-N	C15H10O3
C1=CC=C2C(=C1)C(C3=CC=CC=C3C2=O)C(=O)O	22643681	WBFFEWDUGDYRLA-UHFFFAOYSA-N	C15H10O3
C1=CC2=C3C(=C1)C=C(C(=O)C3=CC=C2)COC=O	142428142	SXYGTZAQRRCJKL-UHFFFAOYSA-N	C15H10O3
C1=CC=C(C(=C1)C=O)C2=CC=CC(=C2C=O)C=O	87124275	LVCVJHKPXQSFMS-UHFFFAOYSA-N	C15H10O3
C1C=C(C=C2C1=CC3=CC(=O)C=CC3=C2)C(=O)O	54118620	NMBOMXCXAFPMAY-UHFFFAOYSA-N	C15H10O3
C1=CC(=C2C(=C1)C3=C(O2)C=C4C=COC4=C3)CO	67921284	MUJAVDHTROCQSV-UHFFFAOYSA-N	C15H10O3
C1=CC(=CC=C1C#CC2=CC=C(C=C2)O)C(=O)O	70447944	NJNJEGYAIGGUMH-UHFFFAOYSA-N	C15H10O3
CC12C=CC3=C(C1O2)C(=O)C4=CC=CC=C4C3=O	141417883	KKHOLYONLJUFSE-UHFFFAOYSA-N	C15H10O3
C1=CC=C(C=C1)C(=O)C=CC2=CC(=O)C=CC2=O	129820949	PKHCMJXFQVQYFL-UHFFFAOYSA-N	C15H10O3
C1=CC=C(C=C1)C(=O)C2=CC=C(C#C2)OCC=O	154474743	XKHVBNIJRQCLJT-UHFFFAOYSA-N	C15H10O3
C1=CC=C2C(=C1)C(=C3C=CC=C(C3=C2O)C=O)O	53781518	DVPMSGPENRWEKY-UHFFFAOYSA-N	C15H10O3
C1C2=CC=CC=C2C3=C1C(=CC=C3)C(=O)C(=O)O	66722032	QYRVEUPGTKOGCS-UHFFFAOYSA-N	C15H10O3
C1=CC=C(C=C1)C23C(O2)OC4=CC=CC=C4C3=O	13430213	PPVMRVQMJLSRQG-UHFFFAOYSA-N	C15H10O3
CC1=C2C=CC3=C(C2=CC=C1)C(=O)C(=O)C=C3O	617223	XQXKFDPEIQMZSE-UHFFFAOYSA-N	C15H10O3
C1=CC=C(C(=C1)C=O)C(=O)C2=CC=CC=C2C=O	610639	UKTQRHSWNIWODT-UHFFFAOYSA-N	C15H10O3
C1=CC=C(C=C1)/C=C\2/C(=O)C3=C(O2)C=CC(=C3)O	14460490	SHURXQGYCUNAOB-ZSOIEALJSA-N	C15H10O3
CC1=C2C=C3C(=CC2=CC=C1)C(=O)C(=O)C=C3O	617222	DIHTVXDSPLBNMX-UHFFFAOYSA-N	C15H10O3
CC(=O)/C=C\1/C2=C(C=CC3=CC=CC=C32)OC1=O	139224029	JJGXNZAUJPFRGP-WQLSENKSSA-N	C15H10O3
C1=CC=C2C(=C1)C(C(=O)C3=CC=CC=C3C2=O)O	134853940	AHTYVYUOCLRZNX-UHFFFAOYSA-N	C15H10O3
C1=CC=C(C=C1)C23C(C4=CC=CC=C4O2)OC3=O	134874448	IUXFQEGHVUGUAR-UHFFFAOYSA-N	C15H10O3
C1=CC=C(C=C1)C2=CC(=O)OC3=C2C=CC(=C3)O	5357479	IVJMJRRORVMRJJ-UHFFFAOYSA-N	C15H10O3
C1=CC=C(C=C1)C#CC2=CC(=C(C=C2)C(=O)O)O	20211415	VUNSAFKZEWHFRE-UHFFFAOYSA-N	C15H10O3
C1=CC=C(C=C1)C(=O)OC2=CC3=CC=CC3=CO2	11550449	SBPLLJYYRKZFQD-UHFFFAOYSA-N	C15H10O3
C1/C(=C\O)/C=CC2=C1C(=O)C3=CC=CC=C3C2=O	87134829	UBOVYVIHPPUDCJ-HJWRWDBZSA-N	C15H10O3
CC(=O)C1=CC2=C(C=C1)OC3=CC=CC=C3C2=O	11499650	AFIDDEUBFNDBGR-UHFFFAOYSA-N	C15H10O3
C1=CC(=CC=C1C=O)C2=C(C=C(C=C2)C=O)C=O	154357102	DDNHQRNRJZCNCJ-UHFFFAOYSA-N	C15H10O3
C1=CC=C(C=C1)C2(C(=O)C3=CC=CC=C3C2=O)O	10847516	FZNLKDSIHNSWTM-UHFFFAOYSA-N	C15H10O3
C1OC2=C(O1)C3=CC=CC=C3C4=C2C=CC=C4O	141417452	SJNJJJIXQFDYST-UHFFFAOYSA-N	C15H10O3
C1C2=C(C=CC(=C2)C3=CC=CC=C3)C(=O)C(=O)O1	15258711	DISNFWLWICFKQT-UHFFFAOYSA-N	C15H10O3
COC(=O)C1=CC2=C(C=C1)C3=CC=CC=C3C2=O	11776336	KMPBXIVQGVRHIW-UHFFFAOYSA-N	C15H10O3
C1=CC2=CC=C(O2)C=CC3=CC=C(O3)C=CC1=O	13071089	YHFXMGBCUXJTNI-UHFFFAOYSA-N	C15H10O3
CC(=O)C1=CC2=C(C1)C(=O)C3=CC=CC=C3C2=O	135191397	CESJCHGNVGYWMM-UHFFFAOYSA-N	C15H10O3
CC1=C(OC2=CC=CC=C12)C3=CC(=O)C=CC3=O	46944522	GQYWDVCRCQMVNK-UHFFFAOYSA-N	C15H10O3
C1=CC(=CC(=C1)C(=O)C2=CC=CC(=C2)C=O)C=O	23496703	LQLLEABSEBYLQN-UHFFFAOYSA-N	C15H10O3
CC(=O)C1=COC2=C(C1=O)C3=CC=CC=C3C=C2	901791	RTBHOGBNUUUJLZ-UHFFFAOYSA-N	C15H10O3
C1=CC=C(C(=C1)C2=COC3=CC=CC=C32)C(=O)O	22761679	XOFPVDVBYLDDEF-UHFFFAOYSA-N	C15H10O3
C1=CC=C(C(=C1)C=O)C2=C(C=CC=C2C=O)C=O	101848874	IYLNLMISTLKFSX-UHFFFAOYSA-N	C15H10O3
C1CCC2=C(C2=O)C3=C(C#CC1)C(=O)C=CC3=O	101524871	QAEHEQYUFAQKQV-UHFFFAOYSA-N	C15H10O3
C1=CC=C2C(=C1)C=CC3=C2C=CC(=C3C(=O)O)O	178502	IOOMARWCHDJQRL-UHFFFAOYSA-N	C15H10O3
C1=CC=C(C=C1)C(=O)C=CC2=CC=CC(=O)C2=O	129852222	LFMDPFNLYUFLII-UHFFFAOYSA-N	C15H10O3
C1=CC=C2C(=C1)C3=CC=CC(=C3C2=O)CC(=O)O	12692062	BFLZBNKBIUILNJ-UHFFFAOYSA-N	C15H10O3
C1=CC=C(C=C1)/C=C\2/C3=C(C=C(C=C3)O)C(=O)O2	70372662	GCELUWJLDWVABW-ZSOIEALJSA-N	C15H10O3
C1=CC=C(C=C1)C2=CC=CC3=C2OC(=C3)C(=O)O	21745043	UIYYKQBJXIXKGI-UHFFFAOYSA-N	C15H10O3
C1=CC=C(C=C1)C#CCOC2=CC(=O)C=CC2=O	69726496	FDNSNHQOTMPYDI-UHFFFAOYSA-N	C15H10O3
C1=CC=C(C=C1)OC2=CC3=C(C=C2)OC(=C3)C=O	65425949	ZQABGKYJBKKHSM-UHFFFAOYSA-N	C15H10O3
C1[C@@H]2C=C[C@H]1[C@]34[C@]2(O3)C(=O)C5=CC=CC=C5C4=O	12635899	LMLDBOKXWROXSX-XRQRDNCTSA-N	C15H10O3
C1=CC=C(C(=C1)C=O)C2=COC3=CC=CC=C3O2	60139757	TYTIMPLFHBAQCB-UHFFFAOYSA-N	C15H10O3
[2H]OC1=C2C(=CC=C1)OC(=CC2=O)C3=CC=CC=C3	21814523	IYBLVRRCNVHZQJ-DYCDLGHISA-N	C15H10O3
C1=COC(=C1)C2=CC3=C(C=C2)C(=C(C=C3)O)C=O	146414138	PAWZXRDGPTWKSP-UHFFFAOYSA-N	C15H10O3
CC1=CC2=C(C=C1)C(=O)C3=C(C2=O)C(=CC=C3)O	155237	FKGIMVVHGSRHAU-UHFFFAOYSA-N	C15H10O3
C1COC2=C1C(=O)OC3=C2C4=CC=CC=C4C=C3	141108525	LTGGYIHSEGQXSB-UHFFFAOYSA-N	C15H10O3
CC(=O)OC1=CC=CC2=C1C(=O)C3=CC=CC=C23	252781	XPUQALWMMSRERA-UHFFFAOYSA-N	C15H10O3
C1=CC=C2C=C3C(=CC2=C1)C=C(C(=C3C=O)O)O	54212887	VEFZLUKOWCNBBI-UHFFFAOYSA-N	C15H10O3
CC1=CC2=C(C=C1)C3=C(C2=O)C=C(C=C3)C(=O)O	82579472	AUGDWWPGLJHPJC-UHFFFAOYSA-N	C15H10O3
C1=CC=C2C(=C1)C=CC(O2)C3=CC(=O)C=CC3=O	129794592	HGRFAAIUEHZAQE-UHFFFAOYSA-N	C15H10O3
C1=CC=C2C(=C1)C(C3=CC=CC=C32)C(=O)C(=O)O	66722033	YEBYNMHIBGCZPA-UHFFFAOYSA-N	C15H10O3
C1=CC=C2C(=C1)C=C(OC2=O)/C=C/C3=COC=C3	71169809	CKRSBFOAZCTLOO-AATRIKPKSA-N	C15H10O3
[2H]OC1=CC=C(C=C1)C2=CC(=O)C3=CC=CC=C3O2	21814529	SHGLJXBLXNNCTE-DYCDLGHISA-N	C15H10O3
C1=CC=C(C(=C1)C2=COC3=CC=CC=C3C2=O)O	439849	SZYDLZMCCKYZBP-UHFFFAOYSA-N	C15H10O3
C=CC1=C(C=C1)CC2=CC3=C(C=C2)C(=O)OC3=O	117913737	XOWRGYCWVGXCRL-UHFFFAOYSA-N	C15H10O3
CC1=CC=CC=C2C1=C3C(=CC=C2)C(=O)OC3=O	101065415	GITLMFNBCLSJOY-UHFFFAOYSA-N	C15H10O3
C1=CC=C2C=C3C(=CC2=C1)C=CC(=C3C(=O)O)O	18781702	MSCMTURKIQRYPE-UHFFFAOYSA-N	C15H10O3
C1=CC=C2C(=C1)C=CC3=C2C=CC(=C3O)C(=O)O	87402694	OHKFNOLTQIDACG-UHFFFAOYSA-N	C15H10O3
C1=CC=C(C=C1)C2=C(C(=O)OC3=CC=CC=C32)O	91665181	HXWXRZZKQTUVOK-UHFFFAOYSA-N	C15H10O3
C1=CC=C2C(=C1)C(=CO2)C3=CC(=CC=C3)C(=O)O	21838095	BMBRXISZUMCKBL-UHFFFAOYSA-N	C15H10O3
C#CC1=CC=CC=C1OC2=CC=CC=C2C(=O)O	151111354	MQEVLCSLJNTFBY-UHFFFAOYSA-N	C15H10O3
COC(=O)/C=C/C#CC1=CC=CC=C1C(=O)C#C	10955595	ZVEUTTBZHFSQKJ-YRNVUSSQSA-N	C15H10O3
C1=CC=C(C=C1)C2=CC3=C(C=C2)OC=C3C(=O)O	65668402	HYDVRYXVJKEFFQ-UHFFFAOYSA-N	C15H10O3
C1=CC(=CC2=CC3=C(C=C21)C=C(C=C3)C(=O)O)O	57270030	BKYMTZZDTDEAFE-UHFFFAOYSA-N	C15H10O3
C1=CC(=CC=C1C2=C3C=COC3=C(C=C2)C=O)O	21071781	BHTKMKAHBWXDII-UHFFFAOYSA-N	C15H10O3
C#CC1=CC=C(C=C1)OC2=CC=C(C=C2)C(=O)O	12318284	BDUAPOHFYNDWTH-UHFFFAOYSA-N	C15H10O3
C1=CC(=CC=C1C2=C(C2=O)C3=CC=C(C=C3)O)O	86205901	ZFKBQDFWAVPLSA-UHFFFAOYSA-N	C15H10O3
C1=CC=C(C(=C1)C2=CC(=O)C3=CC=CC=C3O2)O	161860	ZZLQHXCRRMUGQJ-UHFFFAOYSA-N	C15H10O3
C1=CC=C2C(=C1)C=C(O2)C3=CC=C(C=C3)C(=O)O	13468061	VSNNTVMTUYOYTB-UHFFFAOYSA-N	C15H10O3
C1=CC=C2C(=C1)C3=CC=CC(=C3O2)/C=C/C(=O)O	102526630	JSPULCMKVCFPJJ-CMDGGOBGSA-N	C15H10O3
C1OC2=C(O1)C=C(C=C2)C3=CC4=CC=CC=C4O3	11665873	DGXHKSQAMQUCQT-UHFFFAOYSA-N	C15H10O3
C1OC=C2C3=CC=COC3=C4C=CC=CC4=C2O1	91021005	TUIRLGIUJFWFDQ-UHFFFAOYSA-N	C15H10O3
COC1=C2C(=O)C=CC(=O)C2=CC3=CC=CC=C31	4057452	QGGGUGGTVYQASK-UHFFFAOYSA-N	C15H10O3
C1=CC=C(C=C1)C2=COC3=C2C=C(C=C3)C(=O)O	22761719	DHJDNYJYHPVFQU-UHFFFAOYSA-N	C15H10O3
C1=CC(C(=C=O)C=C1)C(=O)C2C=CC=CC2=C=O	139791317	FUGCLDKAJAGCSA-UHFFFAOYSA-N	C15H10O3
C1=CC=C2C3=C(C(=CC=C3)C(=O)O)C(=CC2=C1)O	86016158	UGLVOIMVOIMPKQ-UHFFFAOYSA-N	C15H10O3
C1=CC=C(C=C1)C2=CC3=C(C=CC(=C3)O)OC2=O	44562468	CYKDIFJDBMRWNV-UHFFFAOYSA-N	C15H10O3
C1=CC=C2C(=C1)C3=CC4=C(C=CO4)C(=C3O2)CO	15170261	HVJIWSMASUSKBE-UHFFFAOYSA-N	C15H10O3
CC1=C2C(=C(C=C1)O)C(=O)C3=CC=CC=C3C2=O	458177	XKZOFQRVODTSCM-UHFFFAOYSA-N	C15H10O3
C1=CC=C2C(=C1)C=CC3=CC(=C(C(=C32)O)C=O)O	102282696	MBWDTYBHFGJEJH-UHFFFAOYSA-N	C15H10O3
C1=CC(=CC=C1C=O)C2=CC(=CC(=C2)C=O)C=O	85715962	GWMVJHHSKAJGSW-UHFFFAOYSA-N	C15H10O3
C1=CC(=CC=C1C2=CC=C3C=CC(=O)C=C3O2)O	149633	DQKOJTJVZKIZLI-UHFFFAOYSA-N	C15H10O3
COC1=CC2=C(C=C1)C3=CC=CC=C3C(=O)C2=O	71425941	GKUKBDLCZUMMDX-UHFFFAOYSA-N	C15H10O3
C1C2=CC=CC=C2C3=C1C=C(C=C3)C(=O)C(=O)O	21406504	MLBSMLKGLKHUGY-UHFFFAOYSA-N	C15H10O3
C1=CC=C(C=C1)C2=C(C=C(C=C2C=O)C=O)C=O	15456177	QUHATXIIDZOHLQ-UHFFFAOYSA-N	C15H10O3
C1C2=C(C3=CC=CC=C3C=C2)OC14C=CC(=O)O4	142466840	RGLHSHKEPBDRJM-UHFFFAOYSA-N	C15H10O3
C1=CC=C2C3C4=C(C=CC(=C4)C(=O)O)C(C2=C1)O3	140757545	SCZRYJOKMTVXOF-UHFFFAOYSA-N	C15H10O3
C1=CC(=CC=C1C#CC(=O)C2=CC=C(C=C2)O)O	44557158	PYTBOJXUAJEHLW-UHFFFAOYSA-N	C15H10O3
CC1=CC2=C(C=C1)C(=O)C3=C(C2=O)C=C(C=C3)O	150722	UMJCTADKPMCLGQ-UHFFFAOYSA-N	C15H10O3
C1=CC=C2C(=C1)C(=O)C(C2=O)C3=CC=C(C=C3)O	350421	VTQJAXNKAJABAA-UHFFFAOYSA-N	C15H10O3
C1=CC=C(C=C1)C2=COC3=C2C=CC=C3C(=O)O	14229718	CPMZVMZMSDCIAS-UHFFFAOYSA-N	C15H10O3
C1=CC=C(C=C1)OC(=O)C2=CC=CC3=C2OC=C3	150329100	GPGOYTFPIGOQRY-UHFFFAOYSA-N	C15H10O3
C1=CC=C(C=C1)C(=O)[C@H]2C3=CC=CC=C3C(=O)O2	97547720	VFYWJHQGTBBWGY-CQSZACIVSA-N	C15H10O3
CC(=O)C1=CC(=O)OC2=C1C=CC3=CC=CC=C32	101810004	DNCNOVJJEOTIJV-UHFFFAOYSA-N	C15H10O3
C1=CC=C(C=C1)C2=C3C=COC3=CC(=C2)C(=O)O	12386724	IHPILOXOKAJHGG-UHFFFAOYSA-N	C15H10O3
CC(=O)OC1=C2C(=O)C=CC3=CC=CC(=C32)C=C1	13356948	XLZDZVUOORPZSP-UHFFFAOYSA-N	C15H10O3
COC(=O)/C=C\1/C2=CC=CC3=C2C(=CC=C3)C1=O	13164257	OBCJWWCXZAEUDF-WQLSENKSSA-N	C15H10O3
C1=CC=C(C=C1)C2=C(C=C3C(=C2)C=CC(=O)O3)O	56594353	SFFRDZLSPHLHGQ-UHFFFAOYSA-N	C15H10O3
C#CC(=O)OC1=CC=C(C=C1)C2=CC=C(C=C2)O	87506116	QNRFZYMBUXBHJN-UHFFFAOYSA-N	C15H10O3
C1/C(=C/C2=CC=CC3=CC=CC=C32)/C(=O)OC1=O	19821664	SONAPUPHFUHJDX-WQLSENKSSA-N	C15H10O3
C1=CC=C(C=C1)[C@@H]2[C@@]3(O2)C4=CC=CC=C4C(=O)O3	92153240	YQDYZPHMROBRNT-UKRRQHHQSA-N	C15H10O3
C1=CC(=CC=C1C2=CC(=C3C(=C2)C=CO3)C=O)O	21071788	KUULVSYJYOWDET-UHFFFAOYSA-N	C15H10O3
C1=CC=C(C=C1)C2=C/C(=C/C3=CC=CO3)/C(=O)O2	5407504	ABCAJPQLIGMXRZ-XFXZXTDPSA-N	C15H10O3
C1=CC=C(C=C1)C2=CC=C(O2)/C=C/3\C=CC(=O)O3	742121	CNWQHRSEALXSDC-JLHYYAGUSA-N	C15H10O3
C1=CC=C(C(=C1)/C=C\2/C3=CC=CC=C3C(=O)O2)O	101699827	BWFDYBXQXRLIJC-ZROIWOOFSA-N	C15H10O3
CC(=C)C1=CC2=C(O1)C(=O)C3=CC=CC=C3C2=O	637335	JIXOWAXGILXNLY-UHFFFAOYSA-N	C15H10O3
C1=CC=C2C(=C1)C(=O)C=C(O2)C3=CC(=CC=C3)O	229015	ISZWRZGKEWQACU-UHFFFAOYSA-N	C15H10O3
C1=CC=C2C(=C1)C(=C3C=CC(=CC3=C2O)C=O)O	87256372	LUVLSVAJJICIBB-UHFFFAOYSA-N	C15H10O3
C1=CC2=C3C(=C1)C=CC(C3=CC=C2)C(=O)C(=O)O	66722035	WMCWAYPDAGKSNC-UHFFFAOYSA-N	C15H10O3
C1=CC=C2C(=C1)C=C(O2)C3=CC(=CC=C3)C(=O)O	11207140	YXFVUPBRAAWFRZ-UHFFFAOYSA-N	C15H10O3
CC(=O)C1=CC2=C(O1)C(=C)C3=CC=CC=C3C2=O	132127821	RLDGAWFANKGXHQ-UHFFFAOYSA-N	C15H10O3
C1=CC(=CC=C1C2=C3C(=C(C=C2)C=O)C=CO3)O	21071792	QFGRPJIWPRWQLR-UHFFFAOYSA-N	C15H10O3
C1=CC=C2C(=C1)OC=C(O2)C3=CC=C(C=C3)C=O	148566517	MWANLLWEHNPDQM-UHFFFAOYSA-N	C15H10O3
[2H]OC1=C(OC2=CC=CC=C2C1=O)C3=CC=CC=C3	21814518	HVQAJTFOCKOKIN-DYCDLGHISA-N	C15H10O3
CC1=C(C(=O)C2=C(C1=O)OC=C2)C3=CC=CC=C3	12028370	UIEJQGIVLNKLRW-UHFFFAOYSA-N	C15H10O3
C1C2=CC=CC=C2C(=O)C3=C(O1)C=C(C=C3)C=O	12446832	VLLKGLWETSWKAA-UHFFFAOYSA-N	C15H10O3
C1=CC=C(C=C1)C2C3=CC=CC=C3OC(=O)C2=O	141195862	IANQGOCKLOCSFY-UHFFFAOYSA-N	C15H10O3
C=CC(=O)OC1=CC=C(C=C1)C2=CC3=C(O3)C=C2	118900349	NVLABUQPBSNLPY-UHFFFAOYSA-N	C15H10O3
C1=CC=C(C=C1)C(=O)C2C(=O)C3=CC=CC=C3O2	11195756	VBNSWPNEAASVDK-UHFFFAOYSA-N	C15H10O3
C1=CC=C(C=C1)C(=O)C#CC2=CC(=CC(=C2)O)O	70834125	VGVFCSRYPOPRTP-UHFFFAOYSA-N	C15H10O3
C1=CC=C(C=C1)C2C3=C(C=CC(=C3)C=O)OC2=O	60097855	JKODBJHXOSXZJR-UHFFFAOYSA-N	C15H10O3
C1=CC=C(C=C1)O/C=C\2/C3=CC=CC=C3C(=O)O2	819198	MYXKFJCQMKJMEX-UVTDQMKNSA-N	C15H10O3
C1=CC=C(C=C1)C2=CC3=C(OC=C3C=C2)C(=O)O	67797449	HQKMQSXRHMMNMV-UHFFFAOYSA-N	C15H10O3
C1=CC(=CC(=C1)C(=O)O)C2=CC3=C(C=C2)OC=C3	67211402	PUVNOURVXBQURL-UHFFFAOYSA-N	C15H10O3
C\1C2=C(C3=CC=CC=C3C=C2)C(=O)/C1=C\C(=O)O	88328031	CALWWNGUGUNUBV-FLIBITNWSA-N	C15H10O3
COC1=CC(=O)C2=C(C1=O)C3=CC=CC=C3C=C2	355646	BTIQIBXDCYXMBX-UHFFFAOYSA-N	C15H10O3
C1C2=C(C=C(C=C2)C(=O)C(=O)O)C3=CC=CC=C31	43140404	WDLSQUCOIDVJMU-UHFFFAOYSA-N	C15H10O3
COC1=CC(=O)C(=CC1=O)C#CC2=CC=CC=C2	12808104	YOXIAPTUBUKEBG-UHFFFAOYSA-N	C15H10O3
C1=CC=C(C=C1)C2=CC3=C(O2)C=C(C=C3)C(=O)O	17809297	GPQKORYSXUXVLD-UHFFFAOYSA-N	C15H10O3
C1=CC=C2C(=C1)C(=O)C=C(O2)C=CC3=CC=CO3	71339295	WVSMOAULVHHPAA-UHFFFAOYSA-N	C15H10O3
C1=CC=C2C(=C1)C3=C(C=CC=C3O2)C=CC(=O)O	54340410	TYNNNZLUNQKGIN-UHFFFAOYSA-N	C15H10O3
C1C2=CC=CC=C2OC3=C1C4=C(C=C3)C(=O)CO4	145740184	FTAKQIMSCDLWBL-UHFFFAOYSA-N	C15H10O3
C1C2=C(C=C(C=C2)C(=O)O)C(=O)C3=CC=CC=C31	68150025	WUJMPBWFNGWSMU-UHFFFAOYSA-N	C15H10O3
C1=CC=C(C=C1)OC2C(=O)C3=CC=CC=C3C2=O	15181782	OYAQESRFAQMZEH-UHFFFAOYSA-N	C15H10O3
C1C2=C(C3=CC=CC=C3C=C2)C(=O)C1=CC(=O)O	149867677	CALWWNGUGUNUBV-UHFFFAOYSA-N	C15H10O3
C1=CC=C(C=C1)C2=C/C(=C\C3=COC=C3)/C(=O)O2	14054318	ZDORTPGBNIGIIZ-MDWZMJQESA-N	C15H10O3
C1=CC=C(C=C1)C2=CC=C(O2)C=C3C=CC(=O)O3	617148	CNWQHRSEALXSDC-UHFFFAOYSA-N	C15H10O3
C1=CC=C2C(=C1)C(=O)C=C(O2)C3=CC=C(C=C3)O	229016	SHGLJXBLXNNCTE-UHFFFAOYSA-N	C15H10O3
CC(=O)O/C=C\1/C2=CC=CC3=C2C(=CC=C3)C1=O	150723580	JQIYLLYTHVUJQC-JYRVWZFOSA-N	C15H10O3
C1C2=C(C=CC1=O)OC3=C(C2)C4=C(C=C3)OC=C4	69413587	NHMFHJCLTOXMKJ-UHFFFAOYSA-N	C15H10O3
C1=CC=C2C(=C1)C(=CC(=O)O2)/C=C/C3=CC=CO3	15442433	FIXIQMMYMUPLLT-BQYQJAHWSA-N	C15H10O3
CC1=CC2=C(C(=C1)O)C(=O)C3=CC=CC=C3C2=O	164982	AFHWNNJNTNLCQF-UHFFFAOYSA-N	C15H10O3
C1=CC2=CC(C(=C=O)C=C2C=C1)C3C=COC3=O	150082629	DROQSRYHXMOVLA-UHFFFAOYSA-N	C15H10O3
CC1=C2C3=C(C=C(C=C3)C(=O)O)C(=O)C2=CC=C1	23151771	IHZFNRAOGHDMCF-UHFFFAOYSA-N	C15H10O3
CC1=CC(=CC=C1)C2=CC3=C(C=C2)C(=O)OC3=O	143398478	NYESZNNGHMWJDF-UHFFFAOYSA-N	C15H10O3
C1C2=C(C(=CC=C2)C(=O)O)C(=O)C3=CC=CC=C31	68150031	OFVRVHYPNGQUJR-UHFFFAOYSA-N	C15H10O3
C1=CC=C(C=C1)C2C3=CC=CC=C3C(=O)OC2=O	12320949	VGFOTAAICKIWBZ-UHFFFAOYSA-N	C15H10O3
C1=CC=C(C=C1)C=C2C3=C(C=CC=C3O)C(=O)O2	154254559	HYGUPCPNCBESMO-UHFFFAOYSA-N	C15H10O3
CC#CC#CC#COC1=CC=C(C=C1)C(=O)OC	89336072	WJXHLTYUEKIOMV-UHFFFAOYSA-N	C15H10O3
C1=CC=C(C(=C1)C#CC2=CC=CC=C2O)C(=O)O	71335813	UDLSRWSRPFTFGP-UHFFFAOYSA-N	C15H10O3
C1=CC(=C2C(=C1)O2)CC(=O)CC3=C4C(=CC=C3)O4	129777650	PCJCRRMLPOGARG-UHFFFAOYSA-N	C15H10O3
C1=CC=C(C=C1)/C=C/2\C(=O)C3=C(O2)C=C(C=C3)O	908583	KDGIFQNPGMXJCY-RIYZIHGNSA-N	C15H10O3
C1C(=O)C=CC2=C1C=C3C=CC(=CC3=C2)C(=O)O	70288462	LTISICWORDAXED-UHFFFAOYSA-N	C15H10O3
C1=CC=C(C=C1)C2=CC3=C(C=CC=C3OC2=O)O	91665254	VQBMIMJUJVMVFZ-UHFFFAOYSA-N	C15H10O3
C1C2=CC=CC=C2OC13C(=O)C4=CC=CC=C4O3	101567616	LAGXZKPASNUVRL-UHFFFAOYSA-N	C15H10O3
C1=CC=C(C=C1)C2=C(C3=CC=CC=C3C(=O)O2)O	54012592	KTKFBHYVOVSSFJ-UHFFFAOYSA-N	C15H10O3
C1=CC=C2C(=C1)C(=CC3=CC=C(C=C3)O)OC2=O	247841	VNRRBJHHWHILFP-UHFFFAOYSA-N	C15H10O3
C1=CC=C(C=C1)/C=C/C2=C3C(=CC=C2)OC(=O)O3	139816806	KVSUVTAAVBTROV-MDZDMXLPSA-N	C15H10O3
COC1=C2C=CC3=CC=C4C3=C2C(=CC4)C(=O)O1	102245313	DMCQGMNMIOEZFM-UHFFFAOYSA-N	C15H10O3
C1=CC=C(C=C1)C2=CC3=C(C(=CC=C3)O)C(=O)O2	5473194	WDSXRDGRRIEXIA-UHFFFAOYSA-N	C15H10O3
CC(=O)C1=CC=CC2=C1C=CC3=C2OC=CC3=O	60042317	ACFAWCMTFIJLLJ-UHFFFAOYSA-N	C15H10O3
C1=CC=C(C=C1)[C@H]2C(=O)C3=CC=CC=C3C(=O)O2	93491197	XCHGJUZNPCZXLL-AWEZNQCLSA-N	C15H10O3
COC(=O)C#CC1=C2C(=CC=C1)C3=CC=CC3O2	70349635	FNIWSOBZKWUVTD-UHFFFAOYSA-N	C15H10O3
C1=CC=C(C=C1)C(=O)OC2=CC3=CC=CC=C3O2	141901934	ORBAEKZJHDESDJ-UHFFFAOYSA-N	C15H10O3
COC1=CC2=C(C(=O)C=CC2=O)C3=CC=CC=C31	10354180	XMMHVGOFNJVTGY-UHFFFAOYSA-N	C15H10O3
CC1=C(C2=C(C3=CC=CC=C3C=C2)C(=O)C1=O)O	14486504	MRQJCEZNVCOOQP-UHFFFAOYSA-N	C15H10O3
C1=CC=C2C(=C1)C3=C(C2=O)C=CC(=C3)CC(=O)O	90453630	HWDVUYKAHCFGBE-UHFFFAOYSA-N	C15H10O3
C1=CC=CC2=CC=C(O2)C(=O)C3=CC=C(O3)C=C1	101455294	HXFLOTVATNNESU-UHFFFAOYSA-N	C15H10O3
C1=CC=C(C=C1)OC2=C(OC3=CC=CC=C32)C=O	150640036	IZSANXUICKYRLT-UHFFFAOYSA-N	C15H10O3
C1C(=O)C2=CC=CC(=C2C1=O)C3=CC=CC=C3O	19104279	XPNXHCQXKPJEQO-UHFFFAOYSA-N	C15H10O3
C1C(C=CC2=C1C(=O)C3=CC=CC=C3C2=O)C=O	57220372	HDNKIXUINXDATI-UHFFFAOYSA-N	C15H10O3
CC1CC2=C1C3=CC=CC=C3C4=C2C(=O)OC4=O	88551131	OOMBWFBPZJHNBP-UHFFFAOYSA-N	C15H10O3
C1C2C=CC1C3=C2C(=O)C4=C(C3=O)C(=CC=C4)O	71347991	RSSRSZOTHILXTN-UHFFFAOYSA-N	C15H10O3
C1=CC=C(C=C1)C2=CC(=C(O2)C3=CC=CO3)C=O	53342140	MUNLIZRGLBUBCG-UHFFFAOYSA-N	C15H10O3
C=CC1=C(OC(=O)O1)C2=CC=CC3=CC=CC=C32	141464261	IPPLMBYKFPKGKJ-UHFFFAOYSA-N	C15H10O3
C=C1C2=C(C(=CC=C2)O)C(=O)C3=C1C(=CC=C3)O	147800643	HLLIPSJLVKBDIX-UHFFFAOYSA-N	C15H10O3
C1=CC(=C(C2=CC3=C(C=C21)C=C(C=C3)O)C=O)O	13466098	HPAVLNYNHGABHQ-UHFFFAOYSA-N	C15H10O3
C1=CC=C(C=C1)OC=C2C3=CC=CC=C3C(=O)O2	4595502	MYXKFJCQMKJMEX-UHFFFAOYSA-N	C15H10O3
C1[C@@H]2C=C[C@@H]1[C@@]34[C@]2(O3)C(=O)C5=CC=CC=C5C4=O	100896444	LMLDBOKXWROXSX-PVFTVIPPSA-N	C15H10O3
C1=CC=C2C=C(C=CC2=C1)OC(=O)C3=COC=C3	31848846	HRUBHMDSGDMODX-UHFFFAOYSA-N	C15H10O3
C1=CC=C2C(=C1)C(=O)C(C2=O)C3=CC(=CC=C3)O	617192	HNAJCWYQPPIADP-UHFFFAOYSA-N	C15H10O3
CC1=C2C(=CC=C1)C(=O)C3=C(O2)C=C(C=C3)C=O	89153249	MEQUUHNWKUTOTD-UHFFFAOYSA-N	C15H10O3
C1[C@@H]2C=C[C@H]1[C@]34[C@@]2(O3)C(=O)C5=CC=CC=C5C4=O	98556777	LMLDBOKXWROXSX-QTGCHDBNSA-N	C15H10O3
C1=CC=C(C=C1)C(=O)C2=C(OC3=CC=CC=C32)O	136897868	IWZRATDKDXHXDL-UHFFFAOYSA-N	C15H10O3
C1=CC=C(C=C1)C(=C=O)OC2=CC=CC=C2C=O	13616814	UXAAZCGYUUIVQO-UHFFFAOYSA-N	C15H10O3
CC12C=CC(O1)C3=C2C(=O)C4=CC=CC=C4C3=O	102242460	JXFJWKLREHCLCU-UHFFFAOYSA-N	C15H10O3
C1=CC=C2C(=C1)C=CC3=C(C(=C(C=C32)O)C=O)O	102282697	WKBZHEGGEHAESE-UHFFFAOYSA-N	C15H10O3
C1=CC=C2C(=C1)C=C(C3=CC=CC=C23)OC(=O)O	87445091	DALMNWRVIWDBBJ-UHFFFAOYSA-N	C15H10O3
C1=CC=C2C(=C1)C=CC3=C2C=CC(=O)C3C(=O)O	154392305	IYFVGVWOADMDJQ-UHFFFAOYSA-N	C15H10O3
C1OC2=C(O1)C3=C(C=CC4=C3C=CC=C4O)C=C2	153883304	LPHGVEKAGIYVNE-UHFFFAOYSA-N	C15H10O3
C1=CC(=CC(=C1)C2=CC(=CC(=C2)C=O)C=O)C=O	122685140	GAZYJXGUPRMGMC-UHFFFAOYSA-N	C15H10O3
C1=CC=C2C(=C1)C(=O)C3=CC=CC=C3C2(C=O)O	13498426	USKMSTAVMKXIRU-UHFFFAOYSA-N	C15H10O3
C1=CC=C2C(=C1)C(=O)C(=CO2)C3=CC(=CC=C3)O	68855208	GNONLGDZYWDMIW-UHFFFAOYSA-N	C15H10O3
C1=CC=C(C=C1)C2=COC3=C(C2=O)C=CC=C3O	14626340	WRLURIZSIDLQGT-UHFFFAOYSA-N	C15H10O3
C1=CC=C2C(=C1)C(=O)/C(=C/C3=CC(=CC=C3)O)/O2	24180675	UIZTWPYADBXWKN-ZROIWOOFSA-N	C15H10O3
C1=CC=C(C=C1)[C@H]2[C@]3(O2)C4=CC=CC=C4C(=O)O3	21605583	YQDYZPHMROBRNT-ZFWWWQNUSA-N	C15H10O3
C1C=CC=C(O1)C2=CC(=O)C3=CC=CC=C3C2=O	53851677	GQGZOENGVVGRQQ-UHFFFAOYSA-N	C15H10O3
C1=CC=C(C=C1)C2C3(O2)C(=O)C4=CC=CC=C4O3	617137	QJZSOZMXXKJDMQ-UHFFFAOYSA-N	C15H10O3
CC1=CC(=O)OC2=C(C3=CC=CC=CC3=C12)C=O	102144649	ANPBCZFAVKOILB-UHFFFAOYSA-N	C15H10O3
C1=CC=C2C=C3C(=CC=C(C3=CC2=C1)C(=O)O)O	21993277	KNNRFUVYMWATAX-UHFFFAOYSA-N	C15H10O3
COC1=CC=CC2=C1C(=O)C3=CC=CC=C3C2=O	6707	CQGDBBBZCJYDRY-UHFFFAOYSA-N	C15H10O3
C=CC(=O)OC1=CC=CC2=C1C3=CC=CC=C3O2	67924968	YTYXYZGQXJPIDG-UHFFFAOYSA-N	C15H10O3
COC1=C2C(=O)C=CC=C2C(=O)C3=CC=CC=C31	71350288	VPDWXXBHIRPQNY-UHFFFAOYSA-N	C15H10O3
