C1=NC2=C(N1[C@H]3[C@@H]([C@@H]([C@H](O3)CO)O)O)N4C(N4)NC2=O	90744793	MFNLCPGXCKILJO-JJSTWVLSSA-N	C10H13N5O5
CC1C(C(OC1N2C=CC(=O)NC2=O)(CO)N=[N+]=[N-])O	90260393	QFYAWFKDVAAWTO-UHFFFAOYSA-N	C10H13N5O5
C([C@@H]1[C@H]([C@H]([C@@H](O1)C2=C3C(=NN2)C(=NC(=O)N3)N)O)O)O	9993963	NUTCNLSDCCHIKI-UOQNBVRUSA-N	C10H13N5O5
C1[C@H](C([C@](CC1(C(=O)N=[N+]=[N-])O)(C2=CC=NN2)O)O)O	150327809	GOZYBJXOZKAQAG-OAXIPICASA-N	C10H13N5O5
C(CCN)C[C@@H](C(=O)OC(N=C=O)(N=C=O)N=C=O)N	139949989	NGGNMZMJQHWSMD-QMMMGPOBSA-N	C10H13N5O5
C1=NC2C(=N)NC(=O)N=C2N1[C@H]3[C@@H]([C@@H]([C@H](O3)CO)O)O	146674837	QJQFNMWRXDJSSQ-AAXBYFMASA-N	C10H13N5O5
C1=CN2C(=NC(=NC2=O)N)N1[C@@H]3[C@@H]([C@@H]([C@@H](O3)CO)O)O	92264932	ZQUTYCUKRGSIGL-WNJXEPBRSA-N	C10H13N5O5
C1=NC2=C(N1)C(=O)N=C(N2C3[C@H]([C@@H]([C@H](O3)CO)O)O)N	141785093	VDJZKZQDSOIFAI-PTSYZVBVSA-N	C10H13N5O5
C1=NC(=C2C(=N1)N(C=N2)[C@H]3C([C@@H]([C@H](O3)CO)O)(O)O)N	129830025	XKJOPMGGRKKHMC-NVMQTXNBSA-N	C10H13N5O5
COC(C(CO)N1C=NC2=C1N=C(NC2=O)N)OC=O	136129198	WKZCCXJCKWWDES-UHFFFAOYSA-N	C10H13N5O5
CC(C)NC1=C(C=C(C=C1[N+](=O)[O-])C(=O)NN)[N+](=O)[O-]	129898199	GMJLFNWCQUVTET-UHFFFAOYSA-N	C10H13N5O5
C1=NC2=C(C(=O)N1)N=C(N2[C@H]3[C@H]([C@@H]([C@H](O3)CO)O)O)N	136244185	OBCXRIVPFSZZSN-FJFJXFQQSA-N	C10H13N5O5
C1=NC2=C(N1[C@@H]3C(C([C@@H](O3)CO)O)O)N=C(NC2=O)N	136461600	NYHBQMYGNKIUIF-RRCUJYCMSA-N	C10H13N5O5
C1=NC(=C2C(=N1)N=C(N2)OC[C@@H]3[C@H]([C@H](C(O3)O)O)O)N	10039453	YCFDERKLGDYDPW-LZGMGDPASA-N	C10H13N5O5
C1=NC2=C(N1[C@H]3[C@H]([C@H]([C@H](O3)CO)O)O)N=C(NC2=O)N	136029099	NYHBQMYGNKIUIF-GFRUICAKSA-N	C10H13N5O5
C1=NC(=C2C(=N1)N(C=N2)C3C(C(C(O3)CO)O)O)NO	277842	QROZCFCNYCVEDO-UHFFFAOYSA-N	C10H13N5O5
C1=C(C(C(C1NC2=NC=NC(=C2[N+](=O)[O-])N)O)O)CO	370153	BVQVAVFPWCWXSL-UHFFFAOYSA-N	C10H13N5O5
C1=NC2C(=NC(=O)N=C2N1[C@H]3[C@@H]([C@@H]([C@H](O3)CO)O)O)N	45045221	QJQFNMWRXDJSSQ-AAXBYFMASA-N	C10H13N5O5
C1[C@@H]([C@H](O[C@H]1N2C=NC3=C2N=C(NC3=O)N)COO)O	136168436	IPLSMNNFJNIGJX-KVQBGUIXSA-N	C10H13N5O5
CNC(=O)NC(=O)/C(=C/NCC(=O)NCC(=O)O)/C#N	56696746	KJVGPEYXNZYEJI-ZZXKWVIFSA-N	C10H13N5O5
CC1=CN(C(=O)NC1=O)[C@]2(C[C@@H]([C@H](O2)CO)O)N=[N+]=[N-]	53900206	HWOLQKJPMRZMEX-PJKMHFRUSA-N	C10H13N5O5
CNC(=O)[C@H](CCC(=O)ON1C(=O)CCC1=O)N=[N+]=[N-]	139492569	VLADTJWPSKVQOP-LURJTMIESA-N	C10H13N5O5
C1NC2=C(N1[C@H]3C(=O)[C@@H]([C@H](O3)CO)O)N=C(NC2=O)N	137178699	VTJDZGUJGMZWPZ-IDGQQZLNSA-N	C10H13N5O5
C1=NC(=C2C(=N1)N(C=[N+]2[O-])[C@H]3[C@@H]([C@@H]([C@H](O3)CO)O)O)N	67358	BPNBKNXDHVOEJJ-KQYNXXCUSA-N	C10H13N5O5
C1=NC2=NC(NC(=O)C2=N1)([C@H]3[C@H]([C@@H]([C@H](O3)CO)O)O)N	70523157	FZXJLVREHACQGU-UVUYCGCQSA-N	C10H13N5O5
C1[C@H]([C@H](O[C@@H]1N2C3=C(C(=O)NC(=N3)N)NC2=O)CO)O	136759846	HCAJQHYUCKICQH-WDCZJNDASA-N	C10H13N5O5
C1CCN(CC1)C(=O)CN2C(=NC(=N2)[N+](=O)[O-])C(=O)O	21247232	PAILNERJZULLTO-UHFFFAOYSA-N	C10H13N5O5
C1=NC(=C2C(=N1)N(C(=O)N2)C3[C@@H]([C@@H]([C@H](O3)CO)O)O)N	91038730	UEHOMUNTZPIBIL-LZGMGDPASA-N	C10H13N5O5
C=C1NC(=O)C=CN1[C@H]2[C@H](C([C@](O2)(CO)N=[N+]=[N-])O)O	122488479	BUYFDXWNRYMUEF-NKSXPTFNSA-N	C10H13N5O5
C1[C@@H]([C@H](O[C@H]1[N+]2(C=NC3=C2N=C(NC3=O)N)[O-])CO)O	141452835	XVJIOADENIUCDZ-AHKJNOPHSA-N	C10H13N5O5
C1=NC2=C(N1[C@H]3[C@@H]([C@@H]([C@@H](O3)CO)O)O)N=CN(C2=N)O	6565903	QHFLZHVITNUFMV-HGOUYRHRSA-N	C10H13N5O5
C(CO)C12C(=O)N(C(=O)NC1(NC(=O)N2)CCO)C#N	151207836	NJQLZFVSDUDAGZ-UHFFFAOYSA-N	C10H13N5O5
C1=NC2C(=NC(=O)N=C2N1C3C(C(C(O3)CO)O)O)N	74483350	QJQFNMWRXDJSSQ-UHFFFAOYSA-N	C10H13N5O5
CCOC(C1=CC=CC=C1)(OC)ON(N=[N+]=[N-])[N+](=O)[O-]	152235121	WCDAOYKXPOMKAX-UHFFFAOYSA-N	C10H13N5O5
C1[C@@H]([C@H](O[C@H]1N2C3=C(C(=O)[15NH][13C](=N3)[15NH2])NC2=O)CO)O	139025682	HCAJQHYUCKICQH-IGIGZOEWSA-N	C10H13N5O5
[3H]C1=NC2=C(N1[C@H]3[C@@H]([C@@H]([C@H](O3)C([3H])([3H])O)O)O)N=C(NC2=O)N	135596570	NYHBQMYGNKIUIF-GUUWGDIPSA-N	C10H13N5O5
COC(C1COC(=O)O1)N2CNC3=C2N=C(NC3=O)N	136445218	LKGCSLHHSNSSHN-UHFFFAOYSA-N	C10H13N5O5
C1[C@H]([C@@H](O[C@@H]1N2C=C(C(=O)NC2=O)CN=[N+]=[N-])CO)O	92022223	JKSAKMHLWMCADM-CSMHCCOUSA-N	C10H13N5O5
C1=NC2=C(N1[C@H]3[C@@H]([C@@H]([C@H](O3)CO)O)O)N=C(NC2=[17O])N	136900427	NYHBQMYGNKIUIF-KAXDHHEDSA-N	C10H13N5O5
[14CH]1=NC2=C(N1[C@H]3[C@@H]([C@@H]([C@H](O3)CO)O)O)N=C(NC2=O)N	152774347	NYHBQMYGNKIUIF-APZSIREWSA-N	C10H13N5O5
C1=NC2C(=NC(=NC2=O)N)N1[C@H]3[C@H]([C@@H]([C@H](O3)CO)O)O	77280618	TZQSUXPRDJLJIF-KQIULKRGSA-N	C10H13N5O5
C1=NC(=C2C(=N1)N(C=N2)O[C@@H]3[C@@H]([C@@H]([C@H](O3)CO)O)O)N	57468548	QWCJDHIDJGFBKT-KQYNXXCUSA-N	C10H13N5O5
CC1=CN(C(=O)NC1=O)[C@@H]2[C@H]([C@@H]([C@H](O2)CN=[N+]=[N-])O)O	11778560	NAGKXJUDUQVCRZ-JAKMQLQISA-N	C10H13N5O5
C1=NC2=C(NN=C2C(=N1)NO)[C@H]3[C@@H]([C@@H]([C@H](O3)CO)O)O	137185155	CPDRHPJWFLNFOO-KSYZLYKTSA-N	C10H13N5O5
C1=NC2=C(N1[C@H]3[C@@H]([C@@H](C(O3)CO)O)O)N=C(NC2=O)N	137506101	NYHBQMYGNKIUIF-ZTUBAOHGSA-N	C10H13N5O5
CC1=CN(C(=O)NC1=O)[C@H]2[C@@H](C[C@](O2)(CO)N=[N+]=[N-])O	152640799	ZFNAHHPUBRSUEE-YNEQXMIYSA-N	C10H13N5O5
C1=NC2=C(NN=C2C(=N)N1O)[C@H]3[C@@H]([C@@H]([C@@H](O3)CO)O)O	136911392	RQGOARVRJFOFPU-JXZMSUHUSA-N	C10H13N5O5
C1=NC2=C(N1[C@@H]3[C@H]([C@@H]([C@@H](O3)CO)O)O)C(=O)NC(=N2)N	135492390	ZUTSIPKQKRZENB-HFXAWCPLSA-N	C10H13N5O5
COC1=C(C(=C(C=C1)[N+](=O)[O-])/C=N/N=C(/N)\NO)OC	87176016	LXMRTPULSXVTAL-LFYBBSHMSA-N	C10H13N5O5
C1=NC2=C(N1[C@H]3[C@H]([C@@H]([C@H](O3)CO)O)O)N=CN(C2=N)O	12883711	QHFLZHVITNUFMV-UHTZMRCNSA-N	C10H13N5O5
C1[C@H]([C@H](OC1N2C3=C(C(=O)NC(=N3)N)NC2=O)CO)O	137226077	HCAJQHYUCKICQH-ZZKAVYKESA-N	C10H13N5O5
CC(=O)N[C@@H]1[C@H](C=C(O[C@H]1C(=O)NC)C(=O)O)N=[N+]=[N-]	9814344	GKMPYIVZHDDVTC-UIISKDMLSA-N	C10H13N5O5
CC1=CN(C(=O)NC1=O)[C@@H]2C[C@@H]([C@H](O2)CON=[N+]=[N-])O	124430493	PJWIJKPFIJBQCZ-RNJXMRFFSA-N	C10H13N5O5
C1=NN(C2=C1C(=O)NC(=N2)N)C3C(C(C(O3)CO)O)O	135441481	MJJUWOIBPREHRU-UHFFFAOYSA-N	C10H13N5O5
C1=NC2=C(N1[C@H]3[C@@H]([C@H]([C@H](O3)CO)O)O)C(=O)NC(=N2)N	135569032	ZUTSIPKQKRZENB-FTWQFJAYSA-N	C10H13N5O5
CC(=O)O.C1=CC(=CC(=C1)[N+](=O)[O-])/C=N/N=C(/N)\NO	9921847	QIALPNLCZPMUDL-OAZHBLANSA-N	C10H13N5O5
C([C@@H]1[C@H]([C@H]([C@@H](N1)C2C3=C(C(=O)NC(=O)N3)N=N2)O)O)O	135433643	FRRSALIHSHBWGF-MTUHQBNHSA-N	C10H13N5O5
C1=NC2=C(N1[C@H]3[C@@H]([C@@H]([C@@H](O3)CO)O)O)N=CN(C2=O)N	92248239	AXUQOWQSVKIYLN-HGOUYRHRSA-N	C10H13N5O5
C1[C@H]([C@H]([C@H]([C@@H](O1)NC2=NC3=C(C(=O)N2)NC=N3)O)O)O	154340329	ILFATSZOVZJBNM-UUOKFMHZSA-N	C10H13N5O5
C1=NC2=C(N1[C@H]3[C@@H]([C@@H]([C@H](O3)CO)O)O)N=CN(C2=N)O	459896	QHFLZHVITNUFMV-KQYNXXCUSA-N	C10H13N5O5
COC1=C(C(=C(C=C1)OC)[N+](=O)[O-])C=N/N=C(/N)\NO	142660064	XDBVSQHUPVQGND-UHFFFAOYSA-N	C10H13N5O5
C1=CN2C(=NC(=NC2=O)N)N1[C@H]3[C@H]([C@@H]([C@H](O3)CO)O)O	92529200	ZQUTYCUKRGSIGL-MVIOUDGNSA-N	C10H13N5O5
C1=NC2C(=O)NC(=N)N=C2N1[C@H]3[C@@H]([C@@H]([C@H](O3)CO)O)O	146681747	TZQSUXPRDJLJIF-AAXBYFMASA-N	C10H13N5O5
C1=NC2=C(N1[C@H]3[C@@H]([C@@H]([C@H](O3)CO)O)O)[15N]=[12C]([15NH]C2=O)[15NH2]	136670894	NYHBQMYGNKIUIF-DDAADHSBSA-N	C10H13N5O5
COC1=CC(=CC(=C1OC)/C=N/[N+](=C(N)N)[O-])[N+](=O)[O-]	136461685	XASRPOIHAZDNNS-WLRTZDKTSA-N	C10H13N5O5
C1=NC2=C(C(=O)N1)N=C(N2[C@H]3C(C([C@H](O3)CO)O)O)N	136431379	OBCXRIVPFSZZSN-VKJDSPIKSA-N	C10H13N5O5
C1=NC2=C(C(=O)N1)N=CN2[C@]3([C@@H]([C@@H]([C@H](O3)CO)O)O)N	140330579	DFMGDOWZPSRSDP-CRKDRTNXSA-N	C10H13N5O5
C1[C@@H]([C@@](OC1N2C=CC(=O)NC2=O)(CN=[N+]=[N-])CO)O	121429275	NZXAMWQBUYPSDV-HTLLYXPCSA-N	C10H13N5O5
CC1=CN(C(=O)NC1=O)[C@H]2C[C@@H]([C@H](O2)C(N=[N+]=[N-])O)O	54186472	PFLFJUOSUGJXSQ-WPRFRAJKSA-N	C10H13N5O5
C1=NC2=C(N1[C@H]3C([C@H]([C@H](O3)CO)O)O)N=C(NC2=O)N	136073062	NYHBQMYGNKIUIF-ACJOCUEISA-N	C10H13N5O5
C1=NC(=C2C(=N1)NN(C2=O)[C@H]3[C@@H]([C@@H]([C@H](O3)CO)O)O)N	14606904	GLQBRZYWEZZCEL-BHBWVORQSA-N	C10H13N5O5
COC1=C(C(=C(C=C1)[N+](=O)[O-])C=N/N=C(/N)\NO)OC	142660067	LXMRTPULSXVTAL-UHFFFAOYSA-N	C10H13N5O5
C1=CN(C(=O)NC1=O)[C@H]2[C@@H]([C@@H]([C@H](O2)CO)CN=[N+]=[N-])O	118465890	RTPZRVHZYXEEOB-SQEXRHODSA-N	C10H13N5O5
C1CN2C=NN=C2CN1C(=O)N[C@H](CC(=O)O)C(=O)O	81656452	GYJFBKGJYXXAEN-ZCFIWIBFSA-N	C10H13N5O5
C1C(OC(C1OO)N2C=NC3=C(N=CN=C32)N)COO	88990119	RFFCOHWGOZBJHU-UHFFFAOYSA-N	C10H13N5O5
COCC1=C(N=NN1CC(=O)N2CCNC2=O)C(=O)O	102643490	OHZBYLYUCSALEO-UHFFFAOYSA-N	C10H13N5O5
CC1(C(C(OC1N2C=CC(=NC2=O)N=[N+]=[N-])CO)O)O	151119104	MRUPHRTUDIDSRD-UHFFFAOYSA-N	C10H13N5O5
C1=NC(=C2C(=N1)N(C=N2)[C@@H]3[C@H]([C@@H]([C@@H](O3)CO)O)O)NO	676786	QROZCFCNYCVEDO-HUEBKHCJSA-N	C10H13N5O5
C1=NC2=C(NC(=O)N=C2N1[C@H]3[C@@H]([C@@H]([C@H](O3)CO)O)O)N	65085	MIKUYHXYGGJMLM-UUOKFMHZSA-N	C10H13N5O5
CC1=NN=C(O1)NC(=O)CN2CC(=O)NCC2C(=O)O	107439643	SRMRBYVJIZISSI-UHFFFAOYSA-N	C10H13N5O5
COCC(=O)N(C1=CC=CC=C1)N(C(=O)NN)[N+](=O)[O-]	153810858	ZCTPQLHZKKIXSS-UHFFFAOYSA-N	C10H13N5O5
[13CH]1=NC2=C(N1[C@H]3[C@@H]([C@@H]([C@H](O3)CO)O)O)N=C(NC2=O)N	136806183	NYHBQMYGNKIUIF-DFDRZZSPSA-N	C10H13N5O5
C1=NC2=C(N1)C(=O)N(C(=N2)N)C3[C@@H]([C@H]([C@H](O3)CO)O)O	70415407	CFOQUIOWNVKBIC-CWKJFMEPSA-N	C10H13N5O5
C1[C@@H]([C@@]([C@H](O1)CO)(N2C=NC3=C2N=C(NC3=O)N)O)O	136423400	MKYVQDNTZCXVFC-LBACSGLVSA-N	C10H13N5O5
CCOC(=O)C(=C(C)O)C=NC1=NON=C1C(=NO)N	135485255	AXUJTUOTQDKUQQ-UHFFFAOYSA-N	C10H13N5O5
CC1=C(N(C(=O)NC1=O)[C@H]2CC([C@H](O2)CO)O)N=[N+]=[N-]	136062986	IQRNCDFNCYBDAB-JXBXZBNISA-N	C10H13N5O5
C1=NC(=C2C(=N1)N(C=N2)[C@H]3[C@@H]([C@@H]([C@H](O3)CO)O)O)NO	18881	QROZCFCNYCVEDO-KQYNXXCUSA-N	C10H13N5O5
COC1=C(C=C(C=C1)NC(=N[N+](=O)[O-])N)CNC(=O)O	140982022	GAXJZISEUJCXAL-UHFFFAOYSA-N	C10H13N5O5
CC1=CN(C(=O)NC1=O)[C@H]2CC([C@](O2)(CO)N=[N+]=[N-])O	57307197	ZNPKSOLUIAAPQI-PZUJBFCGSA-N	C10H13N5O5
C1=NC2=C(N1C3[C@@H]([C@@H]([C@H](O3)CO)O)O)N=C(NC2=O)N	135514572	NYHBQMYGNKIUIF-LZGMGDPASA-N	C10H13N5O5
C1=NC2=C(N1[C@@H]3[C@@H]([C@@H]([C@@H](O3)CO)O)O)C(=O)NC(=N2)N	136842858	ZUTSIPKQKRZENB-PXMDKTAGSA-N	C10H13N5O5
C=C1C=CN(C(=O)N1)[C@H]2[C@@H]([C@@H]([C@](O2)(CO)N=[N+]=[N-])O)O	117956637	OPQLKPCDAJWMEP-IBCQBUCCSA-N	C10H13N5O5
C1=NC(=C2C(=N1)N(C=N2)[C@H]3[C@@H]([C@@H]([C@H](O3)CO)O)O)[NH2+][O-]	22793987	DPPFFWLWWBZVPL-KQYNXXCUSA-N	C10H13N5O5
CC1=CN(C(=O)NC1=O)[C@H]2[C@@H]([C@@H]([C@H](O2)CO)N=[N+]=[N-])O	509185	DVRKESVZZVYJRB-JXOAFFINSA-N	C10H13N5O5
CC1=C(C=C(C=C1N(C(=O)NN)N)[N+](=O)[O-])C(=O)OC	144196985	HTEYQSSPNXKENA-UHFFFAOYSA-N	C10H13N5O5
C1=NN(C2=NC=NC(=C21)NO)C3C(C(C(O3)CO)O)O	321716	CYDCUNDPCHVQPU-UHFFFAOYSA-N	C10H13N5O5
C1=NC2C(=NC(=NC2=O)N)N1[C@@H]3[C@H]([C@H]([C@H](O3)CO)O)O	133562874	TZQSUXPRDJLJIF-DKNAPFGQSA-N	C10H13N5O5
CC1=CN(C(=O)NC1=O)[C@H]2[C@@H]([C@H]([C@@H](O2)CO)O)N=[N+]=[N-]	44126991	JEIPQKWFUIEONT-VOQBNFLRSA-N	C10H13N5O5
CC1=C(N=NC(=N1)NC(=O)NC(CC(=O)O)C(=O)O)C	114388424	DKHMNSBAFWILGD-UHFFFAOYSA-N	C10H13N5O5
C1=NC2=C(NC(=O)N=C2N1[C@@H]3[C@@H]([C@@H]([C@@H](O3)CO)O)O)N	7073847	MIKUYHXYGGJMLM-PXMDKTAGSA-N	C10H13N5O5
C1=NC(=C2C(=N1)N(C=N2)[C@@H]3[C@H]([C@H]([C@@H](O3)CO)O)O)NO	124301204	QROZCFCNYCVEDO-DEGSGYPDSA-N	C10H13N5O5
C1=CN(C=N1)CCCNC(=O)OC2=NO[N+](=C2CO)[O-]	23196251	PAIYQZVBNOEVHS-UHFFFAOYSA-N	C10H13N5O5
C1=NC2=C(N1[C@@H]3[C@H]([C@@H]([C@@H](O3)CO)O)O)N=CN(C2=O)N	92248240	AXUQOWQSVKIYLN-HUEBKHCJSA-N	C10H13N5O5
C1=NC2=C(NC(=O)N1)N=CN2[C@H]3[C@@H]([C@@H]([C@H](O3)CO)O)O	136753301	QKKPKTZOXLDJBH-MWKIOEHESA-N	C10H13N5O5
CC(C)(C)N=[N+](C1=C(C=CC(=C1)[N+](=O)[O-])N[N+](=O)[O-])[O-]	11380541	YFNQHFXBOSVCGN-UHFFFAOYSA-N	C10H13N5O5
C[C@@H]1[C@H]([C@H]([C@@](O1)(N2C=NC3=C2N=C(NC3=O)N)O)O)O	137222922	FYMCVUMPFKQCLG-BHBWVORQSA-N	C10H13N5O5
C1C(C(OC1N2C=C(C(=O)NC2=O)CN=[N+]=[N-])CO)O	3941318	JKSAKMHLWMCADM-UHFFFAOYSA-N	C10H13N5O5
CC1=CN(C(=O)NC1=O)[C@H]2C[C@@H](C(O2)(CO)N=[N+]=[N-])O	9903892	ZNPKSOLUIAAPQI-HSNVITMPSA-N	C10H13N5O5
C1=NC2=C(C(=[15NH])N1O)[15N]=CN2[C@H]3[C@@H]([C@@H]([C@H](O3)CO)O)O	10755530	QHFLZHVITNUFMV-NATZXUBWSA-N	C10H13N5O5
CCOC(=O)C(=C(C)O)C=NC1=NON=C1/C(=N/O)/N	154803954	AXUJTUOTQDKUQQ-UHFFFAOYSA-N	C10H13N5O5
C1CN(CC(C1C(=O)O)C(=O)O)C(=O)C2=NC(=NN2)N	115918547	GYZGTJVHGJYFLL-UHFFFAOYSA-N	C10H13N5O5
C1=NC(=C2C(=N1)NN(C2=O)C3[C@@H]([C@@H]([C@H](O3)CO)O)O)N	21779249	GLQBRZYWEZZCEL-RMXRYUSWSA-N	C10H13N5O5
C1=CC(=C(C=C1C(=O)NCCOC(=O)N)NN)[N+](=O)[O-]	83215512	WVKVAEBHRNPDGW-UHFFFAOYSA-N	C10H13N5O5
C1[C@@H]([C@H](O[C@H]1N2C=C(C(=O)NC2=O)CN=[N+]=[N-])CO)O	188215	JKSAKMHLWMCADM-XLPZGREQSA-N	C10H13N5O5
C1C(CN1)N2C=C(N=N2)C(=O)NC(CC(=O)O)C(=O)O	81644629	ZXKBWGBZHOHCNK-UHFFFAOYSA-N	C10H13N5O5
CC1=CN(C(=O)NC1=O)[C@H]2C([C@@H]([C@H](O2)CO)O)N=[N+]=[N-]	129827145	JEIPQKWFUIEONT-RLKNHCSUSA-N	C10H13N5O5
C1=CN=NC(=N1)NC(=O)N[C@H](CCCC(=O)O)C(=O)O	107841313	CRIIIJITWWZKBK-ZCFIWIBFSA-N	C10H13N5O5
COC1=CC(=CC(=C1OC)/C=N/N=C(/N)\NO)[N+](=O)[O-]	10182706	HOCPRRJAYNMTRL-LFYBBSHMSA-N	C10H13N5O5
CC1=C(N=NC(=N1)NC(=O)N(CC(=O)O)CC(=O)O)C	114388433	XTROOSRTWZHAHK-UHFFFAOYSA-N	C10H13N5O5
COC(=O)C1=NC(=C(C=C1)[N+](=O)[O-])NCCNC(=O)N	114404426	ZFVUSFNXLIOXNH-UHFFFAOYSA-N	C10H13N5O5
C1=NC(=C(N1[C@H]2[C@@H]([C@H]([C@H](O2)CO)O)O)N)C(=O)C=[N+]=[N-]	57346451	IQHMIXCHRCLUID-AMCGLFBUSA-N	C10H13N5O5
C1=NC2=C(N1)C(=O)N(C(=N2)N)C3[C@H]([C@@H]([C@H](O3)CO)O)O	66603328	CFOQUIOWNVKBIC-PTSYZVBVSA-N	C10H13N5O5
CN(C)/C=C/C=C(\C#N)/C(C(=O)N)(C(=O)N)O[N+](=O)[O-]	141739923	WIYAKWUFZFGGTP-HJIKTHEYSA-N	C10H13N5O5
C1[C@@H]([C@H](O[C@]1(N2C=NC3=C2N=C(NC3=O)N)O)CO)O	136353623	KERZOWOHCQAIIW-LBACSGLVSA-N	C10H13N5O5
C1=NN(C2=NC=NC(=C21)N)O[C@@H]3[C@@H]([C@@H]([C@H](O3)CO)O)O	68905465	VWGHHTQWMBUEMW-DAGMQNCNSA-N	C10H13N5O5
C1=NC2=C(NC(=O)N=C2N1[C@@H]3[C@H]([C@H]([C@@H](O3)CO)O)O)N	1549017	MIKUYHXYGGJMLM-GIMIYPNGSA-N	C10H13N5O5
C1=NC(=C2C(=N1)N=C(N2)C(=O)[C@@H]([C@@H]([C@@H](CO)O)O)O)N	129849571	UBEMUISRTMLKJN-UYFOZJQFSA-N	C10H13N5O5
C1[C@@H]([C@@H](O[C@@H]1N2C3=C(C(=O)[15NH][13C](=N3)[15NH2])NC2=O)CO)O	137270904	HCAJQHYUCKICQH-UVCPIQDJSA-N	C10H13N5O5
C1=NC2=C(N1C3[C@@H]([C@H]([C@H](O3)CO)O)O)N=C(NC2=O)N	136259572	NYHBQMYGNKIUIF-CWKJFMEPSA-N	C10H13N5O5
CC1=CN(C(=O)N(C1=O)N=[N+]=[N-])[C@H]2CC([C@H](O2)CO)O	57128655	GVZMADLSSKDZCL-SPDVFEMOSA-N	C10H13N5O5
C1=NC2=C(N1[C@@H]3[C@@H]([C@@H]([C@@H](O3)CO)O)O)N=CN(C2=N)O	7073844	QHFLZHVITNUFMV-WDHZHIADSA-N	C10H13N5O5
C1=NC2=C(N1[C@H]3[C@@H]([C@@H]([C@H](O3)CO)O)O)N=C([15NH]C2=O)[15NH2]	135529707	NYHBQMYGNKIUIF-WAXJYJEGSA-N	C10H13N5O5
C1=CC(=C(C(=C1)[N+](=O)[O-])NN)C(=O)NCCOC(=O)N	115937275	DZIZDPSTULKIDA-UHFFFAOYSA-N	C10H13N5O5
CN1C2=NC=NN(C2=NC1=O)[C@H]3[C@@H]([C@@H]([C@H](O3)CO)O)O	102168841	FTGMTTBNCQEEAK-MWKIOEHESA-N	C10H13N5O5
C1=NC2=C(N1C3C([C@@H]([C@H](O3)CO)O)O)N=C(NC2=O)N	136200123	NYHBQMYGNKIUIF-CSXBLMGZSA-N	C10H13N5O5
C1=NC2=C(N1)C(=O)NC(=N2)NC3[C@@H]([C@H]([C@H](O3)CO)O)O	140349649	NMECJCJUEDMIJV-CWKJFMEPSA-N	C10H13N5O5
CC(C)NC1=C(C=C(C=C1[N+](=O)[O-])[N+](=O)[O-])C(=O)NN	129898057	FSQHJJDJSZJJCX-UHFFFAOYSA-N	C10H13N5O5
C1[C@@H]([C@@H]([C@H](O1)CO)O)O.C1=NC2=NC(=O)N=C2C(=N1)N	68954604	FTEQTGMPOZFYJR-HEEXEHOYSA-N	C10H13N5O5
CC1=CN(C(=O)NC1=O)C2C(C(C(O2)CO)O)N=[N+]=[N-]	14888591	JEIPQKWFUIEONT-UHFFFAOYSA-N	C10H13N5O5
C1=NC2=C(N1[C@H]3C([C@H]([C@H](O3)CO)O)O)N=[13C]([15NH]C2=O)[15NH2]	136219952	NYHBQMYGNKIUIF-YLZKFVMUSA-N	C10H13N5O5
CCOC(=O)/C(=C(\C)/O)/C=NC1=NON=C1/C(=N/O)/N	135822123	AXUJTUOTQDKUQQ-KKQLRLTISA-N	C10H13N5O5
CC1=NN=C(NC1=O)NN=C(CC(=O)OC)C(=O)OC	136262327	JOGCCRZOXWQESO-UHFFFAOYSA-N	C10H13N5O5
C1=NC2=C(NN=C2C(=N1)NO)[C@H]3[C@H]([C@@H]([C@@H](O3)CO)O)O	136795176	CPDRHPJWFLNFOO-ZQLUKILPSA-N	C10H13N5O5
C1=NC2=C(N1)C(=O)NC(=N2)N[C@H]3[C@@H]([C@@H]([C@H](O3)CO)O)O	140396793	NMECJCJUEDMIJV-UUOKFMHZSA-N	C10H13N5O5
COC(=O)CC[C@H](C(=O)O)NC(=O)NC1=NC=CN=N1	107829290	MNBAPXLZHUYQAN-ZCFIWIBFSA-N	C10H13N5O5
C1C(C(OC1N2C3=C(C(=O)NC(=N3)N)NC2=O)CO)O	135424440	HCAJQHYUCKICQH-UHFFFAOYSA-N	C10H13N5O5
C1=C(C(=CN=C1N)[N+](=O)[O-])C(=O)NCCOCC(=O)N	106241250	RVRBRFZWAJUARQ-UHFFFAOYSA-N	C10H13N5O5
C1=C(N=C2C(=O)NC(=NC2=N1)N)[C@@H]([C@H]([C@H](CO)O)O)O	137073148	MOZNRKVCZZBIHM-QTSITTDLSA-N	C10H13N5O5
C1COCC(N1C(=O)C2=CN(N=N2)CC(=O)O)C(=O)N	83095457	RIIKMDUJWHOGRZ-UHFFFAOYSA-N	C10H13N5O5
C(C1=C2C(=NN1)C(=O)NC(=O)N2)[C@@H]([C@@H](CC(=O)N)O)O	91027484	VQXHKCWDFFYZLO-CRCLSJGQSA-N	C10H13N5O5
CCOC(=O)/C(=C(/C)\O)/C=NC1=NON=C1/C(=N\O)/N	135909038	AXUJTUOTQDKUQQ-PHECCZPDSA-N	C10H13N5O5
C1=NC2=C(N1[C@H]3C(C(C(O3)CO)O)O)N=C(NC2=O)N	135699331	NYHBQMYGNKIUIF-NQQZTJEZSA-N	C10H13N5O5
C1COCC(N1C(=O)CN2C=C(N=N2)C(=O)O)C(=O)N	83095555	KKWLOWIGJPMMQI-UHFFFAOYSA-N	C10H13N5O5
C1[C@@H]([C@H](O[C@H]1N2C=C(C(=O)NC2=O)CO)CN=[N+]=[N-])O	56675008	AQOQHPBAANKLDF-XLPZGREQSA-N	C10H13N5O5
CC1=CN(C(=O)NC1=O)[C@H]2[C@H]([C@H]([C@@H](O2)CO)N=[N+]=[N-])O	453460	DVRKESVZZVYJRB-BMLSCUAFSA-N	C10H13N5O5
CN1C2=C(N=C1[N+](=O)[O-])N(C(=O)N(C2=O)CCCO)C	10265828	WDBSQCVPTFCYKO-UHFFFAOYSA-N	C10H13N5O5
C1[C@@H]([C@H](O[C@H]1N2C3=C(C(=O)NC(=N3)N)NC2=[18O])CO)O	135533221	HCAJQHYUCKICQH-CBKZYYOJSA-N	C10H13N5O5
CC(C(=O)N)N=C1N=C(C=C(N1N)C(=O)OC)C(=O)O	148566229	MVZDGPNMYOQAJU-UHFFFAOYSA-N	C10H13N5O5
C1=C(NC(=O)C2=C1N(N=N2)C3C(C(C(O3)CO)O)O)N	135436276	KFQPBOAPXUWGME-UHFFFAOYSA-N	C10H13N5O5
C1=CN2C(=NC(=NC2=O)N)N1[C@H]3[C@H](C([C@H](O3)CO)O)O	46783528	ZQUTYCUKRGSIGL-ZFGFBIEISA-N	C10H13N5O5
C1=CC(=C(C=C1[N+](=O)[O-])[N+](=O)[O-])CNCCNC(=O)N	83120741	IDTIJWDKNRJFQA-UHFFFAOYSA-N	C10H13N5O5
C1CN2C=NN=C2CN1C(=O)NC(CC(=O)O)C(=O)O	81657428	GYJFBKGJYXXAEN-UHFFFAOYSA-N	C10H13N5O5
C1=NC2=C(N1)C(=NC(=O)N2C3C(C(C(O3)CO)O)O)N	314694	SVBCHYLCFKRZQD-UHFFFAOYSA-N	C10H13N5O5
C1CN(CC(C1C(=O)O)C(=O)O)C(=O)CN2C=NN=N2	115918240	MQIQSIVZWHXOLM-UHFFFAOYSA-N	C10H13N5O5
C=C(C1=CN(C(=O)NC1=O)COC(CO)CO)N=[N+]=[N-]	3003709	BDNFCYGOLQPLTO-UHFFFAOYSA-N	C10H13N5O5
CC1=CN(C(=O)NC1=O)C2(C[C@@H]([C@H](O2)CO)N=[N+]=[N-])O	53721880	CHUVTIGIQZPGLL-HSNVITMPSA-N	C10H13N5O5
CC1=CN(C(=O)NC1=O)[C@H]2CC([C@H](O2)CO)ON=[N+]=[N-]	57292182	WSYJDFJOPVQYLZ-SPDVFEMOSA-N	C10H13N5O5
C1=NC2=C(C(=O)N1)N=CN2[C@H]3[C@]([C@@H]([C@H](O3)CO)O)(N)O	150723026	JQGCXDKWQWCUTA-GIWSHQQXSA-N	C10H13N5O5
C1[C@H]([C@H]([C@@H](C(O1)C2=NC3=NC(=O)NC(=C3N2)N)O)O)O	129664503	KNUNAWIXIRZRLK-QQOIJDAESA-N	C10H13N5O5
C1=NC(=C2C(=O)NN(C2=N1)[C@H]3[C@@H]([C@@H]([C@H](O3)CO)O)O)N	14606902	IEZYPFZIJPBGGL-BHBWVORQSA-N	C10H13N5O5
C1=NC2=C(NN=C2C(=N)N1O)[C@H]3[C@@H]([C@@H]([C@H](O3)CO)O)O	135713044	RQGOARVRJFOFPU-KSYZLYKTSA-N	C10H13N5O5
C1=NN(C2=C1C(=O)NC(=N2)N)[C@H]3[C@@H]([C@@H]([C@H](O3)CO)O)O	135538689	MJJUWOIBPREHRU-MWKIOEHESA-N	C10H13N5O5
C1=CC(=C(C=C1[N+](=O)[O-])[N+](=O)[O-])NCCCNC(=O)N	154162823	FAGOWEJTXIIKEQ-UHFFFAOYSA-N	C10H13N5O5
C1=NC(=O)C2(C(=N1)N(C=N2)[C@H]3[C@@H]([C@@H]([C@H](O3)CO)O)O)N	151622089	QOSMJMFMPOAYRS-DKZDHXMOSA-N	C10H13N5O5
[13CH]1=N[13C]2=[13C](N1[13C@H]3[13C@@H]([13C@@H]([13C@H](O3)[13CH2]O)O)O)N=[13C](N[13C]2=O)N	137103576	NYHBQMYGNKIUIF-QICGSPFCSA-N	C10H13N5O5
C1=NC2=C(NC(=O)N=C2N1C3C(C(C(O3)CO)O)O)N	223996	MIKUYHXYGGJMLM-UHFFFAOYSA-N	C10H13N5O5
C1=NC2=C(N1[C@H]3[C@H]([C@H]([C@H](O3)CO)O)O)N=CN(C2=N)O	92755071	QHFLZHVITNUFMV-XJCFNFQFSA-N	C10H13N5O5
CC1=C(NC(=O)NC1=O)C2C[C@@H]([C@](O2)(CO)N=[N+]=[N-])O	89824834	LTQIUWWXWAVJLP-JLNKEKPVSA-N	C10H13N5O5
C1=NC2=C(N1)C(=O)N(C(=N2)N)[C@H]3[C@@H]([C@@H]([C@H](O3)CO)O)O	70236160	CFOQUIOWNVKBIC-UUOKFMHZSA-N	C10H13N5O5
C1=CC(=C(C=C1[N+](=O)[O-])C(=O)NCCOC(=O)N)NN	83215123	MGTJIJKKWPFMAT-UHFFFAOYSA-N	C10H13N5O5
CC1=CN(C(=O)NC1=O)C2CC([C@](O2)(CO)N=[N+]=[N-])O	146156886	ZNPKSOLUIAAPQI-HNQUHTCLSA-N	C10H13N5O5
C1=NC(=C2C(=N1)N(C=N2)[C@H]3C(C([C@H](O3)CO)O)O)NO	57092083	QROZCFCNYCVEDO-DGPXGRDGSA-N	C10H13N5O5
C1=NC2=C(N1[C@H]3[C@H]([C@@H]([C@@H](O3)CO)O)O)N=CN(C2=O)N	92248241	AXUQOWQSVKIYLN-PERBPWGJSA-N	C10H13N5O5
CNC1=C(C(=NC=N1)OC2CCN(C2)C(=O)O)[N+](=O)[O-]	90158190	OMNMFHXMXSGJCS-UHFFFAOYSA-N	C10H13N5O5
C1COC(=O)C(C(=O)N1)C2(COCCNC2=O)N=[N+]=[N-]	150761494	JXXUDKTUTFNMQR-UHFFFAOYSA-N	C10H13N5O5
C1=NC(=C2C(=N1)N(C=N2)C(=O)[C@@H]([C@@H]([C@@H](CO)O)O)O)N	91289162	YGHCFVSHIQHMKN-QPPQHZFASA-N	C10H13N5O5
C1CC(=O)N(C1CO)C2(CCN(C2=O)N=[N+]=[N-])C(=O)O	151633627	QRARPHKGQZNDQY-UHFFFAOYSA-N	C10H13N5O5
COC1=NC=NC(=C1[N+](=O)[O-])N2CCC(C2)(C(=O)O)N	107325156	ROBRLMPQRRNJAH-UHFFFAOYSA-N	C10H13N5O5
C1=NC2=C(N1[C@@H]3[C@H]([C@@H]([C@H](O3)CO)O)O)N=C(NC2=O)N	135823787	NYHBQMYGNKIUIF-ICKFSKTQSA-N	C10H13N5O5
CN1C2=C(C(=O)NC1=O)N(C(=N2)NCCO)CC(=O)O	3280585	VCPWYPAINJVWKC-UHFFFAOYSA-N	C10H13N5O5
C1=NC2=C([15N]1[C@H]3[C@@H]([C@@H]([C@H](O3)CO)O)O)N=C(NC2=O)N	136806185	NYHBQMYGNKIUIF-RNMKSKFCSA-N	C10H13N5O5
COC(N(CO)N=[N+]=[N-])([N+](=O)[O-])OCC1=CC=CC=C1	151716562	RHRMNVWXJXHYDT-UHFFFAOYSA-N	C10H13N5O5
C1=NC2=C(NN=C2C(=N1)NO)[C@@H]3[C@@H]([C@@H]([C@@H](O3)CO)O)O	136795173	CPDRHPJWFLNFOO-DGRLJHMASA-N	C10H13N5O5
C1=NC2=C(N1[C@H]3[C@@H]([C@@H]([C@@H](O3)CO)O)O)N=C(NC2=O)N	135726185	NYHBQMYGNKIUIF-HAVMAKPUSA-N	C10H13N5O5
CC1=CN(C(=O)NC1=O)[C@H]2C(C([C@H](O2)CO)N=[N+]=[N-])O	57228271	DVRKESVZZVYJRB-SZDPNDIZSA-N	C10H13N5O5
CCOC(=O)C(=[N+]=[N-])C(=O)C(C(C)OC(=O)C)N=[N+]=[N-]	101254685	DEXCJLZLYFZDCE-UHFFFAOYSA-N	C10H13N5O5
CC1=CN(C(=O)NC1=O)[C@H]2[C@H](C([C@H](O2)CO)N=[N+]=[N-])O	122110	DVRKESVZZVYJRB-AOXOCZDOSA-N	C10H13N5O5
COC1=C(C=C(C(=C1)C=N/N=C(\N)/NO)[N+](=O)[O-])OC	9605136	IGMXRLVBSFUXRH-UHFFFAOYSA-N	C10H13N5O5
C1=NC2=C(N1[C@@H]3[C@@H]([C@H]([C@H](O3)CO)O)O)N=C(NC2=O)N	135440077	NYHBQMYGNKIUIF-ZUAPJGPHSA-N	C10H13N5O5
C1=NC2=C(N1C3[C@@H]([C@@H]([C@H](O3)CO)O)O)C(=O)NN=C2N	24882304	GAGANCWLXBDDLP-VCGKEZLESA-N	C10H13N5O5
COC1=NC=NC(=C1[N+](=O)[O-])N2CCNCC2C(=O)O	80135391	UHYHQZUBIHWDOW-UHFFFAOYSA-N	C10H13N5O5
COC1=C(C(=C(C=C1)OC)[N+](=O)[O-])/C=N/N=C(/N)\NO	10226174	XDBVSQHUPVQGND-LFYBBSHMSA-N	C10H13N5O5
C1=CN2C(=NC(=NC2=O)N)N1[C@H]3C(C([C@H](O3)CO)O)O	142049301	ZQUTYCUKRGSIGL-WMXYBCMPSA-N	C10H13N5O5
C1=NC2=C(N1C3[C@H]([C@@H]([C@H](O3)CO)O)O)N=C(NC2=O)N	135796591	NYHBQMYGNKIUIF-PTSYZVBVSA-N	C10H13N5O5
COC1=NC=NC2=C1N=NN2[C@H]3[C@@H]([C@@H]([C@H](O3)CO)O)O	21140443	KAJPRVFYQRAZFP-KQYNXXCUSA-N	C10H13N5O5
CCOC(=O)CC(=NNC(=O)C1=C(NC=N1)[N+](=O)[O-])C	135532093	VXXZUOUKQRLWKQ-UHFFFAOYSA-N	C10H13N5O5
C([C@@H]1[C@H]([C@@H]([C@@H](O1)C2=NC3=C(N2)C(=O)NC(=N3)N)O)O)O	136403322	KAZAULXWPMJHBT-DWHNIHCWSA-N	C10H13N5O5
C1=NC2=C(N1[C@@H]3[C@H]([C@H]([C@H](O3)CO)O)O)N=C(NC2=O)N	135976484	NYHBQMYGNKIUIF-KHLHZJAASA-N	C10H13N5O5
C1=C(C=NC(=C1C(=O)NCCOCC(=O)N)N)[N+](=O)[O-]	104592176	YPUCZGRGFAUOSZ-UHFFFAOYSA-N	C10H13N5O5
C1=NN(C2=C1C(=O)NC(=N2)N)C3[C@@H]([C@@H]([C@H](O3)CO)O)O	135499773	MJJUWOIBPREHRU-IAHXAJBFSA-N	C10H13N5O5
C1=CN2C(=NC(=NC2=O)N)N1[C@@H]3[C@H]([C@H]([C@@H](O3)CO)O)O	100683	ZQUTYCUKRGSIGL-AXMZGBSTSA-N	C10H13N5O5
C1[C@@H]([C@@H]([C@@H](C(O1)C2=NC3=C(N2)C(=O)NC(=N3)N)O)O)O	136381943	ILQXMLHDMGSEDM-BCKRZHKSSA-N	C10H13N5O5
CC1=NN=C(NC1=O)N/N=C(\CC(=O)OC)/C(=O)OC	136032799	JOGCCRZOXWQESO-AWNIVKPZSA-N	C10H13N5O5
C1COCCN1C(=O)CNC(=O)C2=C(C=NN2)[N+](=O)[O-]	550946	YPAGTFVGYJRJGB-UHFFFAOYSA-N	C10H13N5O5
C1=NN(C2=NC=NC(=C21)NO)C3[C@@H]([C@@H]([C@H](O3)CO)O)O	46873863	CYDCUNDPCHVQPU-FQKWXIQFSA-N	C10H13N5O5
C1=C2C(=NC(=N1)N)N(C(=O)O2)[C@H]3[C@@H]([C@@H]([C@H](O3)CN)O)O	70667373	LHCUCYYPWDLWBL-ZIYNGMLESA-N	C10H13N5O5
C1=NC2=C(C(=O)N1)N=C(N2[C@@H]3[C@@H]([C@@H]([C@@H](O3)CO)O)O)N	136842760	OBCXRIVPFSZZSN-PXMDKTAGSA-N	C10H13N5O5
CN1C2=C(C(=O)N(C1=O)C)N(C=N2)CCCO[N+](=O)[O-]	89331160	NIFKSSKRDBMIII-UHFFFAOYSA-N	C10H13N5O5
C1=NC(=C2C(=N1)N(C=N2)[C@H]3[C@@H]([C@@H]([C@](O3)(CO)O)O)O)N	147710189	GUNYHUJSXRHHKG-MLTZYSBQSA-N	C10H13N5O5
COC1=CC(=C(C=C1)C2=NC(=NN2)N)OC.[N+](=O)(O)[O-]	51052002	JTTRGAFKCFSPKS-UHFFFAOYSA-N	C10H13N5O5
C1=NC(=C2C(=N1)N(C=N2)OC3C(C(C(O3)CO)O)O)N	21983488	QWCJDHIDJGFBKT-UHFFFAOYSA-N	C10H13N5O5
C1=C(N=C2C(=O)NC(=NC2=N1)N)[C@H]([C@H]([C@@H](CO)O)O)O	136806585	MOZNRKVCZZBIHM-QXRNQMCJSA-N	C10H13N5O5
C1=CC(=C(C=C1C(=O)NCCOC(=O)N)[N+](=O)[O-])NN	83214951	LYDURKDXNLGCSA-UHFFFAOYSA-N	C10H13N5O5
C1C(C(OC1N2C=C(C(=O)NC2=O)CO)CO)N=[N+]=[N-]	373405	RWWCQPDOGNVOKZ-UHFFFAOYSA-N	C10H13N5O5
C1=NC2=C(N1[C@@H]3[C@@H]([C@@H]([C@@H](O3)CO)O)O)N=CN(C2=O)N	92248238	AXUQOWQSVKIYLN-WDHZHIADSA-N	C10H13N5O5
C1=NC2=C(NN=C2C(=N)N1O)[C@@H]3[C@@H]([C@@H]([C@@H](O3)CO)O)O	136911391	RQGOARVRJFOFPU-DGRLJHMASA-N	C10H13N5O5
C1[C@@H]([C@H](O[C@H]1N2C=NC34C2(O3)N=C(NC4=O)N)CO)O	102572804	KZAGVWNRIHSKDQ-OYZVGGFNSA-N	C10H13N5O5
C1=NC2=C(N1)C(=O)N(C(=N2)N)[C@@H]3[C@H]([C@H]([C@H](O3)CO)O)O	53718480	CFOQUIOWNVKBIC-KHLHZJAASA-N	C10H13N5O5
C1=NC2=C(NC(=O)N=C2N1[C@H]3[C@H]([C@@H]([C@H](O3)CO)O)O)N	25886830	MIKUYHXYGGJMLM-FJFJXFQQSA-N	C10H13N5O5
COC(=O)CNC(=O)N1CC(C1)N2C=C(N=N2)C(=O)O	79311983	AMUDJHYWJBWRFP-UHFFFAOYSA-N	C10H13N5O5
C1[C@H]([C@H]([C@@H](C(O1)NC2=NC3=C(C(=O)N2)NC=N3)O)O)O	137234541	ILFATSZOVZJBNM-PTSYZVBVSA-N	C10H13N5O5
CC(C(=O)NN)N1C(=O)N2CC=CC(N2C1=O)C(=O)O	70059716	AXVKERXHNAUBQZ-UHFFFAOYSA-N	C10H13N5O5
C1=NC(=C2C(=N1)N(C=N2)O[C@H]3[C@@H]([C@@H]([C@H](O3)CO)O)O)N	122528055	QWCJDHIDJGFBKT-CRKDRTNXSA-N	C10H13N5O5
C1=NC2=C(N1[C@H]3C(C([C@H](O3)CO)O)O)N=C(NC2=O)N	136019960	NYHBQMYGNKIUIF-VKJDSPIKSA-N	C10H13N5O5
CN1C=C(C(=N1)N2CCNC(=O)C2CC(=O)O)[N+](=O)[O-]	103079333	USZNQPVXZBYJBL-UHFFFAOYSA-N	C10H13N5O5
C1=NC2=C(N1[C@@H]3[C@H]([C@@H]([C@H](O3)CO)O)O)N=CN(C2=N)O	10612946	QHFLZHVITNUFMV-KMPDEGCQSA-N	C10H13N5O5
C[C@]1([C@@H](C(O[C@H]1N2C=NC3=C2N=C(NC3=O)N)O)O)O	136437762	MIZNUHGWWBPQHJ-VKOKWGHDSA-N	C10H13N5O5
C1=NC2C(=NC(=NC2=O)N)N1C3[C@@H]([C@@H]([C@H](O3)CO)O)O	135121947	TZQSUXPRDJLJIF-BWPCUGTBSA-N	C10H13N5O5
C1=NC2=C(NN=C2C(=N)N1O)[C@@H]3[C@H]([C@@H]([C@@H](O3)CO)O)O	136911393	RQGOARVRJFOFPU-PQZFFIDOSA-N	C10H13N5O5
C([C@H]1[C@@H]([C@@H]([C@H](O1)C2=NC3=C(N2)C(=O)NC(=N3)N)O)O)O	136128667	KAZAULXWPMJHBT-RARCZQNLSA-N	C10H13N5O5
[2H]C1=NC2=C(N1C3C(C(C(O3)CO)O)O)N=C(NC2=O)N	154716721	NYHBQMYGNKIUIF-VMNATFBRSA-N	C10H13N5O5
C1CN(CCC1NC(=O)C2=NN(C=C2)[N+](=O)[O-])C(=O)O	150858385	KRMCSCHPVWHZOZ-UHFFFAOYSA-N	C10H13N5O5
C1=CN2C(=NC(=NC2=O)N)N1C3C(C(C(O3)CO)O)O	335399	ZQUTYCUKRGSIGL-UHFFFAOYSA-N	C10H13N5O5
C([C@@H]1[C@@H]([C@@H]([C@@H](N1)C2=C3C(=NN2)C(=O)NC(=O)N3)O)O)O	10221414	LRIISQXNVPQDCQ-OZVNSVDRSA-N	C10H13N5O5
[13CH]1=[15N][13C]2=[13C]([15N]1[13C@H]3[13C@@H]([13C@@H]([13C@H](O3)[13CH2]O)O)O)[15N]=[13C]([15NH][13C]2=O)[15NH2]	137143419	NYHBQMYGNKIUIF-QHVCJGJZSA-N	C10H13N5O5
C1=NC2=C(C(=O)N1)N=C(N2[C@H]3[C@@H]([C@@H]([C@H](O3)CO)O)O)N	136266908	OBCXRIVPFSZZSN-UUOKFMHZSA-N	C10H13N5O5
C1=NC(=C2C(=N1)N(C(=O)N2)[C@H]3C([C@H]([C@H](O3)CO)O)O)N	92132132	UEHOMUNTZPIBIL-ACJOCUEISA-N	C10H13N5O5
C1[C@@H]([C@H](O[C@H]1N2C=NC3(C2=NC(=NC3=O)N)O)CO)O	122377825	BEEHKZRWANCAOM-JKGXRCIZSA-N	C10H13N5O5
C1=C(NC(=C1)C(=O)N=C(N)N)C(=O)N[C@@H](CO)C(=O)O	102260586	GTZYGUXJHWFQPD-LURJTMIESA-N	C10H13N5O5
C1=NC2=C(N1C3[C@H]([C@H](C(O3)CO)O)O)N=C(NC2=O)N	136474462	NYHBQMYGNKIUIF-YWPKWXRUSA-N	C10H13N5O5
C1[C@@H]([C@H](O[C@H]1[15N]2C3=C(C(=O)[15NH]C(=[15N]3)[15NH2])[15NH]C2=O)CO)O	136723262	HCAJQHYUCKICQH-JPVJISKASA-N	C10H13N5O5
C1=NC(=C2C(=N1)N(C=N2)O[C@H]3[C@H]([C@@H]([C@H](O3)CO)O)O)N	18596113	QWCJDHIDJGFBKT-KMPDEGCQSA-N	C10H13N5O5
CC1=CN(C(=O)NC1=O)[C@H]2[C@@H]([C@@H]([C@H](O2)CO)O)N=[N+]=[N-]	70700658	JEIPQKWFUIEONT-JXOAFFINSA-N	C10H13N5O5
C1=NC2=C(N1[C@H]3[C@@H]([C@H]([C@H](O3)CO)O)O)N=C(NC2=O)N	135546397	NYHBQMYGNKIUIF-FTWQFJAYSA-N	C10H13N5O5
CCC1=C(C(=NN1N2CC(C2)C(=O)O)C(=O)N)[N+](=O)[O-]	69431279	SXLBNDZYXVVCMH-UHFFFAOYSA-N	C10H13N5O5
C1C(C(C(O1)CO)O)(N2C=NC3=C2N=C(NC3=O)N)O	153216868	WMWQDPCMKHAPGH-UHFFFAOYSA-N	C10H13N5O5
C1=NC(=N)C2=C(N1COC(CO)CO)NC(=O)NC2=O	146905128	JRPPXZJJQYZHIZ-UHFFFAOYSA-N	C10H13N5O5
CC1=NC(=NO1)CNC(=O)N2CC(=O)NCC2C(=O)O	106402812	UZNUYYWJKPJXPG-UHFFFAOYSA-N	C10H13N5O5
C1=NC(=C2C(=N1)N(C=N2)[C@]3([C@@H]([C@@H]([C@H](O3)CO)O)O)O)N	69283510	WSCVVWLBZOWJDK-KQYNXXCUSA-N	C10H13N5O5
CC1=NC(=O)N(C=C1)[C@H]2[C@@H]([C@H]([C@](O2)(CO)N=[N+]=[N-])O)O	117680549	PCUVOGJXZBIGAJ-FDDDBJFASA-N	C10H13N5O5
C1=NC2=C(N1[C@@H]3[C@H]([C@@H]([C@@H](O3)CO)O)O)N=CN(C2=N)O	7073845	QHFLZHVITNUFMV-HUEBKHCJSA-N	C10H13N5O5
CC1=CN(C(=O)N(C1=O)N=[N+]=[N-])[C@H]2C(C[C@H](O2)CO)O	67854351	DTZYBJHBHQOMLQ-JFOAVASISA-N	C10H13N5O5
CC1=CN(C(=O)NC1=O)[C@]2(CC([C@H](O2)CO)O)N=[N+]=[N-]	57237400	HWOLQKJPMRZMEX-XUQLKEEQSA-N	C10H13N5O5
C1=NC(=C2C(=N1)N(C=N2)[C@H]3C(C([C@H](O3)CO)O)OO)N	87770436	XRCYYPBCZJDHLX-DGPXGRDGSA-N	C10H13N5O5
C1=NC2C(=NC(=NC2=O)N)N1[C@H]3C(C([C@H](O3)CO)O)O	91328121	TZQSUXPRDJLJIF-JONOSGNGSA-N	C10H13N5O5
C1[C@@H]([C@@]([C@H](O1)CO)(N2C=NC3=C(NC(=O)N=C32)N)O)O	69503875	WBGHOGAJFZFYAK-LBACSGLVSA-N	C10H13N5O5
CC1=CN(C(=O)NC1=O)[C@H]2C[C@@H]([C@H](O2)CON=[N+]=[N-])O	44630569	PJWIJKPFIJBQCZ-XLPZGREQSA-N	C10H13N5O5
C1[C@@H](O[C@@H](C1O)CO)N2C3=C(C(=O)NC(=N3)N)NC2=O	135433642	HCAJQHYUCKICQH-YZNZAMEGSA-N	C10H13N5O5
C1C(C(OC1N2C3=NC(=NC(=O)C3NC2=O)N)CO)O	91758117	RQVOCURTSMLVMU-UHFFFAOYSA-N	C10H13N5O5
C1[C@H]([C@@H]([C@@](O1)(CO)N2C(=O)C3=C(N=CN3)N=C2N)O)O	57129337	SLDQJEGVGMRTPM-LXFXRRTQSA-N	C10H13N5O5
COC[C@@H]1[C@H]([C@H]([C@@H](O1)N2C=CC(=O)NC2=O)N=[N+]=[N-])O	45102050	PRWSUKVOKKWGCE-ZOQUXTDFSA-N	C10H13N5O5
C1=NC2=C(NC(=O)N=C2N1C3[C@@H]([C@@H]([C@H](O3)CO)O)O)N	46877038	MIKUYHXYGGJMLM-LZGMGDPASA-N	C10H13N5O5
C1=NC2=C(N1C3C(C(C(O3)CO)O)O)N=C(NC2=O)N	135402034	NYHBQMYGNKIUIF-UHFFFAOYSA-N	C10H13N5O5
CN(C)C(=O)NN(C)C1=C(C=C(C=C1)[N+](=O)[O-])[N+](=O)[O-]	71384532	TZGBKYRTESWMBI-UHFFFAOYSA-N	C10H13N5O5
C1=NC2C(=NC(=NC2=O)N)N1[C@@H]3[C@H]([C@H]([C@@H](O3)CO)O)O	91668485	TZQSUXPRDJLJIF-PICDTHQDSA-N	C10H13N5O5
C1=NC2=C(N1[C@H]3[C@@H]([C@H]([C@H](O3)CO)O)O)N=CN(C2=N)O	12883712	QHFLZHVITNUFMV-GAWUUDPSSA-N	C10H13N5O5
CC(=O)CC(=O)NC(C(=O)CC(=O)N=[N+]=[N-])NC(=O)C	152180329	VRCYBAZLPKHHGJ-UHFFFAOYSA-N	C10H13N5O5
C[C@]1([C@@H]([C@H](O[C@H]1N2C=CC(=O)NC2=O)CO)O)N=[N+]=[N-]	66563233	OPASBZKHYJAQKX-VPCXQMTMSA-N	C10H13N5O5
C1=NC2=C(N1[C@H]3[C@@H]([C@@H]([C@H](O3)CO)O)O)N=C(NC2=[18O])N	135499776	NYHBQMYGNKIUIF-HICULSAYSA-N	C10H13N5O5
C1=C(NC2=C(C1=O)N=NN2C3C(C(C(O3)CO)O)O)N	135488757	YJZVQQKTAZGZMF-UHFFFAOYSA-N	C10H13N5O5
C1[C@H]([C@H]([C@H]([C@@H](O1)N2C=NC3=C2N=C(NC3=O)N)O)O)O	136099021	VDCSDPLTVLHWGL-UUOKFMHZSA-N	C10H13N5O5
C1=NC2=C(N1[C@H]3[C@H](C([C@@H](O3)CO)O)O)N=C(NC2=O)N	136263240	NYHBQMYGNKIUIF-PTZSOUEWSA-N	C10H13N5O5
C1=NC(=C2C(=N1)N(C=N2)O[C@@H]3[C@H]([C@@H]([C@H](O3)CO)O)O)N	21307585	QWCJDHIDJGFBKT-UHTZMRCNSA-N	C10H13N5O5
C1=NC2=C(N1[C@H]3[C@H]([C@H]([C@H](O3)CO)O)O)C(=O)NC(=N2)N	137066757	ZUTSIPKQKRZENB-GFRUICAKSA-N	C10H13N5O5
C1=C(NC2=C(C1=O)N=NN2[C@H]3[C@@H]([C@@H]([C@H](O3)CO)O)O)N	135750119	YJZVQQKTAZGZMF-GUJHRGIASA-N	C10H13N5O5
COC1=CC(=CC(=C1OC)C=NN=C(N)NO)[N+](=O)[O-]	72974636	HOCPRRJAYNMTRL-UHFFFAOYSA-N	C10H13N5O5
C1[C@H](NC1=O)C(=O)NCC(CN2C=CN=C2[N+](=O)[O-])O	102361035	WYUGZHSETGTOTI-MLWJPKLSSA-N	C10H13N5O5
C(C#N)C1=NN(N=C1C(=O)N)C2C(C(C(O2)CO)O)O	338415	XNJMRGYHHUDSMD-UHFFFAOYSA-N	C10H13N5O5
C1[C@@H](C(O[C@H]1N2C3=C(C(=O)NC(=N3)N)NC2=O)CO)O	136188731	HCAJQHYUCKICQH-LJJLCWGRSA-N	C10H13N5O5
C[C@@]1([C@@H](O[C@@H](C1O)CO)N2C=CC(=O)NC2=O)N=[N+]=[N-]	118019420	OPASBZKHYJAQKX-KXXXRASPSA-N	C10H13N5O5
C1=NC2=C(NN=C2C(=N)N1O)[C@H]3[C@H]([C@@H]([C@@H](O3)CO)O)O	136911394	RQGOARVRJFOFPU-ZQLUKILPSA-N	C10H13N5O5
C1[C@H]([C@@H](O[C@@H]1N2C3=C(C(=O)NC(=N3)N)NC2=O)CO)O	136785522	HCAJQHYUCKICQH-WISUUJSJSA-N	C10H13N5O5
CCN1C(=C(C=N1)C(=O)N=[N+]=[N-])OC(C)OC(=O)OC	150788007	KDGGSEASBPZTLQ-UHFFFAOYSA-N	C10H13N5O5
C1=CN2C(=NC(=NC2=O)N)N1[C@H]3[C@H]([C@H]([C@H](O3)CO)O)O	93481381	ZQUTYCUKRGSIGL-JRTVQGFMSA-N	C10H13N5O5
C1=NC2=C(N1C3[C@@H]([C@@H](C(O3)CO)O)O)N=C(NC2=O)N	136032217	NYHBQMYGNKIUIF-JZHOGBEXSA-N	C10H13N5O5
CC1=CN(C(=O)NC1=O)C2CC(C(O2)(CO)N=[N+]=[N-])O	110194722	ZNPKSOLUIAAPQI-UHFFFAOYSA-N	C10H13N5O5
C1C(C(CN1C2=NC(=C(C=C2)[N+](=O)[O-])/C(=N\O)/N)O)O	136766531	UHDRPPZYCLIEMA-UHFFFAOYSA-N	C10H13N5O5
C1=NC2=C(N1C3C(C([C@H](O3)CO)O)O)N=C(NC2=O)N	148716845	NYHBQMYGNKIUIF-VDYPOUGJSA-N	C10H13N5O5
COC(=O)N1CCN(C(C1)C(=O)O)C(=O)/C=C/N=[N+]=[N-]	151033113	MAMHJMICWHZEEE-NSCUHMNNSA-N	C10H13N5O5
C1=NN(C2=C1C(=O)NC(=N2)N)[C@H]3C(C([C@H](O3)CO)O)O	148494442	MJJUWOIBPREHRU-KVWPOIPWSA-N	C10H13N5O5
C1=NC(=C2C(=N1)N(C=N2)[C@H]3C(OC([C@H](O3)CO)O)O)N	6480473	ABOXPSSRZNCEGT-VNZYXVSOSA-N	C10H13N5O5
C1=NC2=C(N1[C@H]3[C@@H]([C@@H]([C@H](O3)CO)O)O)N=CN(C2=O)N	21791820	AXUQOWQSVKIYLN-KQYNXXCUSA-N	C10H13N5O5
CCC(=O)OCNC(=O)NNC1=NC=C(C=C1)[N+](=O)[O-]	4543796	LSTXAQFRQDECML-UHFFFAOYSA-N	C10H13N5O5
CNC1=NC(=NC=C1[N+](=O)[O-])OOC(=O)N2CCCC2	151968071	UABXKZNEVMHMTF-UHFFFAOYSA-N	C10H13N5O5
C1=NC(=O)C2C(=N1)N(C(=N2)N)C3C(C(C(O3)CO)O)O	77716020	ZZGJHKTUZCJAMO-UHFFFAOYSA-N	C10H13N5O5
C1=NC2=C(N1[C@H]3[C@@H]([C@@H]([C@H](O3)CO)O)O)N=C(NC2=O)N	135398635	NYHBQMYGNKIUIF-UUOKFMHZSA-N	C10H13N5O5
C1=NNC2=C1C(=NC(=O)N2[C@H]3[C@@H]([C@@H]([C@H](O3)CO)O)O)N	15172571	BMNIQXQOKYNHEW-MWKIOEHESA-N	C10H13N5O5
C1CC(=O)N(C1=O)OC(=O)CCN=NC(=O)CCN=N	129235100	TZXQEEUCDPHBJO-UHFFFAOYSA-N	C10H13N5O5
C1=NC(=C2C(=N1)N(C=N2)C3[C@H]([C@@H]([C@H](O3)C(O)O)O)O)N	46874115	AHPAXCFPGIYLKV-UPIJRKGPSA-N	C10H13N5O5
COC1=CN(C(=O)NC1=O)[C@H]2C[C@@H]([C@H](O2)CO)N=[N+]=[N-]	451393	FAAWHRBQBGUHAV-UIISKDMLSA-N	C10H13N5O5
C1=NC(=C2C(=N1)N(C=N2)[C@@H]3[C@@H]([C@H]([C@@H](O3)CO)O)O)NO	124363253	QROZCFCNYCVEDO-CMEPRQAFSA-N	C10H13N5O5
C1=NC2=C(N1)C(=O)NC(=N2)NC3[C@@H]([C@@H]([C@H](O3)CO)O)O	137224572	NMECJCJUEDMIJV-LZGMGDPASA-N	C10H13N5O5
C1=NC(=C2C(=N1)N(C=N2)O[C@@H]3[C@@H]([C@H]([C@H](O3)CO)O)O)N	71226077	QWCJDHIDJGFBKT-GAWUUDPSSA-N	C10H13N5O5
C1=NC2=C(N1[C@H]3[C@H]([C@@H]([C@@H](O3)CO)O)O)N=C(NC2=O)N	135768162	NYHBQMYGNKIUIF-FULWYAMNSA-N	C10H13N5O5
CC1=CN(C(=O)NC1=O)[C@@H]2C[C@@H]([C@@](O2)(CO)N=[N+]=[N-])O	124389251	ZNPKSOLUIAAPQI-BYULHYEWSA-N	C10H13N5O5
CC1([C@@H]([C@H](O[C@H]1N2C=CC(=O)NC2=O)CO)O)N=[N+]=[N-]	146671746	OPASBZKHYJAQKX-NCYAXNGYSA-N	C10H13N5O5
CC1=NC(=NO1)C2=NN(C=N2)[C@H]3C(C([C@H](O3)CO)O)O	147676858	GOINKTSVOLFEDZ-VBRPXKDXSA-N	C10H13N5O5
C1=NC(=C2C(=N1)N(C(=O)N2)C3C(C(C(O3)CO)O)O)N	259814	UEHOMUNTZPIBIL-UHFFFAOYSA-N	C10H13N5O5
[2H]C([2H])([C@@H]1[C@H]([C@H]([C@@H](O1)N2C=NC3=C2N=C(NC3=O)N)O)O)O	136623055	NYHBQMYGNKIUIF-IVOUXCMWSA-N	C10H13N5O5
COC(=O)NC(=O)CN1CC(C1)N2C=C(N=N2)C(=O)O	79310941	VBKFYZPNISFFBP-UHFFFAOYSA-N	C10H13N5O5
C[C@]1([C@@H](C(O[C@H]1C2=C3C(=NN2)C(=O)NC(=N3)N)O)O)O	136629412	ZHMDDHJMAHOVTH-RTBIVUEKSA-N	C10H13N5O5
CC1=CN(C(=O)NC1=O)[C@]2([C@@H](C[C@H](O2)CO)O)N=[N+]=[N-]	151720878	RINZRMXVFYSKKY-PJKMHFRUSA-N	C10H13N5O5
CO[C@@H]1[C@@H]([C@H](O[C@H]1N2C=CC(=O)NC2=O)CN=[N+]=[N-])O	15870446	QQTLIVFPXXFWEK-ZOQUXTDFSA-N	C10H13N5O5
C1=NC2=C(N1C3C(C(C(O3)CO)O)O)N=CN(C2=O)N	274084	AXUQOWQSVKIYLN-UHFFFAOYSA-N	C10H13N5O5
C1[C@@H](O[C@@H]([C@]1(CO)N=[N+]=[N-])CO)N2C=CC(=O)NC2=O	118465994	PHMQBOVIGSFHGE-YNEQXMIYSA-N	C10H13N5O5
CNC(=O)NC(=O)/C(=C\NCC(=O)NCC(=O)O)/C#N	99902770	KJVGPEYXNZYEJI-UTCJRWHESA-N	C10H13N5O5
C1[C@@H]([C@H](OC1N2C(N=C3C2=NC(=NC3=O)N)O)CO)O	105016	CSFDEODRLMJPFZ-RBAIJXOFSA-N	C10H13N5O5
C1=NC2=C(N1)C(=O)N(C(=N2)N)[C@H]3[C@H]([C@@H]([C@H](O3)CO)O)O	53718478	CFOQUIOWNVKBIC-FJFJXFQQSA-N	C10H13N5O5
C1=NC2=C(N1)C(=NC(=O)N2C3[C@@H]([C@@H]([C@H](O3)CO)O)O)N	129774706	SVBCHYLCFKRZQD-LZGMGDPASA-N	C10H13N5O5
C1=CC(=CC=C1C(C(CN)(C(=O)N)N)[N+](=O)[O-])[N+](=O)[O-]	151871800	SMVQDIXBTVUFHD-UHFFFAOYSA-N	C10H13N5O5
CC1=CN(C(=O)NC1=O)[C@H]2C[C@@H]([C@H](O2)CO)ON=[N+]=[N-]	152765701	WSYJDFJOPVQYLZ-XLPZGREQSA-N	C10H13N5O5
C[C@]1([C@@H](C(OC1N2C=CC(=O)NC2=O)CO)O)N=[N+]=[N-]	126544389	OPASBZKHYJAQKX-ZFLRVELLSA-N	C10H13N5O5
C1=NC2=C(N1C3[C@@H](C(C(O3)CO)O)O)N=C(NC2=O)N	136490162	NYHBQMYGNKIUIF-YQNAPNELSA-N	C10H13N5O5
C1CN(CCC1NC(=O)C2=C(C=NN2)[N+](=O)[O-])C(=O)O	141152103	WYYTZRWRWKUNAJ-UHFFFAOYSA-N	C10H13N5O5
C1=C(N=C2C(=O)NC(=NC2=N1)N)C(CCC(O)(O)O)O	137191402	RHBFYFCXQXVOCA-UHFFFAOYSA-N	C10H13N5O5
CC1=CN(C(=O)NC1=O)[C@@H]2[C@H]([C@@H]([C@@H](O2)CO)O)N=[N+]=[N-]	92980959	JEIPQKWFUIEONT-LKHWLPBLSA-N	C10H13N5O5
C1=NC2=C(N1)C(=O)N(C(=N2)N)C3[C@@H]([C@@H]([C@H](O3)CO)O)O	56607375	CFOQUIOWNVKBIC-LZGMGDPASA-N	C10H13N5O5
C1=NC(=C2C(=N1)N(C=N2)[C@@]3([C@@H]([C@H]([C@H](O3)CO)O)O)O)N	67024347	WSCVVWLBZOWJDK-SQQSDITASA-N	C10H13N5O5
C1=NC2=C(N1[C@H]3[C@@H]([C@@H]([C@H](O3)CO)O)O)C(=NNC2=O)N	24776419	NYRRHWOJWZQWQZ-KAFVXXCXSA-N	C10H13N5O5
C1=NC2=C(C(=NN2C3[C@@H]([C@@H]([C@H](O3)CO)O)O)N)C(=O)N1	135976367	QEODASJMDIFTCX-RMXRYUSWSA-N	C10H13N5O5
C1=NC2=C(NC(=O)N=C2N1[C@H]3[C@@H]([C@H]([C@H](O3)CO)O)O)N	13873258	MIKUYHXYGGJMLM-FTWQFJAYSA-N	C10H13N5O5
C1=NC(=C2C(=N1)N(C(=O)N2)C3[C@@H]([C@@H](C(O3)CO)O)O)N	60079282	UEHOMUNTZPIBIL-JZHOGBEXSA-N	C10H13N5O5
C([C@@H]1[C@@H](C(=O)[C@H]2[C@@H](O1)NC3=C(N2)C(=O)NC(=N3)N)O)O	136932931	HLKXHTUQOAVMHH-VFQNRVADSA-N	C10H13N5O5
CC1=CN(C(=O)NC1=O)[C@H]2[C@@H]([C@@H]([C@H](O2)CN=[N+]=[N-])O)O	58025055	NAGKXJUDUQVCRZ-JXOAFFINSA-N	C10H13N5O5
COC1=C(C(=C(C=C1)[N+](=O)[O-])/C=N/[N+](=C(N)N)[O-])OC	136461596	IAUFMFVGGPGOLR-WLRTZDKTSA-N	C10H13N5O5
CC1=NN=C(NC1=O)N/N=C(/CC(=O)OC)\C(=O)OC	135658739	JOGCCRZOXWQESO-MLPAPPSSSA-N	C10H13N5O5
C1[C@@H](O[C@@H](C1O)CO)N2C3=NC(=N)NC(=O)C3NC2=O	138375809	RQVOCURTSMLVMU-WATOWXBHSA-N	C10H13N5O5
C1=CN2C(=NC(=NC2=O)N)N1[C@H]3[C@@H]([C@H]([C@H](O3)CO)O)O	69639332	ZQUTYCUKRGSIGL-XZBKPIIZSA-N	C10H13N5O5
CC1=CN(C(=O)NC1=O)[C@H]2C[C@@H]([C@](O2)(CO)N=[N+]=[N-])O	72296	ZNPKSOLUIAAPQI-NYNCVSEMSA-N	C10H13N5O5
C1=NC(=C(N1C2[C@@H]([C@@H]([C@H](O2)CO)O)O)N)C(=O)C=[N+]=[N-]	135801406	IQHMIXCHRCLUID-NCYAXNGYSA-N	C10H13N5O5
C1C(C(CN1C2=C(C=C(C=N2)C(=NO)N)[N+](=O)[O-])O)O	106669701	ZMJGNOHNBYQMMF-UHFFFAOYSA-N	C10H13N5O5
CC1=CN(C(=O)NC1=O)[C@H]2[C@H]([C@@H]([C@H](O2)CN=[N+]=[N-])O)O	90674918	NAGKXJUDUQVCRZ-JAGXHNFQSA-N	C10H13N5O5
C1CC2=C(C1N=C(N)N)C=C(C=C2)[N+](=O)[O-].[N+](=O)(O)[O-]	12370453	VJTJAMDJOPXABV-UHFFFAOYSA-N	C10H13N5O5
COC1=C(C=C(C(=C1)/C=N\N=C(N)NO)[N+](=O)[O-])OC	101624068	IGMXRLVBSFUXRH-XGICHPGQSA-N	C10H13N5O5
C1=C(NC=C1[N+](=O)[O-])C(=O)CN(CC(=O)N)CC(=O)N	62921722	SUHQNVLGEWXGPQ-UHFFFAOYSA-N	C10H13N5O5
C1[C@H](C(OC1N2C3=C(C(=O)NC(=N3)N)NC2=O)CO)O	139493284	HCAJQHYUCKICQH-JYMNUSQCSA-N	C10H13N5O5
C1=NC2=C(NC(=O)N=C2N1[C@@H]3[C@@H]([C@@H]([C@H](O3)CO)O)O)N	92294444	MIKUYHXYGGJMLM-BDXYJKHTSA-N	C10H13N5O5
C1=NC2=C(N1)C(=O)NC(=N2)NC3[C@H]([C@H]([C@@H](O3)CO)O)O	154117903	NMECJCJUEDMIJV-DSKATIKOSA-N	C10H13N5O5
C1[C@@H]([C@H](O[C@H]1N2C3=C(C(=O)[15NH]C(=N3)[15NH2])[15NH]C2=O)CO)O	135409963	HCAJQHYUCKICQH-ITPNVZMZSA-N	C10H13N5O5
C1[C@@H]([C@H](O[C@H]1N2C=C(C(=O)NC2=O)CO)CO)N=[N+]=[N-]	475377	RWWCQPDOGNVOKZ-XLPZGREQSA-N	C10H13N5O5
C1=NC2=C(N1[C@@H]3[C@@H]([C@@H]([C@@H](O3)CO)O)O)N=C(NC2=O)N	135768161	NYHBQMYGNKIUIF-PXMDKTAGSA-N	C10H13N5O5
C([C@@H]1[C@H]([C@@H](C(O1)C2=NC3=C(N2)C(=O)NC(=N3)N)O)O)O	136128666	KAZAULXWPMJHBT-QQOIJDAESA-N	C10H13N5O5
COC1=CC(=CC(N1)(C(=O)OC)NC(=O)N=[N+]=[N-])OC	152497781	YCUSMPJRHGNYQO-UHFFFAOYSA-N	C10H13N5O5
C1=NC2=C(N1C3C(C(C(O3)CO)O)O)N=CN(C2=N)O	3803553	QHFLZHVITNUFMV-UHFFFAOYSA-N	C10H13N5O5
C1[C@@H]([C@@H]([C@@H]([C@H](O1)N2C(=O)C3=C(N=CN3)N=C2N)O)O)O	69821931	KVYWBVAKDLPVHY-GIMIYPNGSA-N	C10H13N5O5
C1=NC2C(=O)NC(=N)N=C2N1[C@H]3[C@H]([C@@H]([C@H](O3)CO)O)O	146674683	TZQSUXPRDJLJIF-KQIULKRGSA-N	C10H13N5O5
CC1=NC2=C(N1[C@H]3[C@@H]([C@@H]([C@H](O3)CO)O)O)N=NNC2=O	135747042	GPDHPQYVTZQAMF-KQYNXXCUSA-N	C10H13N5O5
CNC1=C(C=C(C=N1)[N+](=O)[O-])C(=O)NCCOC(=O)N	108167782	VZGCNSRNWZVSHC-UHFFFAOYSA-N	C10H13N5O5
C1[C@H]([C@H]([C@H](C(O1)N2C(=O)C3=C(N=CN3)N=C2N)O)O)O	56625320	KVYWBVAKDLPVHY-LZGMGDPASA-N	C10H13N5O5
[2H][C@@]1([C@@H](O[C@]([C@@]1([2H])O)([2H])C([2H])([2H])O)N2C=NC3=C2N=C(NC3=O)N)O	135405185	NYHBQMYGNKIUIF-AYJWAYLFSA-N	C10H13N5O5
C1=C(NC(=O)C2=NN(N=C21)[C@H]3[C@@H]([C@@H]([C@H](O3)CO)O)O)N	135778955	XZJVIFOGZVSESO-GUJHRGIASA-N	C10H13N5O5
C1=NC2=NC(=NC(=C2N1)N)O[C@H]3[C@@H](O[C@@H]([C@H]3O)O)CO	141237994	JMHAGBXVNSNKTO-GIMIYPNGSA-N	C10H13N5O5
C1[C@@H]([C@H](O[C@H]1N2C3=C(C(=O)NC(=N3)N)NC2=O)CO)O	135440064	HCAJQHYUCKICQH-VPENINKCSA-N	C10H13N5O5
CC(=O)NC1(CC(N(C1=O)C(=O)C)C(=O)O)CN=[N+]=[N-]	150166064	FIKUQFPABMRWFM-UHFFFAOYSA-N	C10H13N5O5
C1=C(N=C2C(=O)NC(=NC2=N1)N)[C@H]([C@@H]([C@@H](CO)O)O)O	135450944	MOZNRKVCZZBIHM-QPPQHZFASA-N	C10H13N5O5
C1=NC2=C(N1[C@H]3[C@H]([C@H]([C@@H](O3)CO)O)O)N=C(NC2=O)N	136614128	NYHBQMYGNKIUIF-WUZBBMAGSA-N	C10H13N5O5
CC1=CN(C(=O)NC1=O)[C@H]2[C@@H](C[C@H](O2)C(N=[N+]=[N-])O)O	152674215	ZMEOPOZZHFCNQQ-UUXOIDRISA-N	C10H13N5O5
C1=NC(=C2C(=N1)N(C(=O)N2)[C@H]3[C@H](C([C@H](O3)CO)O)O)N	91972088	UEHOMUNTZPIBIL-DTUHVUQASA-N	C10H13N5O5
C1[C@@H]([C@H](O[C@H]1N2C3=NC(=NC(=O)C3NC2=O)N)CO)O	122130257	RQVOCURTSMLVMU-JMSAOHGTSA-N	C10H13N5O5
C1=NC2=C(NC(=O)N=C2N1[C@H]3[C@H](C([C@H](O3)CO)O)O)N	59801633	MIKUYHXYGGJMLM-DTUHVUQASA-N	C10H13N5O5
C1=C(NC(=O)C2=C1N(N=N2)[C@H]3[C@H]([C@@H]([C@H](O3)CO)O)O)N	136798968	KFQPBOAPXUWGME-HXTSZGLJSA-N	C10H13N5O5
C1=NC2=C(N1)C(=NC(=N2)N)OCC3C(C(C(O3)O)O)O	20694684	KKOKDBOGYVFEGX-UHFFFAOYSA-N	C10H13N5O5
[C-]#[N+]N1C(=O)C2(C(NC(=O)N2)(NC1=O)CCO)CCO	153852133	FNVPJSSZYSGBRY-UHFFFAOYSA-N	C10H13N5O5
C1=NC2=NC(NC(=O)C2=N1)(C3[C@@H]([C@@H]([C@H](O3)CO)O)O)N	129701745	FZXJLVREHACQGU-WXBNPNHWSA-N	C10H13N5O5
CC1=CN(C(=O)N(C1=O)N=[N+]=[N-])[C@H]2C[C@@H]([C@H](O2)CO)O	53860302	GVZMADLSSKDZCL-XLPZGREQSA-N	C10H13N5O5
COC1=C(C(=C(C=C1)[N+](=O)[O-])C=NN=C(N)NO)OC	72979038	LXMRTPULSXVTAL-UHFFFAOYSA-N	C10H13N5O5
CCOC(=O)/C(=C(\C)/O)/C=NC1=NON=C1/C(=N\O)/N	135841956	AXUJTUOTQDKUQQ-KKQLRLTISA-N	C10H13N5O5
C1[C@@H]([C@@H]([C@@H]([C@H](O1)NC2=NC3=C(C(=O)N2)NC=N3)O)O)O	140398511	ILFATSZOVZJBNM-GIMIYPNGSA-N	C10H13N5O5
C1=NC2C(=NC(=NC2=O)N)N1C3C(C(C(O3)CO)O)O	45042960	TZQSUXPRDJLJIF-UHFFFAOYSA-N	C10H13N5O5
C([C@@H]1[C@H]([C@H]([C@@H](N1)C2=C3C(=NN2)C(=O)NC(=O)N3)O)O)O	15886490	LRIISQXNVPQDCQ-ORRXGJHYSA-N	C10H13N5O5
C1=NC2=C(N1[C@H]3[C@@H]([C@@H]([C@H](O3)CO)O)O)C(=O)NC(=N2)N	135854977	ZUTSIPKQKRZENB-UUOKFMHZSA-N	C10H13N5O5
C1=NC(=C2C(=N1)N(C=N2)[C@H]3[C@H]([C@@H]([C@H](O3)C(O)O)O)O)N	515221	AHPAXCFPGIYLKV-WWSLTDMBSA-N	C10H13N5O5
COC1=C(C=C(C(=C1)/C=N/N=C(\N)/NO)[N+](=O)[O-])OC	9574161	IGMXRLVBSFUXRH-LFYBBSHMSA-N	C10H13N5O5
C1C(C(C(C(O1)N2C=NC3=C2N=C(NC3=O)N)O)O)O	135509625	VDCSDPLTVLHWGL-UHFFFAOYSA-N	C10H13N5O5
C([C@@H]1C(=C([C@H]2C(O1)NC3=C(N2)C(=O)NC(=N3)N)O)O)O	136994310	WQOIACBATHJOBT-UTUCOUNTSA-N	C10H13N5O5
[2H][C@]1([C@@H]([C@H](O[C@H]1N2C=NC3=C2N=C(NC3=O)N)CO)O)O	136898426	NYHBQMYGNKIUIF-KQVTXARKSA-N	C10H13N5O5
CC1=CN(C(=O)NC1=O)C2[C@H]([C@@H]([C@H](O2)CO)N=[N+]=[N-])O	53781624	DVRKESVZZVYJRB-JBPTWFHOSA-N	C10H13N5O5
C1C(N(CC(=O)N1)C(=O)NCCC2=NC=NO2)C(=O)O	106403935	MRVNQPFEYJOXFQ-UHFFFAOYSA-N	C10H13N5O5
C1=NC2=C(N1[C@H]3[C@H]([C@@H]([C@H](O3)CO)O)O)C(=O)NC(=N2)N	135914489	ZUTSIPKQKRZENB-FJFJXFQQSA-N	C10H13N5O5
C1=CN2C(=NC(=NC2=O)N)N1[C@H]3[C@@H]([C@@H]([C@H](O3)CO)O)O	6480444	ZQUTYCUKRGSIGL-DBRKOABJSA-N	C10H13N5O5
CCOC1=C(C(=C(C=C1)[N+](=O)[O-])C(=O)NN)C(=O)NN	21782966	JHNKNDAYHOZART-UHFFFAOYSA-N	C10H13N5O5
CC1=CN(C(=O)NC1=O)[C@H]2[C@@H]([C@@H]([C@@H](O2)CO)N=[N+]=[N-])O	14151054	DVRKESVZZVYJRB-YYWONIAYSA-N	C10H13N5O5
C1=NC2=C(NC(=O)N=C2N1[C@@H]3[C@H]([C@@H]([C@@H](O3)CO)O)O)N	3246037	MIKUYHXYGGJMLM-HFXAWCPLSA-N	C10H13N5O5
C1[C@H]([C@H]([C@H]([C@@H](O1)N2C(=O)C3=C(N=CN3)N=C2N)O)O)O	57177842	KVYWBVAKDLPVHY-UUOKFMHZSA-N	C10H13N5O5
C1=NC2=C(C(=O)N1)N=C(N2C3C(C(C(O3)CO)O)O)N	135494061	OBCXRIVPFSZZSN-UHFFFAOYSA-N	C10H13N5O5
C[C@]1([C@@H](C(O[C@H]1N2C=CC(=O)NC2=O)CO)O)N=[N+]=[N-]	126545286	OPASBZKHYJAQKX-WDKMEHGUSA-N	C10H13N5O5
C1=NC2=C(N1C3C([C@@H](C(O3)CO)O)O)N=C(NC2=O)N	136596777	NYHBQMYGNKIUIF-LFYOIGJSSA-N	C10H13N5O5
C1=NN2C(=C1C3C(C(C(O3)CO)O)O)N=C(NC2=O)N	137282967	HEBUWIRKKXMGIS-UHFFFAOYSA-N	C10H13N5O5
C1=NC2=C(N1)C(=NC(=O)N2[C@H]3[C@@H]([C@@H]([C@H](O3)CO)O)O)N	11737644	SVBCHYLCFKRZQD-UUOKFMHZSA-N	C10H13N5O5
C1=NC2=C(NC(=O)N=C2N1[C@H]3[C@H]([C@@H]([C@@H](O3)CO)O)O)N	7073848	MIKUYHXYGGJMLM-FULWYAMNSA-N	C10H13N5O5
COC1=NN=NC2=C1N=CN2[C@H]3[C@@H]([C@@H]([C@H](O3)CO)O)O	101029609	PCDRTBQUQHGJGW-KQYNXXCUSA-N	C10H13N5O5
C1=NC2=C(NN=C2C(=N1)NO)[C@@H]3[C@H]([C@@H]([C@@H](O3)CO)O)O	136795175	CPDRHPJWFLNFOO-PQZFFIDOSA-N	C10H13N5O5
C1COC(=O)N1C(=O)CN2C=C(N=N2)CC(C(=O)O)N	116735115	LGECGIUNDCXGGW-UHFFFAOYSA-N	C10H13N5O5
C1[C@H]([C@H]([C@H]([C@H](O1)N2C=NC3=C2N=C(NC3=O)N)O)O)O	136736181	VDCSDPLTVLHWGL-BDXYJKHTSA-N	C10H13N5O5
C1=NC(=C(N1C2C(C(C(O2)CO)O)O)N)C(=O)C=[N+]=[N-]	71333507	IQHMIXCHRCLUID-UHFFFAOYSA-N	C10H13N5O5
C1=NC2=C(N1COC(CO)COC=O)N=C(NC2=O)N	135546511	SKFDKGFTAFVQJY-UHFFFAOYSA-N	C10H13N5O5
C1CN(C(C(=O)N1)CC(=O)O)C(=O)NCC2=NOC=N2	106403261	YGRZHONAKFHSOT-UHFFFAOYSA-N	C10H13N5O5
C1=NN(C2=NC(=O)NC(=C21)N)[C@H]3[C@@H]([C@@H]([C@H](O3)CO)O)O	135846001	WVLDFKKXRMZULV-MWKIOEHESA-N	C10H13N5O5
CC1=CN(C(=O)N(C1=O)N=[N+]=[N-])[C@H]2[C@@H](C[C@H](O2)CO)O	150094933	DTZYBJHBHQOMLQ-LKEWCRSYSA-N	C10H13N5O5
CN1C(=C(C=N1)[N+](=O)[O-])N2CCN(CC(=O)C2)C(=O)O	151503928	PRABSPHGCZQOHL-UHFFFAOYSA-N	C10H13N5O5
C1=NC2=C(N1[C@H]3[C@H]([C@@H]([C@@H](O3)CO)O)O)N=CN(C2=N)O	7073846	QHFLZHVITNUFMV-PERBPWGJSA-N	C10H13N5O5
C1=NC(=C2C(=N1)N(C=N2)O[C@H]3[C@H]([C@H]([C@H](O3)CO)O)O)N	134129477	QWCJDHIDJGFBKT-ASCDQALMSA-N	C10H13N5O5
C1[C@H]([C@@H]([C@H]([C@@H](O1)N2C=NC3=C2N=C(NC3=O)N)O)O)O	137178788	VDCSDPLTVLHWGL-FTWQFJAYSA-N	C10H13N5O5
[13CH]1=[15N]C2=C(N1[C@H]3[C@@H]([C@@H]([C@H](O3)CO)O)O)N=C([15NH]C2=O)[15NH2]	135427248	NYHBQMYGNKIUIF-CBYLIZACSA-N	C10H13N5O5
CN1C2=C(C(=O)N(C1=O)C)N(C(=N2)[N+](=O)[O-])CCCO	10107852	LGKVOPBASKMYBH-UHFFFAOYSA-N	C10H13N5O5
C1=C(C(=O)NC(=O)N1)CC2[C@@H]([C@@H]([C@H](O2)CO)N=[N+]=[N-])O	149699042	ASSMDJONQXBMSW-IDWMTUBTSA-N	C10H13N5O5
C1=NC2=C(N1C3C(C(C(O3)CO)O)O)C(=O)NC(=N2)N	135416507	ZUTSIPKQKRZENB-UHFFFAOYSA-N	C10H13N5O5
C1=NC2=C(N1[C@@H]3[C@H]([C@H]([C@@H](O3)CO)O)O)N=C(NC2=O)N	135484501	NYHBQMYGNKIUIF-GIMIYPNGSA-N	C10H13N5O5
C1=CN(C(=O)NC1=O)[C@H]2[C@@H]([C@@H]([C@H](O2)CO)O)CN=[N+]=[N-]	95730862	SKAPTXLYLBUGMP-MTSNSDSCSA-N	C10H13N5O5
C1=NC2=C(N1[C@H]3[C@H]([C@@H]([C@H](O3)CO)O)O)N=C(NC2=O)N	135499520	NYHBQMYGNKIUIF-FJFJXFQQSA-N	C10H13N5O5
C1[C@H]([C@H](O[C@H]1N2C3=C(C(=O)NC(=N3)N)NC2=O)CO)O	135797838	HCAJQHYUCKICQH-UOWFLXDJSA-N	C10H13N5O5
C1C(CN1)N2C=C(N=N2)C(=O)N(CC(=O)O)CC(=O)O	79316081	VHVWIGWELUGKEW-UHFFFAOYSA-N	C10H13N5O5
C1=C(NC(=O)C2=C1N(N=N2)[C@H]3[C@@H]([C@H]([C@H](O3)CO)O)O)N	136798956	KFQPBOAPXUWGME-VTZOFJMGSA-N	C10H13N5O5
C1=NC2=C(N1)C(=O)NC(=N2)N[C@H]3[C@H]([C@@H]([C@H](O3)CO)O)O	140517146	NMECJCJUEDMIJV-FJFJXFQQSA-N	C10H13N5O5
CN1C(=O)N(C(=O)N(C1=O)CCN2C(=O)N(C2=O)C)C	130458478	ONEAPQUGKBAORK-UHFFFAOYSA-N	C10H13N5O5
CC1=NC(=NO1)C2=NN(C=N2)[C@H]3[C@@H]([C@@H]([C@H](O3)CO)O)O	142769781	GOINKTSVOLFEDZ-DAGMQNCNSA-N	C10H13N5O5
COC1=NC=NC2=C1N=NN2C3C(C(C(O3)CO)O)O	298334	KAJPRVFYQRAZFP-UHFFFAOYSA-N	C10H13N5O5
C1=NC2=C(NC(=O)N=C2N1[C@H]3[C@H]([C@H]([C@H](O3)CO)O)O)N	12065180	MIKUYHXYGGJMLM-GFRUICAKSA-N	C10H13N5O5
C1=NC(=C2C(=N1)N(C=N2)[C@H]3C(C([C@H](O3)COO)O)O)N	88204766	KOZRXUNQUQQMMH-DGPXGRDGSA-N	C10H13N5O5
C1CN2C=NN=C2CN1C(=O)NC(=O)COCC(=O)O	64575070	FKTJKDLGENFGBX-UHFFFAOYSA-N	C10H13N5O5
C1COC(=O)C(C(=O)N1)C2CNC(=O)C(CO2)N=[N+]=[N-]	151642584	QSVMJXRPYJWGKB-UHFFFAOYSA-N	C10H13N5O5
C1=NC2=C(N1[C@@H]3C([C@@H]([C@@H](O3)CO)O)O)N=C(NC2=O)N	136594098	NYHBQMYGNKIUIF-QXQKWMGSSA-N	C10H13N5O5
C1=NC2=C(N1[C@H]3C([C@@H]([C@H](O3)CO)O)O)N=C(NC2=O)N	135508725	NYHBQMYGNKIUIF-BMWIRTBBSA-N	C10H13N5O5
CC1=CN(C(=O)NC1=O)[C@]2(C[C@H]([C@H](O2)CO)O)N=[N+]=[N-]	129689508	HWOLQKJPMRZMEX-XSSZXYGBSA-N	C10H13N5O5
C1C(NC(=O)N1)C(=O)N[C@@H](CO)C(=O)NC2=NOC=C2	6722744	CXKHJCAYVRDFJY-GDVGLLTNSA-N	C10H13N5O5
C1=NC(=C2C(=N1)N(C=N2)C3C(C(C(O3)C(O)O)O)O)N	22008186	AHPAXCFPGIYLKV-UHFFFAOYSA-N	C10H13N5O5
C1NC2=C(N1CCC(C(=O)O)C(=O)O)N=C(NC2=O)N	136429911	QPRKXRUCBHXDNN-UHFFFAOYSA-N	C10H13N5O5
C1=NC2=C(N1[13C@H]3[C@@H]([C@@H]([C@H](O3)CO)O)O)N=C(NC2=O)N	136806184	NYHBQMYGNKIUIF-ZKRHKXKJSA-N	C10H13N5O5
COC1=C(C=C(C=C1)C(NC(=O)N)NC(=O)N)[N+](=O)[O-]	66485415	OXSYHLQAQOJYCF-UHFFFAOYSA-N	C10H13N5O5
[2H]C1=NC2=C(N1[C@H]3[C@@H]([C@@H]([C@H](O3)CO)O)O)N=C(NC2=O)N	136823426	NYHBQMYGNKIUIF-VNDOXCJZSA-N	C10H13N5O5
C1=NC2=C(N1COCCO)N=C(N=C2OCC(=O)O)N	11638000	LXYNNLOXOLZBOY-UHFFFAOYSA-N	C10H13N5O5
C1[C@H]([C@@H](O[C@H]1N2C3=C(C(=O)NC(=N3)N)NC2=O)CO)O	136254583	HCAJQHYUCKICQH-MROZADKFSA-N	C10H13N5O5
COC(=O)/C=C/C(=O)OCCCNC(=O)C1=NNN=N1	126495713	ZZFAFWOBMVPQAQ-ONEGZZNKSA-N	C10H13N5O5
C1=NC2=C(N1[C@H]3[C@@H]([C@@H]([C@H](O3)CO)O)O)[15N]=[13C]([15NH]C2=O)[15NH2]	135536697	NYHBQMYGNKIUIF-IIQWEBNHSA-N	C10H13N5O5
C1[C@@H]([C@H](O[C@@H]1N2C=C(C(=O)NC2=O)CO)CO)N=[N+]=[N-]	11967964	RWWCQPDOGNVOKZ-RNJXMRFFSA-N	C10H13N5O5
CC[C@@H]1[C@@H](C([C@@H](O1)N2C(=CC(=O)NC2=O)N=[N+]=[N-])O)O	59271718	RWUMHTRMFZPVJT-QPOMPUCTSA-N	C10H13N5O5
C1=NC2=C(N1[C@H]3[C@@H]([C@H]([C@@H](O3)CO)O)O)N=C(NC2=O)N	135538738	NYHBQMYGNKIUIF-BZKDHIKHSA-N	C10H13N5O5
C1=NC2=C(N1)C(=O)N(C(=N2)N)C3[C@H]([C@H]([C@@H](O3)CO)O)O	66670335	CFOQUIOWNVKBIC-DSKATIKOSA-N	C10H13N5O5
C1=NC(=C2C(=N1)N(C=[N+]2[O-])C3C(C(C(O3)CO)O)O)N	23424005	BPNBKNXDHVOEJJ-UHFFFAOYSA-N	C10H13N5O5
C1=NC2=C(C(=NN2[C@@H]3[C@H]([C@H]([C@@H](O3)CO)O)O)N)C(=O)N1	136352429	QEODASJMDIFTCX-PCWZKHHASA-N	C10H13N5O5
COCC1=NC(=NO1)CNC(=O)CN2CC(=O)NC2=O	91765489	BFSIYTRASWUTLG-UHFFFAOYSA-N	C10H13N5O5
CC1=CN(C(=O)NC1=O)C2CC(C(O2)(CO)N=[N+]=[N-])O	19385372	ZNPKSOLUIAAPQI-UHFFFAOYSA-N	C10H13N5O5
C([C@H]1[C@@H]([C@@H]([C@H](N1)C2C3=C(C(=O)NC(=O)N3)N=N2)O)O)O	135869746	FRRSALIHSHBWGF-BRBLMKCCSA-N	C10H13N5O5
C1=NNC2=C1C(=NC(=O)N2[C@H]3[C@H]([C@@H]([C@H](O3)CO)O)O)N	21780617	BMNIQXQOKYNHEW-NDDNGWRZSA-N	C10H13N5O5
CC1=CN(C(=O)NC1=O)[C@H]2[C@H]([C@@H]([C@@H](O2)CO)O)N=[N+]=[N-]	92980960	JEIPQKWFUIEONT-XZMZPDFPSA-N	C10H13N5O5
C1[C@H](O[C@@](C1O)(CN=[N+]=[N-])CO)N2C=CC(=O)NC2=O	57113645	NZXAMWQBUYPSDV-NQELDHTHSA-N	C10H13N5O5
C1=NC(=C2C(=N1)N(C=N2)[C@@H]3[C@H]([C@@H]([C@H](O3)CO)O)O)NO	1715354	QROZCFCNYCVEDO-KMPDEGCQSA-N	C10H13N5O5
C1C(NC(=O)N1)C(=O)NC(CO)C(=O)NC2=NOC=C2	3873472	CXKHJCAYVRDFJY-UHFFFAOYSA-N	C10H13N5O5
C1=NC2=C(NC(=O)N=C2N1[C@H]3C([C@H]([C@H](O3)CO)O)O)N	92131269	MIKUYHXYGGJMLM-ACJOCUEISA-N	C10H13N5O5
C1=NC2=C(NN=C2C(=N1)NO)[C@H]3[C@@H]([C@@H]([C@@H](O3)CO)O)O	136795174	CPDRHPJWFLNFOO-JXZMSUHUSA-N	C10H13N5O5
C1=NC2=C(N1[C@H]3[C@H](C([C@H](O3)CO)O)O)N=C(NC2=O)N	136073540	NYHBQMYGNKIUIF-DTUHVUQASA-N	C10H13N5O5
COC1=C(C(=C(C=C1)OC)[N+](=O)[O-])/C=N/N=C(\N)/NO	11369584	XDBVSQHUPVQGND-LFYBBSHMSA-N	C10H13N5O5
C1=NC2C(=NC(=NC2=O)N)N1[C@H]3[C@@H]([C@@H]([C@H](O3)CO)O)O	45052112	TZQSUXPRDJLJIF-AAXBYFMASA-N	C10H13N5O5
C1[C@@H]([C@@](O[C@H]1N2C=CC(=O)NC2=O)(CN=[N+]=[N-])CO)O	54139213	NZXAMWQBUYPSDV-SKWCMTHISA-N	C10H13N5O5
C1=NC2=C(NC(=O)N=C2N1[C@H]3C(C([C@H](O3)CO)O)O)N	57136305	MIKUYHXYGGJMLM-VKJDSPIKSA-N	C10H13N5O5
C1=NC(=C2C(=N1)N3[C@H]4[C@@H]([C@@H]([C@H](O4)C(C3=N2)O)O)O)N.O	21120446	AEOMOXJYVMOXCE-ZPCOPWFKSA-N	C10H13N5O5
[H][C@]1([C@@H]([C@H](O[C@@]1([3H])N2C3=C(C(=O)NC(=N3)N)NC2=O)CO)O)[3H]	135542503	HCAJQHYUCKICQH-OXXRKFJZSA-N	C10H13N5O5
C1=[15N]C2=C(N1[C@H]3[C@@H]([C@@H]([C@H](O3)CO)O)O)N=C(NC2=O)N	136806182	NYHBQMYGNKIUIF-QRNFQPSWSA-N	C10H13N5O5
C1=NC2C(=N)NC(=O)N=C2N1C3C(C(C(O3)CO)O)O	146157697	QJQFNMWRXDJSSQ-UHFFFAOYSA-N	C10H13N5O5
C[C@]1([C@@H]([C@H](O[C@H]1N2C=NC3=C2N=C(NC3=O)N)O)O)O	137001333	MIZNUHGWWBPQHJ-VTZOFJMGSA-N	C10H13N5O5
C1N=C2C(=NC(=O)N=C2N1[C@H]3[C@@H]([C@@H]([C@H](O3)CO)O)O)N	97300904	RPSLZVFINCQAOX-UUOKFMHZSA-N	C10H13N5O5
C1=NC(=C2C(=N1)N(C=N2)[C@H]3[C@@H]([C@@H]([C@H](O3)C(O)O)O)O)N	20641263	AHPAXCFPGIYLKV-SOVPELCUSA-N	C10H13N5O5
C1=NC2=C(N1)C(=O)NC(=N2)NC3[C@H]([C@@H]([C@H](O3)CO)O)O	136125470	NMECJCJUEDMIJV-PTSYZVBVSA-N	C10H13N5O5
COCCN1C2=C(C(=O)NC1=O)NC(=N2)NCC(=O)O	82465421	GFIQTAAAJWVIAY-UHFFFAOYSA-N	C10H13N5O5
C1=NC2=C(N1C3[C@@H](C([C@H](O3)CO)O)O)N=C(NC2=O)N	136168113	NYHBQMYGNKIUIF-NDGIAJFQSA-N	C10H13N5O5
C[C@@H]1[C@H]([C@H]([C@](O1)(N=[N+]=[N-])N2C=C(C(=O)NC2=O)C)O)O	149945037	CQAMKIJFNUTXGX-IBNKKVAHSA-N	C10H13N5O5
C1=NC(=C2C(=N1)N(C=N2)[C@H]3[C@@H]([C@@H]([C@H](O3)COO)O)O)N	54006130	KOZRXUNQUQQMMH-KQYNXXCUSA-N	C10H13N5O5
C1=NC2=C(N1)C(=NC(=O)N2[C@H]3[C@@H]([C@@H](C(O3)CO)O)O)N	21827207	SVBCHYLCFKRZQD-ZTUBAOHGSA-N	C10H13N5O5
C1=C(NC(=O)C2=C1N(N=N2)[C@H]3[C@@H]([C@@H]([C@H](O3)CO)O)O)N	135542427	KFQPBOAPXUWGME-GUJHRGIASA-N	C10H13N5O5
C1=NC(=N)C2(C(=N1)N(C=N2)[C@H]3[C@@H]([C@@H]([C@H](O3)CO)O)O)O	140544007	MMNRRANOBDDCJC-DKZDHXMOSA-N	C10H13N5O5
C1=CC(=C(C=C1NN)C(=O)NCCOC(=O)N)[N+](=O)[O-]	83215357	XRAHTOSPUFSECU-UHFFFAOYSA-N	C10H13N5O5
C[C@@H]1[C@H]([C@H]([C@@H](O1)N2C3=C(C(=O)NC(=N3)N)NC2=O)O)O	136804232	BOCCEWCNAFIIPT-UMMCILCDSA-N	C10H13N5O5
C1=NC2=C(N1[C@@H]3[C@@H]([C@@H]([C@H](O3)CO)O)O)N=C(NC2=O)N	136912867	NYHBQMYGNKIUIF-BDXYJKHTSA-N	C10H13N5O5
C([C@@H]1[C@@H]([C@H](C(O1)C2=NC3=C(N2)C(=O)NC(=N3)N)O)O)O	136477421	KAZAULXWPMJHBT-SMALLLIISA-N	C10H13N5O5
C1=NC2=C(C(=O)N1)N=C(N2[C@H]3[C@@H]([C@@H]([C@@H](O3)CO)O)O)N	136842761	OBCXRIVPFSZZSN-HAVMAKPUSA-N	C10H13N5O5
C1=NC(=C2C(=N1)N(C=N2)OC3[C@H]([C@@H]([C@H](O3)CO)O)O)N	54250022	QWCJDHIDJGFBKT-KBNQYOMWSA-N	C10H13N5O5
C1=CN2C(=NC(=NC2=O)N)N1C3[C@@H]([C@@H]([C@H](O3)CO)O)O	15954620	ZQUTYCUKRGSIGL-RKEPMNIXSA-N	C10H13N5O5
CCOC(=O)C1(CC(=O)N2C(=NN=N2)N1)C(=O)OCC	135475612	NYQWIVWMWQAHAO-UHFFFAOYSA-N	C10H13N5O5
C1=NC2=C(N1)C(=NC(=N2)N)OC[C@@H]3C(C(C(O3)O)O)O	59970799	KKOKDBOGYVFEGX-VDYPOUGJSA-N	C10H13N5O5
C1=NC(=C2C(=N1)N(C=N2)[C@H]3[C@@H]([C@H]([C@H](O3)CO)O)O)NO	14603701	QROZCFCNYCVEDO-GAWUUDPSSA-N	C10H13N5O5
C1=NC2=C(N1[C@H]3[C@H]([C@@H]([C@@H](O3)CO)O)O)C(=O)NC(=N2)N	135914488	ZUTSIPKQKRZENB-FULWYAMNSA-N	C10H13N5O5
CC1=NC(=O)N(C=C1)[C@H]2[C@H]([C@@H]([C@](O2)(CO)N=[N+]=[N-])O)O	117681032	PCUVOGJXZBIGAJ-QHOPCYEYSA-N	C10H13N5O5
C1=CN2C(=NC(=NC2=O)N)N1[C@H]3C([C@H]([C@H](O3)CO)O)O	58603070	ZQUTYCUKRGSIGL-RDCZQUQVSA-N	C10H13N5O5
C1=NC2=C(N1C3C(C(C(O3)CO)O)O)NC(=NC2=O)N	765	NYHBQMYGNKIUIF-UHFFFAOYSA-N	C10H13N5O5
COC1=C(C=C(C(=C1)C=NN=C(N)NO)[N+](=O)[O-])OC	5133529	IGMXRLVBSFUXRH-UHFFFAOYSA-N	C10H13N5O5
C1=CN2C(=NC(=NC2=O)N)N1[C@@H]3[C@H]([C@@H]([C@@H](O3)CO)O)O	126969191	ZQUTYCUKRGSIGL-VZFHVOOUSA-N	C10H13N5O5
C1=NC2=C(N1[C@@H]3[C@H]([C@@H]([C@H](O3)CO)O)O)C(=O)NC(=N2)N	135471396	ZUTSIPKQKRZENB-ICKFSKTQSA-N	C10H13N5O5
C1=NC(=C(N1[C@H]2[C@@H]([C@@H]([C@H](O2)CO)O)O)N)C(=O)C=[N+]=[N-]	135801407	IQHMIXCHRCLUID-VPCXQMTMSA-N	C10H13N5O5
C([C@H]1[C@@H]([C@@H]([C@H](O1)C2=NC3=NNC(=C3C(=O)N2)N)O)O)O	136452428	OLZRFQFWNPHTCR-RARCZQNLSA-N	C10H13N5O5
C1=NC(=C2C(=N1)[N+](C=N2)([C@H]3[C@@H]([C@@H]([C@H](O3)CO)O)O)[O-])N	54341839	TZMYBSXAAPQZIA-CENLXECGSA-N	C10H13N5O5
CC1=C(N(C(=O)NC1=O)[C@H]2C[C@@H]([C@H](O2)CO)O)N=[N+]=[N-]	141999148	IQRNCDFNCYBDAB-RRKCRQDMSA-N	C10H13N5O5
C1=NC2=C(N1)C(=O)N(C(=N2)N)[C@H]3[C@@H]([C@H]([C@H](O3)CO)O)O	53718479	CFOQUIOWNVKBIC-FTWQFJAYSA-N	C10H13N5O5
CN1C(=C(C=N1)[N+](=O)[O-])N2CCN(CCC2=O)C(=O)O	89456562	ADKNVNSGGOBXEP-UHFFFAOYSA-N	C10H13N5O5
CC1=CN(C(=O)NC1=O)[C@H]2C(C([C@H](O2)CN=[N+]=[N-])O)O	57149236	NAGKXJUDUQVCRZ-SZDPNDIZSA-N	C10H13N5O5
CC1=NC(=O)N(C=C1)[C@H]2[C@@H]([C@@H]([C@](O2)(CO)N=[N+]=[N-])O)O	59979483	PCUVOGJXZBIGAJ-IBCQBUCCSA-N	C10H13N5O5
C1[C@@H]([C@H](O[C@H]1N2C=[N+](C3=C2N=C(NC3=O)N)[O-])CO)O	145721370	CEPVRELXNQGUGA-KVQBGUIXSA-N	C10H13N5O5
CC1=CN(C(=O)NC1=O)[C@H]2[C@H]([C@@H]([C@H](O2)CO)O)N=[N+]=[N-]	125460	JEIPQKWFUIEONT-JVZYCSMKSA-N	C10H13N5O5
COCC1=C(N=NN1CCN2C(=O)CNC2=O)C(=O)O	102643253	MZZBFZBSEATWDU-UHFFFAOYSA-N	C10H13N5O5
C1=NC2=C(N1C3[C@H](C([C@H](O3)CO)O)O)N=C(NC2=O)N	137403028	NYHBQMYGNKIUIF-NMMORLSWSA-N	C10H13N5O5
CNC(=O)NC(=O)C(=CNCC(=O)NCC(=O)O)C#N	76397063	KJVGPEYXNZYEJI-UHFFFAOYSA-N	C10H13N5O5
C[C@H]1[C@@H]([C@](O[C@H]1N2C=CC(=O)NC2=O)(CO)N=[N+]=[N-])O	44124071	QFYAWFKDVAAWTO-UUCPZDEKSA-N	C10H13N5O5
C1C=CC(N2N1C(=O)N(C2=O)CCC(=O)NN)C(=O)O	20557532	KSCFHZWMZIXWJO-UHFFFAOYSA-N	C10H13N5O5
C1[C@H]([C@H]([C@@H]([C@@H](O1)N2C=NC3=C2N=C(NC3=O)N)O)O)O	136721436	VDCSDPLTVLHWGL-FJFJXFQQSA-N	C10H13N5O5
COC(C(COC=O)N1C=NC2=C1N=C(NC2=O)N)O	136482663	LINUWXXVFNBIJS-UHFFFAOYSA-N	C10H13N5O5
CC(=O)NN(CC/C=C/C(=O)CC(=O)N=[N+]=[N-])C(=O)O	152183089	VRRLTIXHANKCIJ-DUXPYHPUSA-N	C10H13N5O5
C1[C@H]([C@H]([C@@H]([C@H](O1)N2C=NC3=C2N=C(NC3=O)N)O)O)O	136736182	VDCSDPLTVLHWGL-ICKFSKTQSA-N	C10H13N5O5
C1=NC(=C2C(=N1)N(C=N2)[C@H]3[C@H]([C@@H]([C@@H](O3)CO)O)O)NO	7099911	QROZCFCNYCVEDO-PERBPWGJSA-N	C10H13N5O5
C[C@]1([C@@H]([C@H](OC1N2C=CC(=O)NC2=O)CO)O)N=[N+]=[N-]	90138901	OPASBZKHYJAQKX-AAPYPWDASA-N	C10H13N5O5
[2H]N=C1NC(=O)C2=C(N1[2H])N(C(=O)N2)[C@H]3C[C@@H]([C@H](O3)CO[2H])O[2H]	136806472	HCAJQHYUCKICQH-PSPWKGKFSA-N	C10H13N5O5
C1=C(N=C2C(=N1)C(=O)NC(=N2)N)[C@H]([C@@H]([C@@H](CO)O)O)O	135512739	BCNLQRVLUOPFLG-QPPQHZFASA-N	C10H13N5O5
C1=C([C@H]([C@H]([C@@H]1NC2=NC=NC(=C2[N+](=O)[O-])N)O)O)CO	10016664	BVQVAVFPWCWXSL-NJUXHZRNSA-N	C10H13N5O5
CC1=C(N=NC(=N1)NC(=O)N[C@@H](CC(=O)O)C(=O)O)C	104919541	DKHMNSBAFWILGD-LURJTMIESA-N	C10H13N5O5
C1=NC2=C(C(=[15NH])N1O)[15N]=[13CH]N2[C@H]3[C@@H]([C@@H]([C@H](O3)CO)O)O	10891449	QHFLZHVITNUFMV-YVLYUSGPSA-N	C10H13N5O5
C1=NC2=C(NN=C2C(=N)N1O)C3C(C(C(O3)CO)O)O	135525818	RQGOARVRJFOFPU-UHFFFAOYSA-N	C10H13N5O5
CC1=CN(C(=O)NC1=O)[C@H]2C([C@H]([C@H](O2)CO)N=[N+]=[N-])O	44283337	DVRKESVZZVYJRB-WJZMDOFJSA-N	C10H13N5O5
C1=NC2=NC(=NC(=C2N1)N)C3[C@@H]([C@@H]([C@H]([C@H](O3)O)O)O)O	11848414	NLVGQDCNBFMHAX-KPFZCCLJSA-N	C10H13N5O5
CC1=CN(C(=O)NC1=O)[C@H]2[C@H]([C@@H]([C@H](O2)CO)N=[N+]=[N-])O	451889	DVRKESVZZVYJRB-JAGXHNFQSA-N	C10H13N5O5
C1=NC2=C(N1)C(=NC(=N2)N)OC3[C@@H]([C@@H]([C@H](O3)CO)O)O	70268377	FFAVMFCPQHGMGV-LZGMGDPASA-N	C10H13N5O5
COC1=C(C=C(C(=C1)/C=N/N=C(/N)\NO)[N+](=O)[O-])OC	59077845	IGMXRLVBSFUXRH-LFYBBSHMSA-N	C10H13N5O5
C1C(C(CN1C2=C(C=C(C=N2)[N+](=O)[O-])/C(=N\O)/N)O)O	106669690	OYKXLIIOHCIWJH-UHFFFAOYSA-N	C10H13N5O5
C1=NC2=C(N1[C@H]3[C@@H]([C@@H]([C@H](O3)CO)O)O)C(=O)NN=C2N	6320414	GAGANCWLXBDDLP-KAFVXXCXSA-N	C10H13N5O5
C1=C2C(=O)NC(=NC2=NN1[C@H]3[C@@H]([C@@H]([C@H](O3)CO)O)O)N	154703288	UQOZONYDWLYVEP-MWKIOEHESA-N	C10H13N5O5
C1C(CN1C(=O)C(CC(=O)O)N)N2C=C(N=N2)C(=O)O	79311928	BZWXQYRHVYFGAB-UHFFFAOYSA-N	C10H13N5O5
C1[C@@H]([C@H](O[C@@]1(CO)N2C=CC(=O)NC2=O)CO)N=[N+]=[N-]	11119577	FGVNBORYXRYSMY-PJKMHFRUSA-N	C10H13N5O5
[2H][C@@]1([C@H]([C@@H](O[C@]1([2H])C([2H])([2H])O)N2C=NC3=C2N=C(NC3=O)N)O)O	136698781	NYHBQMYGNKIUIF-POXSBESESA-N	C10H13N5O5
CN1C=NC(=C1N2CCNC(=O)C2CC(=O)O)[N+](=O)[O-]	64279924	VIYVRDXIUWBEFT-UHFFFAOYSA-N	C10H13N5O5
C1C(N(CC(=O)N1)C(=O)NCCC2=NOC=N2)C(=O)O	106404499	ZFGOXKILDSRYQW-UHFFFAOYSA-N	C10H13N5O5
C1COC(=O)N1C(=O)CN2C(=C(N=N2)C(=O)O)CCN	103119094	PVDZAQWFCBGWKO-UHFFFAOYSA-N	C10H13N5O5
C1[C@@H]([C@@H]([C@@](O1)(CO)N2C=NC3=C(N=CN=C32)NO)O)O	91469533	DBZGEVKDBRTTTI-AYKAFODUSA-N	C10H13N5O5
C1[C@H]([C@@H]([C@@H](C(O1)NC2=NC3=C(C(=O)N2)NC=N3)O)O)O	137213804	ILFATSZOVZJBNM-AVUCVXPCSA-N	C10H13N5O5
C1=NC(=C2C(=N1)N(C=N2)C3[C@@H]([C@@H]([C@H](O3)CO)O)O)NO	23617998	QROZCFCNYCVEDO-VTHZCTBJSA-N	C10H13N5O5
COC1=CC(=CC(=C1OC)/C=N/N=C(\N)/NO)[N+](=O)[O-]	11471598	HOCPRRJAYNMTRL-LFYBBSHMSA-N	C10H13N5O5
C1=NC2=C(N1)C(=N)N(C(=N2)C3[C@H]([C@@H]([C@H](O3)CO)O)O)O	136472615	PXKYOTRSVVCWAT-ZCJUSREXSA-N	C10H13N5O5
C1=NC(=C2C(=N1)N(C(=O)N2)[C@H]3C(C([C@H](O3)CO)O)O)N	57270277	UEHOMUNTZPIBIL-VKJDSPIKSA-N	C10H13N5O5
[2H][C@]1([C@H](O[C@H]([C@@H]1O)N2C=NC3=C2N=C(NC3=O)N)CO)O	135433833	NYHBQMYGNKIUIF-CWOYTPCQSA-N	C10H13N5O5
CC1=CN(C(=O)NC1=O)[C@H]2CC([C@H](O2)CON=[N+]=[N-])O	57031717	PJWIJKPFIJBQCZ-SPDVFEMOSA-N	C10H13N5O5
C1=NC2=C(N1[C@H]3[C@@H]([C@@H]([C@H](O3)CO)O)O)N=[13C]([15NH]C2=O)[15NH2]	135461724	NYHBQMYGNKIUIF-STAKQLJYSA-N	C10H13N5O5
[3H]C1=NC2=C(N1[C@H]3[C@@H]([C@@H]([C@H](O3)CO)O)O)N=C(NC2=O)N	137221166	NYHBQMYGNKIUIF-DEJXWAIUSA-N	C10H13N5O5
C1[C@H]([C@H](O[C@H]1N2C3=C(C(=O)[15NH][13C](=N3)[15NH2])NC2=O)CO)O	136234054	HCAJQHYUCKICQH-XWVHDTTGSA-N	C10H13N5O5
C(C1C(C(=O)C2C(O1)NC3=C(N2)C(=O)NC(=N3)N)O)O	136932922	HLKXHTUQOAVMHH-UHFFFAOYSA-N	C10H13N5O5
CC1=C(N=NC(=N1)NC(=O)N[C@H](CC(=O)O)C(=O)O)C	104919527	DKHMNSBAFWILGD-ZCFIWIBFSA-N	C10H13N5O5
C1[C@H]([C@H]([C@H]([C@@H](O1)C2=NC3=C(N2)C(=O)NC(=N3)N)O)O)O	136429560	ILQXMLHDMGSEDM-AUQNGVNTSA-N	C10H13N5O5
C1=NC2=C(N1[C@H]3[C@@H]([C@@H]([C@H](O3)CO)O)O)N=CN(C2=[15NH])O	10826877	QHFLZHVITNUFMV-ZGUONDJVSA-N	C10H13N5O5
C1=NC2=C(C(=NN2[C@H]3[C@@H]([C@@H]([C@H](O3)CO)O)O)N)C(=O)N1	136423848	QEODASJMDIFTCX-BHBWVORQSA-N	C10H13N5O5
CNC1=NC=C(C(=C1)C(=O)NCCOC(=O)N)[N+](=O)[O-]	105621157	MVVFSYNDQUSHDF-UHFFFAOYSA-N	C10H13N5O5
CC(CN1C=NC2=C1C(=O)N(C(=O)N2C)C)O[N+](=O)[O-]	89331161	RDRFNUULSBRDNU-UHFFFAOYSA-N	C10H13N5O5
CC1=CN(C(=O)NC1=O)[C@@H]2C[C@H]([C@@](O2)(CO)N=[N+]=[N-])O	466998	ZNPKSOLUIAAPQI-FWWHASMVSA-N	C10H13N5O5
C1CN2C=NN=C2CN1C(=O)N[C@@H](CC(=O)O)C(=O)O	81656382	GYJFBKGJYXXAEN-LURJTMIESA-N	C10H13N5O5
C1=NC2=C(NN=C2C(=N1)NO)C3C(C(C(O3)CO)O)O	420505	CPDRHPJWFLNFOO-UHFFFAOYSA-N	C10H13N5O5
C1=NC(=C2C(=N1)N(C=N2)[C@@]3([C@H]([C@@H]([C@H](O3)CO)O)O)O)N	66690751	WSCVVWLBZOWJDK-KMPDEGCQSA-N	C10H13N5O5
COC(=O)CC[C@@H](C(=O)O)NC(=O)NC1=NC=CN=N1	107829291	MNBAPXLZHUYQAN-LURJTMIESA-N	C10H13N5O5
C([C@@H]1[C@H]([C@H]([C@@H](O1)C2=NC3=C(N2)C(=O)NC(=N3)N)O)O)O	136128664	KAZAULXWPMJHBT-AUQNGVNTSA-N	C10H13N5O5
CC1=CN(C(=O)NC1=O)C2[C@H]([C@@H]([C@H](O2)CO)O)N=[N+]=[N-]	21120533	JEIPQKWFUIEONT-GHKVCSSESA-N	C10H13N5O5
C1[C@@H]([C@H](O[C@@H]1N2C=[N+](C3=C2N=C(NC3=O)N)[O-])CO)O	135804040	CEPVRELXNQGUGA-JKUQZMGJSA-N	C10H13N5O5
C1=NC(=C2C(=N1)[N+](C=N2)(C3C(C(C(O3)CO)O)O)[O-])N	592060	TZMYBSXAAPQZIA-UHFFFAOYSA-N	C10H13N5O5
C1=NC(=C2C(=N1)N(C(=O)N2)[C@H]3[C@H]([C@@H]([C@H](O3)CO)O)O)N	124364376	UEHOMUNTZPIBIL-FJFJXFQQSA-N	C10H13N5O5
CCC1=C(C(=NN1C2CN(C2)C(=O)O)C(=O)N)[N+](=O)[O-]	68700666	LDVJZFDKTUENQC-UHFFFAOYSA-N	C10H13N5O5
C[C@@H]1[C@@H]([C@](O[C@H]1N2C=CC(=O)NC2=O)(CO)N=[N+]=[N-])O	70689758	QFYAWFKDVAAWTO-AMCGLFBUSA-N	C10H13N5O5
CC1=CN(C(=O)NC1=O)[C@@H]2[C@H]([C@@H]([C@H](O2)CO)O)N=[N+]=[N-]	97550558	JEIPQKWFUIEONT-AYHNYZOXSA-N	C10H13N5O5
[2H]N1[C@@H]([C@H]([C@H]([C@@H]1C2=C3C(=NN2)C(=O)NC(=O)N3)O)O)CO	141600064	LRIISQXNVPQDCQ-ZIEXYYRLSA-N	C10H13N5O5
C1=NC2=C(NC(=O)N=C2N1[C@@H]3[C@H]([C@@H]([C@H](O3)CO)O)O)N	6713550	MIKUYHXYGGJMLM-ICKFSKTQSA-N	C10H13N5O5
CC1=CN(C(=O)NC1=O)[C@@H]2C[C@@H]([C@](O2)(CO)N=[N+]=[N-])O	54556610	ZNPKSOLUIAAPQI-MHYGZLNHSA-N	C10H13N5O5
COC1=C(C(=C(C=C1)[N+](=O)[O-])/C=N/N=C(\N)/NO)OC	11482959	LXMRTPULSXVTAL-LFYBBSHMSA-N	C10H13N5O5
COC1=C(C=C(C=C1)N=[N+]=[N-])OCC(CN)O[N+](=O)[O-]	150347776	GTBUOBVJVDLKPK-UHFFFAOYSA-N	C10H13N5O5
CCOC(=O)NC1=NC(=NC(=C1[N+](=O)[O-])N)OCC=C	89936741	FSJAAFOEQOOBLN-UHFFFAOYSA-N	C10H13N5O5
C1=NC(=C2C(=N1)N(C=N2)C3[C@@H]([C@H]([C@@H](O3)C(O)O)O)O)N	44421136	AHPAXCFPGIYLKV-IAHXAJBFSA-N	C10H13N5O5
C1=NC2=C(N1)C(=O)NC(=N2)N[C@@H]3[C@H]([C@H]([C@@H](O3)CO)O)O	145828114	NMECJCJUEDMIJV-GIMIYPNGSA-N	C10H13N5O5
C1[C@@H]([C@@H](O[C@@H]1N2C3=C(C(=O)NC(=N3)N)NC2=O)CO)O	136892576	HCAJQHYUCKICQH-YUPRTTJUSA-N	C10H13N5O5
C1=NC2=C(NC(=O)N=C2N1[C@H]3[C@@H]([C@@H]([C@@H](O3)CO)O)O)N	6560187	MIKUYHXYGGJMLM-HAVMAKPUSA-N	C10H13N5O5
C1[C@@H]([C@@H]([C@H]([C@@H](O1)N2C=NC3=C2N=C(NC3=O)N)O)O)O	136731316	VDCSDPLTVLHWGL-BZKDHIKHSA-N	C10H13N5O5
CC(=O)OCCOCN1C2=C(C(=O)NC(=N2)N)NC1=O	135508226	FMDYSPPRHKFBIN-UHFFFAOYSA-N	C10H13N5O5
C1[C@@H]([C@@H]([C@@](O1)(CO)N2C=NC3=C2N=C(NC3=O)N)O)O	136614623	QFBSGLVCHUEBAR-FVRSJOBKSA-N	C10H13N5O5
C1[C@@H]([C@H](O[C@@H]1N2C3=C(C(=O)NC(=N3)N)NC2=O)CO)O	136235779	HCAJQHYUCKICQH-LMVFSUKVSA-N	C10H13N5O5
C1=NC2=C(N1C3[C@@H]([C@@H]([C@H](O3)CO)O)O)N=CN(C2=N)O	60093981	QHFLZHVITNUFMV-VTHZCTBJSA-N	C10H13N5O5
CC1=C(N=CN1[C@H]2[C@@H]([C@@H]([C@H](O2)CO)O)O)C(=O)N=[N+]=[N-]	21787864	KSCWYIPEVHOIIX-VPCXQMTMSA-N	C10H13N5O5
C1=NC(=C2C(=N1)N(C(=O)N2)[C@H]3[C@@H]([C@@H]([C@H](O3)CO)O)O)N	96852	UEHOMUNTZPIBIL-UUOKFMHZSA-N	C10H13N5O5
C1CN(CCC1C(=O)O)C(=O)CN2C=NC(=N2)[N+](=O)[O-]	60974076	QGIIBVJCTQTTIE-UHFFFAOYSA-N	C10H13N5O5
CC1=NC2=C(N1[C@H]3[C@@H]([C@@H]([C@H](O3)CO)O)O)C(=O)NN=N2	135747040	SSYLAOKBUUSVRV-KQYNXXCUSA-N	C10H13N5O5
C1=NC(=C2C(=N1)N(C=N2)[C@H]3[C@@H](C([C@H](O3)CO)(O)O)O)N	129692572	SFUSZSPYUXHSRP-MFCLVGODSA-N	C10H13N5O5
CN1C2=C(N=C1[N+](=O)[O-])N(C(=O)N(C2=O)C)CCCO	10334006	FJXFMORYZPYYRF-UHFFFAOYSA-N	C10H13N5O5
C1=NC(=C2C(=N1)N(C=N2)[C@H]3[C@@H]([C@@H]([C@@H](O3)CO)O)O)NO	6566064	QROZCFCNYCVEDO-HGOUYRHRSA-N	C10H13N5O5
C1=NC2=C(N1[C@H]3[C@H]([C@H](C(O3)CO)O)O)N=C(NC2=O)N	136996824	NYHBQMYGNKIUIF-BLBQUPAUSA-N	C10H13N5O5
C1=NC2=C(N1C3[C@H]([C@H]([C@@H](O3)CO)O)O)N=C(NC2=O)N	136029343	NYHBQMYGNKIUIF-DSKATIKOSA-N	C10H13N5O5
C1=NC2=C(N1)C(=O)N(C(=N2)N)[C@H]3[C@H]([C@H]([C@H](O3)CO)O)O	56978157	CFOQUIOWNVKBIC-GFRUICAKSA-N	C10H13N5O5
CCCNC1=C(C=C(C=C1[N+](=O)[O-])C(=O)NN)[N+](=O)[O-]	129898171	PJUIJIDDUWTSAV-UHFFFAOYSA-N	C10H13N5O5
C1[C@@H]([C@H](OC1N2C(N=C3C2=NC(=N)NC3=O)O)CO)O	137321847	CSFDEODRLMJPFZ-RBAIJXOFSA-N	C10H13N5O5
C1[C@H]([C@@H]([C@@](O1)(CO)N2C=NC3=C2N=C(NC3=O)N)O)O	136005326	QFBSGLVCHUEBAR-LXFXRRTQSA-N	C10H13N5O5
C1=NNC2=C1N(C(=O)N=C2N)[C@H]3[C@H]([C@@H]([C@H](O3)CO)O)O	21768399	MJYBHQDEJXNLQH-AIKLKQDHSA-N	C10H13N5O5
C1=NC2=C(N1[C@H]3[C@@H]([C@@H]([C@H](O3)CO)O)O)[15N]=C([15NH]C2=O)[15NH2]	135463678	NYHBQMYGNKIUIF-VLDSUQKGSA-N	C10H13N5O5
C1=NC(=C2C(=N1)N(C3N2O3)[C@H]4[C@@H]([C@@H]([C@H](O4)CO)O)O)N	88383916	LFNQAHIDRSYFDJ-JJSTWVLSSA-N	C10H13N5O5
C1=CN(C=N1)CCCNC(=O)OC2=[N+](ON=C2CO)[O-]	23196227	BGBIRJDKILQBDN-UHFFFAOYSA-N	C10H13N5O5
C1=NC2=C(N1[C@H]3C(C([C@H](O3)CO)O)O)N=CN(C2=N)O	45033563	QHFLZHVITNUFMV-DGPXGRDGSA-N	C10H13N5O5
C1=NC2=C(N1[C@H]3[C@@H]([C@@H]([C@H](O3)CO)O)O)N=C(NC2=O)[15NH2]	135490841	NYHBQMYGNKIUIF-RDVCNSGUSA-N	C10H13N5O5
C([C@@H]1[C@H]([C@H](C(O1)C2=NC3=C(N2)C(=O)NC(=N3)N)O)O)O	136128665	KAZAULXWPMJHBT-HYVCQBOXSA-N	C10H13N5O5
C([C@H]1[C@@H]([C@@H](C(O1)C2=NC3=C(N2)C(=O)NC(=N3)N)O)O)O	136347991	KAZAULXWPMJHBT-BCKRZHKSSA-N	C10H13N5O5
C1=CC(=C(C(=C1)NN)[N+](=O)[O-])C(=O)NCCOC(=O)N	83214952	FEANFVVQVNDNTK-UHFFFAOYSA-N	C10H13N5O5
C1=NC2=C(N1[C@@H]3[C@H]([C@@H]([C@@H](O3)CO)O)O)N=C(NC2=O)N	135426840	NYHBQMYGNKIUIF-HFXAWCPLSA-N	C10H13N5O5
C1=CN2C(=NC(=NC2=O)N)N1[C@H]3[C@@H]([C@@H]([C@@H](O3)CO)O)O	92264933	ZQUTYCUKRGSIGL-BDVNFPICSA-N	C10H13N5O5
C1[C@@H]([C@@H]([C@@H]([C@H](O1)C2=NC3=C(N2)C(=O)NC(=N3)N)O)O)O	136381944	ILQXMLHDMGSEDM-RARCZQNLSA-N	C10H13N5O5
C1[C@]([C@@H]([C@H](O1)CO)O)(N2C=NC3=C2N=C(NC3=O)N)O	137277673	WMWQDPCMKHAPGH-SVNSUYFQSA-N	C10H13N5O5
CCOC(=O)/C(=C(\C)/O)/C=NC1=NON=C1C(=NO)N	137193775	AXUJTUOTQDKUQQ-KKQLRLTISA-N	C10H13N5O5
C1[C@H]([C@H]([C@H](C(O1)C2=NC3=C(N2)C(=O)NC(=N3)N)O)O)O	136147918	ILQXMLHDMGSEDM-HYVCQBOXSA-N	C10H13N5O5
COC(=O)N1CCN(CC1C(=O)O)C(=O)/C=C/N=[N+]=[N-]	150193064	FNVVLKALBMVHGW-NSCUHMNNSA-N	C10H13N5O5
C1CC(OC1CN2C=C(C=NC2=O)[N+](=O)[O-])C(=O)NN	104697405	MATSDVMMANCJNZ-UHFFFAOYSA-N	C10H13N5O5
C1=NNC2=C1N(C(=O)N=C2N)[C@H]3[C@@H]([C@@H]([C@H](O3)CO)O)O	21768391	MJYBHQDEJXNLQH-FJGDRVTGSA-N	C10H13N5O5
C1=NN(C2=C1C(=O)NC(=N2)N)[C@H]3C([C@H]([C@H](O3)CO)O)O	136663925	MJJUWOIBPREHRU-PVAWZXDQSA-N	C10H13N5O5
COC1=C(C=CC(=C1)N=[N+]=[N-])OCC(CN)O[N+](=O)[O-]	150315489	GMNDEMUARBIJGG-UHFFFAOYSA-N	C10H13N5O5
CC(=O)O.C1=CC(=CC=C1/C=N/N=C(/N)\NO)[N+](=O)[O-]	9943664	DCFOODADEPXBGZ-OAZHBLANSA-N	C10H13N5O5
C1=NC2=C(N1[C@H]3[C@@H]([C@@H]([C@H](O3)CO)O)O)N=[13C](NC2=O)N	135582771	NYHBQMYGNKIUIF-YRZKRLJOSA-N	C10H13N5O5
C1=C(N=C2C(=O)NC(=NC2=N1)N)C(C(C(CO)O)O)O	135625321	MOZNRKVCZZBIHM-UHFFFAOYSA-N	C10H13N5O5
C1=NC(=C(N1[C@H]2[C@@H]([C@@H]([C@H](O2)CO)O)O)N)C(=O)C=[N+]=[N-]	128359	IQHMIXCHRCLUID-VPCXQMTMSA-N	C10H13N5O5
C1[C@@H](C(O[C@H]1N2C=CC(=O)NC2=O)[C@H](CO)O)N=[N+]=[N-]	121487879	AZWDCIPVAARFRG-RRKDWRLDSA-N	C10H13N5O5
C1=NC(=C2C(=N1)N(C=N2)[C@@H]3[C@@H]([C@@H]([C@@H](O3)CO)O)O)NO	7099910	QROZCFCNYCVEDO-WDHZHIADSA-N	C10H13N5O5
C1=NC2=NC(=NC(=C2N1)N)C(=O)[C@@H]([C@@H]([C@@H](CO)O)O)O	54306865	SIDMYNLTPMXIQZ-UYFOZJQFSA-N	C10H13N5O5
CC1=CN(C(=O)NC1=O)[C@H]2C[C@]([C@H](O2)CO)(N=[N+]=[N-])O	21115113	UJQBOUAGWGVOTI-XSSZXYGBSA-N	C10H13N5O5
CC1=NOC(=N1)CNC(=O)N2CC(=O)NCC2C(=O)O	107438526	QBWLFDZQCINFIE-UHFFFAOYSA-N	C10H13N5O5
C1[C@@H]([C@@H](O[C@H]1N2C3=C(C(=O)NC(=N3)N)NC2=O)CO)O	137117759	HCAJQHYUCKICQH-VAYJURFESA-N	C10H13N5O5
C1=NC2=C(N1[13C@H]3[13C@@H]([13C@@H]([13C@H](O3)[13CH2]O)O)O)N=C(NC2=O)N	136232965	NYHBQMYGNKIUIF-JGIZTUKCSA-N	C10H13N5O5
C1=NC2C(=O)NC(=O)N=C2N1[C@@H]3[C@@H](C([C@@H](O3)CO)O)N	132471308	CBLBFVUOGPBHNZ-CIWKKDPKSA-N	C10H13N5O5
C1=NC(=C2C(=N1)N([C@@H]3N2O3)[C@H]4[C@@H]([C@@H]([C@H](O4)CO)O)O)N	135567282	LFNQAHIDRSYFDJ-GKDYUMOSSA-N	C10H13N5O5
C1COC2(O1)CNC(=N[N+](=O)[O-])N(C2)CC3=CN=CO3	140015031	PPNDGHUMBBWZDK-UHFFFAOYSA-N	C10H13N5O5
C1[C@@H]([C@@H]([C@@](O1)(CO)N2C=CN3C2=NC(=NC3=O)N)O)O	90755249	NTCOMPARIOGDPK-VGIXGZPDSA-N	C10H13N5O5
C1=NN(C2=NC=NC(=C21)NO)[C@H]3[C@@H]([C@@H]([C@H](O3)CO)O)O	21854431	CYDCUNDPCHVQPU-DAGMQNCNSA-N	C10H13N5O5
C1=NC2=C(N1[C@H]3[C@@H]([C@@H]([C@H](O3)CO)O)O)N=C([15NH]C2=O)N	135934930	NYHBQMYGNKIUIF-IGJHOBROSA-N	C10H13N5O5
C1CN2C=NN=C2CN1C(=O)N(CC(=O)O)CC(=O)O	64575462	BZFWXXPYEYKVSE-UHFFFAOYSA-N	C10H13N5O5
C1=NC(=C2C(=N1)N(C=N2)[C@H]3[C@H]([C@@H]([C@H](O3)CO)O)O)NO	97480	QROZCFCNYCVEDO-UHTZMRCNSA-N	C10H13N5O5
C(C#N)C1=NN(N=C1C(=O)N)[C@H]2[C@@H]([C@@H]([C@H](O2)CO)O)O	21769199	XNJMRGYHHUDSMD-VPCXQMTMSA-N	C10H13N5O5
C1[C@@H]([C@H](O[C@H]1N2C=NC3=C2N=C(N(C3=O)O)N)CO)O	134521577	AMSIWCIOFJHAAP-KVQBGUIXSA-N	C10H13N5O5
C1=NC2=C(N1[C@H]3[C@@H](C([C@H](O3)CO)O)O)N=C(NC2=O)N	136612256	NYHBQMYGNKIUIF-VCXQEIDJSA-N	C10H13N5O5
C1=NC2=C(N1[C@H]3[C@@H]([C@@H]([C@@H](O3)CO)O)O)C(=O)NC(=N2)N	136842861	ZUTSIPKQKRZENB-HAVMAKPUSA-N	C10H13N5O5
C1=NC(=C2C(=N1)N(C=N2)C3C(C(C(O3)COO)O)O)N	76091866	KOZRXUNQUQQMMH-UHFFFAOYSA-N	C10H13N5O5
CC1=CN(C(=O)NC1=O)[C@@H]2C[C@H]([C@](O2)(CO)N=[N+]=[N-])O	124437099	ZNPKSOLUIAAPQI-MATHAZKKSA-N	C10H13N5O5
C1=NC2=C(N1)C(=O)N(C(=N2)N)[C@@H]3[C@H]([C@H]([C@@H](O3)CO)O)O	67692008	CFOQUIOWNVKBIC-GIMIYPNGSA-N	C10H13N5O5
C1=NC2=C(N1[C@@H]3[C@@H]([C@H]([C@@H](O3)CO)O)O)N=C(NC2=O)N	136835877	NYHBQMYGNKIUIF-HJGQOHIQSA-N	C10H13N5O5
