C1=C(C=C(C=C1CCl)N=O)CO	147954077	IOENEORULGRWJU-UHFFFAOYSA-N	C8H8ClNO2
COC(=O)CC1=C(C=CN=C1)Cl	130138954	BQCLIFUHVHFEJO-UHFFFAOYSA-N	C8H8ClNO2
CC1=CC(=CC(=C1C(=O)O)Cl)N	89785514	YVYUZXLAMNOVKJ-UHFFFAOYSA-N	C8H8ClNO2
CO/C(=N\O)/C1=CC(=CC=C1)Cl	139603711	ILLNQBLNIBCIEE-NTMALXAHSA-N	C8H8ClNO2
CCC1=CC(=C(C=N1)C(=O)O)Cl	54565113	ZTGQJIAGLXBRGU-UHFFFAOYSA-N	C8H8ClNO2
C1[C@@H](O1)COC2=C(N=CC=C2)Cl	129365315	IPPPGBKCSNDYNW-ZCFIWIBFSA-N	C8H8ClNO2
CC1=CC(=NC=C1C(=O)Cl)OC	58919672	FKFZMZJZLWVSFU-UHFFFAOYSA-N	C8H8ClNO2
C1=CN(C(=C1)C(=O)O)CC=CCl	79104151	FPMGWFHHFLEFKZ-UHFFFAOYSA-N	C8H8ClNO2
COC1=CN=C(C=C1)CC(=O)Cl	121256259	VUFOCMZMYZQEKE-UHFFFAOYSA-N	C8H8ClNO2
C1C(C2=CC(=C(C=C2O1)Cl)O)N	130001862	MALGDDNYEJCQKH-UHFFFAOYSA-N	C8H8ClNO2
CCC1=CC(=CNC1=O)C(=O)Cl	87707501	VTBDTAZXWBEZCR-UHFFFAOYSA-N	C8H8ClNO2
CN1C(=O)C=C2C(=C1Cl)CCO2	129793708	ZQVYETYKEUDYFU-UHFFFAOYSA-N	C8H8ClNO2
CC(=O)C1=CNC(=CC1=O)CCl	72217974	SSXWMMNQIRHIHZ-UHFFFAOYSA-N	C8H8ClNO2
C1CC1NC(=O)C2=C(OC=C2)Cl	106685133	PRVQOPMRNCFPCG-UHFFFAOYSA-N	C8H8ClNO2
C1=CC(=C(C=C1O)O)C(=N)CCl	136040483	APJAKRAXUALELR-UHFFFAOYSA-N	C8H8ClNO2
COC1=CC(=C(C=C1)NC=O)Cl	143074	XDHAHSOCTSBOJU-UHFFFAOYSA-N	C8H8ClNO2
CNC1=C(C(=CC=C1)Cl)C(=O)O	62710768	GTDOXYQDGNOMOM-UHFFFAOYSA-N	C8H8ClNO2
COCC1=CC(=NCl)C=CC1=O	154339324	CNLBVOAQZMXXKN-UHFFFAOYSA-N	C8H8ClNO2
COCC(=O)C1=C(C=NC=C1)Cl	105115117	JOIKUUUWTLTURM-UHFFFAOYSA-N	C8H8ClNO2
C1C(CO1)OC2=C(N=CC=C2)Cl	121207907	GCQNZKDLIPPESV-UHFFFAOYSA-N	C8H8ClNO2
CC(=O)NOC1=CC=C(C=C1)Cl	23180479	MSQPWADDIIZBQN-UHFFFAOYSA-N	C8H8ClNO2
CC(=O)C1=CC(=C(C=C1Cl)N)O	131368296	QYLIPWLLPBDWCW-UHFFFAOYSA-N	C8H8ClNO2
C1=CC(=C(C=C1O)C(=O)CN)Cl	83697133	YHJQLDOGZFJAKC-UHFFFAOYSA-N	C8H8ClNO2
CC1=C(C(=CC=C1)[N+](=O)[O-])CCl	12204070	MNCBNKPLHKEZOG-UHFFFAOYSA-N	C8H8ClNO2
C1C(OC2=C(C=CC=C2O1)N)Cl	140971289	GJPOLNMCEYTURM-UHFFFAOYSA-N	C8H8ClNO2
C1C(CO1)OC2=NC=C(C=C2)Cl	102607199	MVNXPGNLSKEGME-UHFFFAOYSA-N	C8H8ClNO2
C1=CC(=CC(=C1)Cl)CC(=O)NO	62504611	XCVRMFSIPHCEPU-UHFFFAOYSA-N	C8H8ClNO2
C1=CC(=CC=C1CO)C(=NO)Cl	76777487	RFOJHALPISQRJS-UHFFFAOYSA-N	C8H8ClNO2
C1=CC(=C(C(=C1)Cl)N)CC(=O)O	91873824	NHOAATLJKSIHQC-UHFFFAOYSA-N	C8H8ClNO2
C1C=CCC(C1C(=O)Cl)N=C=O	13838827	AZVDQEZPHMWSFA-UHFFFAOYSA-N	C8H8ClNO2
C1=CC=C(C(=C1)C(=O)C(O)Cl)N	129704332	RKOHQUUBQXKBNM-UHFFFAOYSA-N	C8H8ClNO2
C1CC2=C(NC(=C2C1)Cl)C(=O)O	84014164	OUJUMDSNKOBHRZ-UHFFFAOYSA-N	C8H8ClNO2
COC1=CC=CC(=C1Cl)C=NO	142541257	ZHBYTCMVSOGDRA-UHFFFAOYSA-N	C8H8ClNO2
CCC1=CC(=C(C=C1)[N+](=O)[O-])Cl	54460754	XBKVHRJZRSVIAK-UHFFFAOYSA-N	C8H8ClNO2
C1CC2=CC(C1Cl)C(=O)NC2=O	154394254	ZTCSJQKFHNPREK-UHFFFAOYSA-N	C8H8ClNO2
CC(=O)C1=C(ON=C1C2CC2)Cl	84660309	FTXLLXDMCXVNEY-UHFFFAOYSA-N	C8H8ClNO2
CCOC(=O)C1=NC=CC(=C1)Cl	13015359	MXEIFGRJRCYUDJ-UHFFFAOYSA-N	C8H8ClNO2
C1=CC(=C(C=C1O)CC(=O)N)Cl	140143559	LWZDXPNWILTJIU-UHFFFAOYSA-N	C8H8ClNO2
CC1=CC(=CC(=C1O)Cl)C(=O)N	149201466	XETWAOCUPJLUFZ-UHFFFAOYSA-N	C8H8ClNO2
CC1=CC(=CC(=C1)Cl)C(=O)NO	59191002	DFWOVNOFIRAUSG-UHFFFAOYSA-N	C8H8ClNO2
C1=CC(=C(C=C1Cl)N)CC(=O)O	21689839	ZQCSZENEUSNHTF-UHFFFAOYSA-N	C8H8ClNO2
C1C=C2C(=CN=CC2=O)CO1.Cl	141545719	XQXZBFBWVFNCPY-UHFFFAOYSA-N	C8H8ClNO2
C1=CC(=CC=C1C(C=O)NO)Cl	54475997	XLPLLFBFURQRLA-UHFFFAOYSA-N	C8H8ClNO2
CC1=CN=CC(=C1CC(=O)O)Cl	84660308	VTVNWMIIEZTUGW-UHFFFAOYSA-N	C8H8ClNO2
C1=CN=CC(=C1Cl)CCC(=O)O	84071090	SKKFPIQGLFIZMH-UHFFFAOYSA-N	C8H8ClNO2
CC1=CC(=C(N=C1)Cl)CC(=O)O	55265918	CXVAPAPJHVDSGL-UHFFFAOYSA-N	C8H8ClNO2
C=C(C1=C(C=C(C=C1)Cl)O)NO	153226710	WOTBDEJQXJFING-UHFFFAOYSA-N	C8H8ClNO2
C1=CC(=CC=C1CC(=NO)Cl)O	150989819	LRWOYIIIWHKZDV-UHFFFAOYSA-N	C8H8ClNO2
C1=CC(=C(C=C1C(=O)O)CN)Cl	19044177	NNWXKXCUGXBRHC-UHFFFAOYSA-N	C8H8ClNO2
C1=CC=C(C(=C1)CNCl)C(=O)O	54008157	KQIZRYQUOWHYNU-UHFFFAOYSA-N	C8H8ClNO2
C1=CC=C(C(=C1)[C@@H](C(=O)N)O)Cl	55254085	BIEBWMDQQCKEIN-ZETCQYMHSA-N	C8H8ClNO2
COC(=O)NC1=CC(=CC=C1)Cl	16529	SEPMCAVKHUPSMA-UHFFFAOYSA-N	C8H8ClNO2
CC1=CC(=NC(=C1C)Cl)C(=O)O	84070581	FTVYSVHZBNSNSU-UHFFFAOYSA-N	C8H8ClNO2
C1=CC(=CC=C1C(=O)NCO)Cl	155414	WAIWUONKPOXLDW-UHFFFAOYSA-N	C8H8ClNO2
C1C=C(C[C@H]2[C@@H]1C(=O)NC2=O)Cl	911532	YPANFBQXIBCTJS-RITPCOANSA-N	C8H8ClNO2
C1=CC=C(C=C1)C(N)OC(=O)Cl	151564237	QDBWQQDXSXPQGW-UHFFFAOYSA-N	C8H8ClNO2
C1=CC(=CC(=C1)Cl)[C@H](C(=O)O)N	1515292	MGOUENCSVMAGSE-SSDOTTSWSA-N	C8H8ClNO2
CC1=CC(=CC(=C1OC=O)Cl)N	143294291	OZPMJFAVSCXHSX-UHFFFAOYSA-N	C8H8ClNO2
C1=CC(=C(C=C1C(C=O)N)Cl)O	18964142	BGMSDSHNWKARQF-UHFFFAOYSA-N	C8H8ClNO2
C1=CC(=CC=C1CO)/C(=N\O)/Cl	101499919	RFOJHALPISQRJS-CSKARUKUSA-N	C8H8ClNO2
CC(=O)C1=CC(=C(C(=C1)Cl)N)O	141870076	QNCMBGACUHTVMY-UHFFFAOYSA-N	C8H8ClNO2
C[C@H](C1=CC=C(C=C1)[N+](=O)[O-])Cl	13039584	LATFGMPDXQAUFT-ZCFIWIBFSA-N	C8H8ClNO2
C1=C(C=C(C=C1C(=O)O)Cl)CN	55264310	ITOAUMNHRWPAQN-UHFFFAOYSA-N	C8H8ClNO2
CC1=C(C(=O)NC=C1C(=O)C)Cl	149231124	XKHWRHFKUSODMM-UHFFFAOYSA-N	C8H8ClNO2
CC1=CC(=C(C=C1C(=O)N)Cl)O	141935451	ICWBABGHELQNEG-UHFFFAOYSA-N	C8H8ClNO2
CC1=CC(=C(C=C1C(=O)O)N)Cl	84769854	WGJYXWJRRSXENJ-UHFFFAOYSA-N	C8H8ClNO2
CC(=O)NC1=C(C=C(C=C1)Cl)O	177739	DCKCNXPTCOPTIJ-UHFFFAOYSA-N	C8H8ClNO2
C=C1C=CC=NC1C(C(=O)O)Cl	154396266	MJSVNDRIFMLUQC-UHFFFAOYSA-N	C8H8ClNO2
C=CC1=CCC(C=C1)([N+](=O)[O-])Cl	141551034	LNUCOIJJOINQQP-UHFFFAOYSA-N	C8H8ClNO2
CC1=C(C=CC(=C1C(=O)O)N)Cl	69961937	MGRLTKKKDVSFOK-UHFFFAOYSA-N	C8H8ClNO2
CC1=C(C=NC=C1CC(=O)O)Cl	83876594	BBDFKMAEWWNVAZ-UHFFFAOYSA-N	C8H8ClNO2
CC1=CC(=CC(=C1O)C(=O)N)Cl	38707	CDUYYXSMTAZNGT-UHFFFAOYSA-N	C8H8ClNO2
C1=C(C=NC=C1Cl)OCCC=O	64602613	ROQZKJOIGIIVRI-UHFFFAOYSA-N	C8H8ClNO2
CC1=CC(=C(C=C1)Cl)NC(=O)O	54225975	QFWMZNBICPZXSF-UHFFFAOYSA-N	C8H8ClNO2
C=C(C1=CC=CC=N1)C(=O)O.Cl	67154606	KXSANDIYARVHRC-UHFFFAOYSA-N	C8H8ClNO2
CC1=CC=CC=C1N(C(=O)O)Cl	88773943	XPGCLBFJDQFKFF-UHFFFAOYSA-N	C8H8ClNO2
C1=CC=C(C=C1)NC(=O)OCCl	10679101	AMMMVMRKMRKHAQ-UHFFFAOYSA-N	C8H8ClNO2
CC1=C(N=C(C=C1C(=O)O)Cl)C	58002006	XKXIESAVUSEGFQ-UHFFFAOYSA-N	C8H8ClNO2
C1COC2=C(O1)C=CC(=C2N)Cl	19068139	GHHFSINZUDUODS-UHFFFAOYSA-N	C8H8ClNO2
CC1=C(N=C(C=C1)Cl)C(=O)OC	45489870	XWPSWOKQWBNRDW-UHFFFAOYSA-N	C8H8ClNO2
COC(=O)C1=CC(=NC=C1)CCl	14625089	HHNGBEJGNFNNDX-UHFFFAOYSA-N	C8H8ClNO2
CN(C1=CC=CC=C1O)C(=O)Cl	154331802	ICSKCESDOQFZPC-UHFFFAOYSA-N	C8H8ClNO2
C1=CC=C(C(=C1)CCl)NC(=O)O	21398716	QZOLPCYZYCQGMC-UHFFFAOYSA-N	C8H8ClNO2
CC1=C(C(=C(C=C1)[N+](=O)[O-])Cl)C	67176205	LGVZYDQFUPEYNJ-UHFFFAOYSA-N	C8H8ClNO2
C1=CC=C(C(=C1)NC(=O)CCl)O	350567	PLLWMLQTDMZVDE-UHFFFAOYSA-N	C8H8ClNO2
CC(=O)ONC1=CC(=CC=C1)Cl	150882952	KWKGXOCMIWXFDK-UHFFFAOYSA-N	C8H8ClNO2
COC1=CC(=C(C=C1C=O)Cl)N	53646819	FRPLOCDKNDMVOD-UHFFFAOYSA-N	C8H8ClNO2
CC1=C(C(=NC=C1Cl)C(=O)O)C	145711669	PEIMIOWEGPHDKR-UHFFFAOYSA-N	C8H8ClNO2
C1CC(C1)C2=NOC(=C2Cl)C=O	84660321	NJJKLMAOWHBZHC-UHFFFAOYSA-N	C8H8ClNO2
CNC1=C(C=C(C=C1)Cl)C(=O)O	12511324	YZFWLQHILRFUTJ-UHFFFAOYSA-N	C8H8ClNO2
C1C(=CC=C(C=C1Cl)C(=O)N)O	142003636	SJICNMTZFCFROY-UHFFFAOYSA-N	C8H8ClNO2
C1=CC(=CC(=C1)Cl)[C@@H](C(=O)[O-])[NH3+]	7128389	MGOUENCSVMAGSE-ZETCQYMHSA-N	C8H8ClNO2
CC(=O)C1=CC(=CNC1=O)CCl	72218000	AJXSEPMZUQHGLE-UHFFFAOYSA-N	C8H8ClNO2
CC1=C(C=C(C=C1Cl)C(=O)O)N	33779468	WAIOKGUYCTWISY-UHFFFAOYSA-N	C8H8ClNO2
CC1=CN=C(C(=C1C)C(=O)O)Cl	83817516	LMVCZABWZIQHFN-UHFFFAOYSA-N	C8H8ClNO2
COC(=O)NC1=CC=C(C=C1)Cl	70326	CRGWHGISCDFEJY-UHFFFAOYSA-N	C8H8ClNO2
CC(=O)C1=CCC(=NOCl)C=C1	88779072	MRPQNRHIRLXDAZ-UHFFFAOYSA-N	C8H8ClNO2
C1=CC(=C(C=C1Cl)C(=O)CN)O	82602241	GVNOHLJZGCGPCB-UHFFFAOYSA-N	C8H8ClNO2
CCOC1=C(C=CC=N1)C(=O)Cl	21497170	SJTPFWOOEMUSOY-UHFFFAOYSA-N	C8H8ClNO2
COC(=O)C1=CN=CC(=C1)CCl	15279860	OPDNESXNNBQNSY-UHFFFAOYSA-N	C8H8ClNO2
C1=CC(=CC=C1C(C(=O)O)Cl)N	57067847	DHLCAFFEOWNGFE-UHFFFAOYSA-N	C8H8ClNO2
C1=C(C=C(C=C1N)Cl)CC(=O)O	72214159	SLSNJQFRVKLPDL-UHFFFAOYSA-N	C8H8ClNO2
C1[C@H](ON=C1C2=CC=CO2)CCl	99994133	UBIMCVIDURUURA-LURJTMIESA-N	C8H8ClNO2
CC1=CC(=NC(=C1C)C(=O)O)Cl	142799085	IMDVUVXXNNFRSI-UHFFFAOYSA-N	C8H8ClNO2
CC(=O)CN1C=C(C=C1C=O)Cl	134340789	UATDNWPFZHHWOG-UHFFFAOYSA-N	C8H8ClNO2
COC1=C(C=CC(=C1)Cl)NC=O	85990611	BUTRGISQUJLVCG-UHFFFAOYSA-N	C8H8ClNO2
CN(C(=O)C1=CC=C(C=C1)Cl)O	12808620	ZQEIUQYRVSXXJF-UHFFFAOYSA-N	C8H8ClNO2
COC1=C(C=C(C(=C1)C=O)Cl)N	86243772	HCXGIEOEYHDOBO-UHFFFAOYSA-N	C8H8ClNO2
C1=CC(=NC(=C1CCO)C=O)Cl	129253730	OUNYPRROCIFAPB-UHFFFAOYSA-N	C8H8ClNO2
C1C=C(C[C@@H]2[C@H]1C(=O)NC2=O)Cl	6545621	YPANFBQXIBCTJS-NTSWFWBYSA-N	C8H8ClNO2
CC(=O)C1=CC(=NC=C1OC)Cl	71742635	SANXZVAJCDYLLM-UHFFFAOYSA-N	C8H8ClNO2
CC1=CN=CC(=C1C(=O)OC)Cl	92043031	UXCGHOIUHHPBJL-UHFFFAOYSA-N	C8H8ClNO2
CC1=CC(=C(C=C1)[N+](=O)[O-])CCl	2724031	BWPZDLVOJNBEKI-UHFFFAOYSA-N	C8H8ClNO2
COC1=CC=C(C=C1)NC(=O)Cl	22151018	JHMDPDAKHZMBFU-UHFFFAOYSA-N	C8H8ClNO2
CC(=O)OCC1=C(N=CC=C1)Cl	129322259	PITKUDHKWHALLB-UHFFFAOYSA-N	C8H8ClNO2
C1=CC(=CC=C1C(C(=O)N)Cl)O	53676484	AHNAYBRDBKQZAS-UHFFFAOYSA-N	C8H8ClNO2
CO/C(=N\Cl)/C1=CC=CC=C1O	136465081	ZKBGDKOTNJBGPL-NTMALXAHSA-N	C8H8ClNO2
CC1=C2C(=NC=C1Cl)OCCO2	71299053	RQMBKYDYKXCDAB-UHFFFAOYSA-N	C8H8ClNO2
CCOC(=O)C1=CC(=NC=C1)Cl	2762942	IGRLNCOFYMWKBU-UHFFFAOYSA-N	C8H8ClNO2
CC1=C(C(=NC=C1C(=O)O)C)Cl	7060662	VYZZJBQSTZSBCR-UHFFFAOYSA-N	C8H8ClNO2
C/C(=N\O)/C1=C(C(=CC=C1)Cl)O	137052044	DPIVTBNBNAIIHW-BJMVGYQFSA-N	C8H8ClNO2
C1CC1N2C=C(C=C2C(=O)O)Cl	121599716	PFHSGKOGLHLVNZ-UHFFFAOYSA-N	C8H8ClNO2
CC1=CC(=CC(=C1O)/C=N/O)Cl	136658148	QEUOOSBQHCPQBN-ONNFQVAWSA-N	C8H8ClNO2
COC1(C2=CC=CC=C2ON1)Cl	69700215	USWKQHULFWJPIB-UHFFFAOYSA-N	C8H8ClNO2
CC1=CC(=C(C=C1N)C(=O)O)Cl	89643984	ZBWZWHVSMZSRTQ-UHFFFAOYSA-N	C8H8ClNO2
COC1=C(C=CC=N1)C(=O)CCl	53416738	HHEXRORDKRIGGC-UHFFFAOYSA-N	C8H8ClNO2
CC(=O)C1=NC(=CC(=C1)OC)Cl	72213966	XOVSEAIQHNKWBA-UHFFFAOYSA-N	C8H8ClNO2
COC1=CC=CC(=C1C(=O)Cl)N	129915021	ZVZVTCXIAQVKJD-UHFFFAOYSA-N	C8H8ClNO2
CC(C1=C(C=CN=C1)Cl)C(=O)O	115009154	GJMNKRZIWIXTRF-UHFFFAOYSA-N	C8H8ClNO2
CC1=CC(=NC=C1C)C(=O)OCl	129127103	GJMIMMNZPCSKRY-UHFFFAOYSA-N	C8H8ClNO2
CNC1=CC(=C(C=C1)Cl)C(=O)O	20315985	PFYNWPASWFNCOT-UHFFFAOYSA-N	C8H8ClNO2
CCC1=C(C=C(C=C1)Cl)[N+](=O)[O-]	15892659	OONNZMCLGSRPOP-UHFFFAOYSA-N	C8H8ClNO2
C1=CC(=CC=C1CC(=O)ON)Cl	70150518	UAMOGEZZIFHGGK-UHFFFAOYSA-N	C8H8ClNO2
CC(=O)N1CC=C(C=C1)C(=O)Cl	142750894	SQEDFZHPIYRSPS-UHFFFAOYSA-N	C8H8ClNO2
C1=CC(=C(N=C1)Cl)CCC(=O)O	86642791	FXKNTJOROSPHDO-UHFFFAOYSA-N	C8H8ClNO2
C1=CC2=C(C=C1Cl)OC(O2)CN	84660305	TUYLIKRADIXNAV-UHFFFAOYSA-N	C8H8ClNO2
CC1=CC(=NC=C1Cl)CC(=O)O	55253020	ZLXPKDQNWVGMBB-UHFFFAOYSA-N	C8H8ClNO2
C1=CC(=C(C=C1O)C(=O)CCl)N	22925706	DBMWUQCKXUYVKB-UHFFFAOYSA-N	C8H8ClNO2
COC(=O)C1C=CC=CC1=NCl	149618851	ACRRWBJNHFXSPT-UHFFFAOYSA-N	C8H8ClNO2
C=C(C(=O)O)[N+]1=CC=CC=C1.[Cl-]	129927071	RHLASWGJWYAYIQ-UHFFFAOYSA-N	C8H8ClNO2
COC1=C(C=CC=C1N)C(=O)Cl	89336161	KSBNTDXQUGSQCI-UHFFFAOYSA-N	C8H8ClNO2
C1=CC=C(C(=C1)NC(=O)CO)Cl	16770052	FVDBLBVYFVWIGX-UHFFFAOYSA-N	C8H8ClNO2
C1=CC(=C(C=C1C(=O)O)N)CCl	91883413	FTGOHHBPAWQHBK-UHFFFAOYSA-N	C8H8ClNO2
C1=CC(=C(C=C1Cl)O)CC(=O)N	69694888	DXYYFTYBJHPUOC-UHFFFAOYSA-N	C8H8ClNO2
CC(=O)C1=CC(=O)C=C(N1)CCl	72215208	DTRFNIFHBNMKPC-UHFFFAOYSA-N	C8H8ClNO2
COCC(=O)C1=CN=C(C=C1)Cl	80461132	KUSOXTRJZNKANN-UHFFFAOYSA-N	C8H8ClNO2
C1=CC(=CN=C1)C(=O)OCCCl	158512	KWPQRCZYDGDFRD-UHFFFAOYSA-N	C8H8ClNO2
C1=CC(=C(C(=C1)Cl)C(=O)N)CO	69481945	MJLFPKJSQGBATD-UHFFFAOYSA-N	C8H8ClNO2
C1=CC(=CC(=C1)Cl)[C@@H](C(=O)N)O	55254086	OENYBIZVWXUXCG-ZETCQYMHSA-N	C8H8ClNO2
C1=CC(=CC=C1[C@@H](C(=O)[O-])[NH3+])Cl	8027290	QGJGBYXRJVIYGA-ZETCQYMHSA-N	C8H8ClNO2
C1=CC(=C(C(=C1)O)C(=O)CCl)N	153819681	CWDQPXOPAVMWCE-UHFFFAOYSA-N	C8H8ClNO2
COC(=O)C1=CN=C(C=C1)CCl	15331516	UAYKHVMBFFBZFI-UHFFFAOYSA-N	C8H8ClNO2
COC1=CC(=C(N=C1)CC=O)Cl	83876597	HMJHRKWJPURPHB-UHFFFAOYSA-N	C8H8ClNO2
COC1=C(C=C(C=C1)Cl)NC=O	4580585	NNRAYKKQQYJMNZ-UHFFFAOYSA-N	C8H8ClNO2
CC1=C(N=C(C=C1)C(=O)OC)Cl	18324417	AMIHCSRDGRJMTO-UHFFFAOYSA-N	C8H8ClNO2
COCC(=O)C1=C(C=CC=N1)Cl	103443170	PZLVVVLHPKFLHV-UHFFFAOYSA-N	C8H8ClNO2
CC1=CC(=CC(=N1)CC(=O)O)Cl	72214222	HNSDPHDATOOERD-UHFFFAOYSA-N	C8H8ClNO2
C=C/C=C(\C(=C/C=C)\Cl)/[N+](=O)[O-]	144068310	VCHLXDHFSJQFRR-KQQUZDAGSA-N	C8H8ClNO2
COC1=C(C=C(C=C1)Cl)/C=N\O	87389418	QPAUMCTVXSDULH-YHYXMXQVSA-N	C8H8ClNO2
CC1=C(C2=C(COC2)C(=N1)Cl)O	23323721	MGCFZALBQJIQFS-UHFFFAOYSA-N	C8H8ClNO2
C1=CC(=NC=C1CCl)COC=O	57200315	UWWCSDUFWXCYQH-UHFFFAOYSA-N	C8H8ClNO2
CC(C1=NC(=CC=C1)Cl)C(=O)O	86655038	YFKQMRWUKSXOOE-UHFFFAOYSA-N	C8H8ClNO2
C1=CC(=C(C=C1C(=O)O)CCl)N	145785160	UASQQBJNDLKTLT-UHFFFAOYSA-N	C8H8ClNO2
C1=CC(=NCCl)C=CC1C(=O)O	23324262	PWWJIQZTURICBW-UHFFFAOYSA-N	C8H8ClNO2
C1=C(C=NC=C1Cl)CCOC=O	87853026	IQIJMHCNBWEKSZ-UHFFFAOYSA-N	C8H8ClNO2
CN(C1=CC=CC=C1C(=O)O)Cl	53737510	CSFQPSCMGBYUNZ-UHFFFAOYSA-N	C8H8ClNO2
CN(C1=CC=C(C=C1)Cl)C(=O)O	15049843	AVNCAFPAKWCXJP-UHFFFAOYSA-N	C8H8ClNO2
C1CC1N2C=CC(=C2C(=O)O)Cl	141430855	YOVLPMISMMVNBW-UHFFFAOYSA-N	C8H8ClNO2
CONC(=O)C1=CC=C(C=C1)Cl	12610570	BXUGEJAHPQFPGM-UHFFFAOYSA-N	C8H8ClNO2
CC(=O)C1=NC=C(C(=C1)OC)Cl	84660312	QEYDIHVRKSPRGY-UHFFFAOYSA-N	C8H8ClNO2
COC1=CCC=C(C=C1N=O)Cl	148912984	PIZPIGXAPAHUKE-UHFFFAOYSA-N	C8H8ClNO2
CC(=O)OC1=C(C=C(C=C1)N)Cl	69407541	DCVNGJSWIWCMJO-UHFFFAOYSA-N	C8H8ClNO2
CC(=O)NC1=C(C=C(C=C1)O)Cl	14590937	CDGZSMOCDYNULJ-UHFFFAOYSA-N	C8H8ClNO2
CC(=O)C1=NC=CC(=C1OC)Cl	129915392	HTHKXQVSLUVYQR-UHFFFAOYSA-N	C8H8ClNO2
CCC(=O)OC1=CN=C(C=C1)Cl	91105020	ZWCQTGQZENPGDL-UHFFFAOYSA-N	C8H8ClNO2
CC1=C(C=C(C=C1Cl)C(=O)N)O	144104455	LNKALEPSVATWPQ-UHFFFAOYSA-N	C8H8ClNO2
CC1=CC(=CN(C1=O)C)C(=O)Cl	117889546	PAQOYAOMKUVOGB-UHFFFAOYSA-N	C8H8ClNO2
C1=CC=C(C=C1)C(OC(=O)N)Cl	66644005	FUACNMHRGKOPRB-UHFFFAOYSA-N	C8H8ClNO2
CO[N+](=CC1=CC(=CC=C1)Cl)[O-]	101535178	SGAXNRYNOXAFAF-UHFFFAOYSA-N	C8H8ClNO2
C1=CC(=CC(=C1)Cl)[C@H](C(=O)N)O	11321369	OENYBIZVWXUXCG-SSDOTTSWSA-N	C8H8ClNO2
C1C=CN=C(C1=CCCl)C(=O)O	57045248	VBCOYPFDBHFPTM-UHFFFAOYSA-N	C8H8ClNO2
CC(C1=CC(=CC=C1)[N+](=O)[O-])Cl	13035152	QRWUNNJGVSGUAF-UHFFFAOYSA-N	C8H8ClNO2
C1C(C2=C(O1)C(=NC=C2)Cl)CO	19703002	REMOMHARFSPPEX-UHFFFAOYSA-N	C8H8ClNO2
C1=CN=C(C=C1C(=O)O)CCCl	66699522	JPUZSAODUQTBLS-UHFFFAOYSA-N	C8H8ClNO2
C=CC1=C(OC(N1)C(=O)Cl)C=C	144275346	VZRIDVMHSQCLAU-UHFFFAOYSA-N	C8H8ClNO2
CNC(=O)C1=CC(=C(C=C1)Cl)O	72225233	ZITPBBGQGLBTRN-UHFFFAOYSA-N	C8H8ClNO2
C1=CC(=CC=C1C(C(=O)N)O)Cl	29140	LDVLVMRFNCMVLS-UHFFFAOYSA-N	C8H8ClNO2
COC1=C(C=CC(=C1)C(=O)Cl)N	129915950	AWADWVIQWQJLIV-UHFFFAOYSA-N	C8H8ClNO2
CC1=CC(=C(C=CC1)Cl)[N+](=O)[O-]	143291046	BHKJZHIHCHRRQM-UHFFFAOYSA-N	C8H8ClNO2
CC1=C(C(=CC=C1)Cl)OC(=O)N	151881967	SOXKEMIFTNKTJE-UHFFFAOYSA-N	C8H8ClNO2
CC(=O)C1=CC(=C(C=C1O)N)Cl	59564286	VJALECOWIGYPDA-UHFFFAOYSA-N	C8H8ClNO2
C1=CC(=C(N=C1)CCC(=O)O)Cl	82655504	BKPBQOVXPOGNGR-UHFFFAOYSA-N	C8H8ClNO2
CC1=C(C(=CC=C1)C(=O)NO)Cl	81779264	CERJBGYLQFDOGJ-UHFFFAOYSA-N	C8H8ClNO2
CC1=CC(=CN=C1CC(=O)O)Cl	55266560	MQCBYFDBYQIFKD-UHFFFAOYSA-N	C8H8ClNO2
C1=CCl=C=C=C1CNCC(=O)O	148967114	PTDGCKXEFBFHOO-UHFFFAOYSA-N	C8H8ClNO2
C1[C@@H](C2=C(O1)C(=CC(=C2)O)Cl)N	130655560	ACZHKQPSAFPROR-ZETCQYMHSA-N	C8H8ClNO2
C1=CC(=CC=C1OC(=O)CN)Cl	54493397	XXJICHOOFQQNPP-UHFFFAOYSA-N	C8H8ClNO2
C=C(C1=C(C=CC(=C1)Cl)O)NO	2036779	XGRWJRWJHMTTRM-UHFFFAOYSA-N	C8H8ClNO2
C1=CC(=CC=C1CC(=O)NO)Cl	23423499	JESDONMAEVRHPJ-UHFFFAOYSA-N	C8H8ClNO2
CC(C)C1=C(C=C(O1)N=C=O)Cl	83915241	DDTNBYUCPNADBE-UHFFFAOYSA-N	C8H8ClNO2
COC1=C(C=C(C=C1)/C=N/O)Cl	9635693	HVLSMUKUKRFWAQ-BJMVGYQFSA-N	C8H8ClNO2
C1CC2=C(NC=C2C1C(=O)O)Cl	83906974	SQQAVJWLNKSTGC-UHFFFAOYSA-N	C8H8ClNO2
CCC(=O)C1=CNC(=O)C(=C1)Cl	20071990	RIOBIKBMZHXFGH-UHFFFAOYSA-N	C8H8ClNO2
COC1=CC=CC=C1/C(=N/O)/Cl	11206217	KVDMQNUSKPRBGU-NTMALXAHSA-N	C8H8ClNO2
CC1N(C2=C(O1)CC(=O)C=C2)Cl	88828842	APGDRNIVFNOZOL-UHFFFAOYSA-N	C8H8ClNO2
CCC1=NC(=C(C=C1)C(=O)O)Cl	22924422	WMRHHKFYLOHSEB-UHFFFAOYSA-N	C8H8ClNO2
C1=CC(=CC=C1[C@H](C(=O)N)O)Cl	69300221	LDVLVMRFNCMVLS-SSDOTTSWSA-N	C8H8ClNO2
C1COC(C2=CC(=NC=C21)Cl)O	118628756	LYBLKSDVDLGQLP-UHFFFAOYSA-N	C8H8ClNO2
CC1=C(C=CC(=C1C(=O)O)Cl)N	131112945	WQVYLUSHBGDIPE-UHFFFAOYSA-N	C8H8ClNO2
CC(=O)CC1=CNC(=O)C(=C1)Cl	83876599	ALSCXXPJSNWQJI-UHFFFAOYSA-N	C8H8ClNO2
C1=CC(=CC=C1COC(=O)Cl)N	57804750	ICTNUKAZNLRHBT-UHFFFAOYSA-N	C8H8ClNO2
CC1=C(C=CC(=C1)Cl)NC(=O)O	21332357	TXWJKQMIVVVCQX-UHFFFAOYSA-N	C8H8ClNO2
CC1=C(C=CC=N1)C(=O)OCCl	152148476	VKSGFCGCOHSNSL-UHFFFAOYSA-N	C8H8ClNO2
CC1=C(C(=CC=C1)C(=O)O)NCl	141061311	JRXYFZPMYRZEEA-UHFFFAOYSA-N	C8H8ClNO2
COC1=C(C(=CC=C1)Cl)/C=N\O	86337357	JPJDOPGYVPIDJR-YHYXMXQVSA-N	C8H8ClNO2
CC1=NC=CC(=C1Cl)C(=O)OC	126970990	IPIXRYJECSYJCC-UHFFFAOYSA-N	C8H8ClNO2
C1=CC=NC(=C1)C=CC(=O)O.Cl	67154607	OKWBBAZSMCTWEH-UHFFFAOYSA-N	C8H8ClNO2
C1=CC(=C(C=C1C2C(O2)O)Cl)N	153643086	WEVOXSQUIKVBRQ-UHFFFAOYSA-N	C8H8ClNO2
C1=CC2=C(C=C1N)OC(O2)CCl	70613998	QHNXEERFFBQDMD-UHFFFAOYSA-N	C8H8ClNO2
CC1(CC1C=C(C#N)Cl)C(=O)O	152415348	XMHVPZYDFQFEGT-UHFFFAOYSA-N	C8H8ClNO2
COC(=N)C1=C(C=CC=C1Cl)O	137208259	YRIMKRJSWJYPNK-UHFFFAOYSA-N	C8H8ClNO2
CNOC(=O)C1=CC=C(C=C1)Cl	89312784	BIMMHWUNGRNRER-UHFFFAOYSA-N	C8H8ClNO2
CC1=CC(=C(C=N1)Cl)C(=O)OC	59765511	PSOQVWORUVHHKE-UHFFFAOYSA-N	C8H8ClNO2
COC1[C@@H](O1)C2=CC(=NC=C2)Cl	147331459	DBSUMQAAQRBEGA-JAMMHHFISA-N	C8H8ClNO2
C1CC=C(N=CC(=C1)C(=O)O)Cl	148626175	NHFYDBSLTPJENY-UHFFFAOYSA-N	C8H8ClNO2
CC(C1=C(C=C(C=C1)Cl)O)N=O	91177665	SJIAQRNFRJKZCU-UHFFFAOYSA-N	C8H8ClNO2
C1OC2=C(C=CC(=C2O1)Cl)CN	117280288	BJGOYHZMYGCYGG-UHFFFAOYSA-N	C8H8ClNO2
C1C2=CC=CC=C2NC(=O)O1.Cl	70472427	KGQZTVFSRUNFFX-UHFFFAOYSA-N	C8H8ClNO2
C1=C(OC(=C1)Cl)C(CCC#N)O	131187698	GMHDHALEMDYQLB-UHFFFAOYSA-N	C8H8ClNO2
CC(=O)C1=C(N=C(C=C1)OC)Cl	72211906	NGCGKWNIZQTRHU-UHFFFAOYSA-N	C8H8ClNO2
COC(=O)C1=C(C(=CC=C1)Cl)N	11030511	MSXSZFYRADEEJA-UHFFFAOYSA-N	C8H8ClNO2
CC1=C(C=C(C=C1)NC(=O)O)Cl	20498408	PJTGFNAHESRDIO-UHFFFAOYSA-N	C8H8ClNO2
COC(=O)NC1=CC=CC=C1Cl	30216	SJTVPRCAJODHGA-UHFFFAOYSA-N	C8H8ClNO2
C1=CC(=CC=C1[C@@H](C(=O)N)O)Cl	92151972	LDVLVMRFNCMVLS-ZETCQYMHSA-N	C8H8ClNO2
C1[C@@H](ON=C1C2=CC=CO2)CCl	99994137	UBIMCVIDURUURA-ZCFIWIBFSA-N	C8H8ClNO2
C1CN2C(=CC=C2C(=O)O)C1Cl	134285194	KGUPZVMTSBINSO-UHFFFAOYSA-N	C8H8ClNO2
CCC1=C(C=CC(=C1)Cl)[N+](=O)[O-]	11194747	ZWKMZAZHKGXPBS-UHFFFAOYSA-N	C8H8ClNO2
C1OC2=C(O1)C(=CC(=C2)CN)Cl	15548034	DDZWYYBOSTUQHG-UHFFFAOYSA-N	C8H8ClNO2
CC(=O)C1=NC(=CC(=C1)Cl)OC	72211905	UAQQUNKSLUJLFM-UHFFFAOYSA-N	C8H8ClNO2
C1CC=C2C(=O)NC(=O)C2(C1)Cl	70499680	IIXZPEWPEBTYMK-UHFFFAOYSA-N	C8H8ClNO2
COC1=CC(=CC(=C1)/C=N\O)Cl	87389032	CYUWYVYHJYFSNM-YHYXMXQVSA-N	C8H8ClNO2
CONC(=O)C1=CC(=CC=C1)Cl	54363591	UOFDKPNIJMUKEK-UHFFFAOYSA-N	C8H8ClNO2
COC1=C(C=CC=C1O)C(=N)Cl	134523846	AUZLAAQYWXKYHE-UHFFFAOYSA-N	C8H8ClNO2
COC(=O)C1=C(C=CC=C1Cl)N	592849	BXRYSXCIRIKKJV-UHFFFAOYSA-N	C8H8ClNO2
C=CCN1C=C(C(=CC1=O)O)Cl	54731712	JCWWKTFYBZFDOM-UHFFFAOYSA-N	C8H8ClNO2
COC1=CC=CC(=C1)C(=NO)Cl	3501474	DEXRYCNUFWKXHS-UHFFFAOYSA-N	C8H8ClNO2
CNC(=O)C1=C(C(=CC=C1)Cl)O	101731778	FCKPMBNHXATQEB-UHFFFAOYSA-N	C8H8ClNO2
COC(=O)CC1=C(C=CC=N1)Cl	59570433	PUTYVQIHGXKLHE-UHFFFAOYSA-N	C8H8ClNO2
COC1=CC(=C(C=C1)N)C(=O)Cl	129914830	WOALDJXDFPWAEO-UHFFFAOYSA-N	C8H8ClNO2
CC1=C(C(=CN(C1=O)C)C=O)Cl	129972238	LPLLAIYZDOPTLY-UHFFFAOYSA-N	C8H8ClNO2
CC(=O)N=C1C=CC(C=C1)(O)Cl	45120250	QGFTWNPHICHVPW-UHFFFAOYSA-N	C8H8ClNO2
COC1=CC(=C(C=C1)Cl)C=NO	141498368	COSVPDNSLRGZPI-UHFFFAOYSA-N	C8H8ClNO2
C1=CC=C(C=C1)CONC(=O)Cl	89494015	ICBPQFHMCIKDNI-UHFFFAOYSA-N	C8H8ClNO2
CC1=C(C=CN=C1CC(=O)O)Cl	118822416	JPXASAAJHUGAMM-UHFFFAOYSA-N	C8H8ClNO2
C1=CC=C2C(=C1)NC=C[O+]2[O-].Cl	140391700	HNNKFRZEWRQGRT-UHFFFAOYSA-N	C8H8ClNO2
C1=CC(=CC=C1CC(=O)NCl)O	150087031	DSLFLSSIHDPXNY-UHFFFAOYSA-N	C8H8ClNO2
COC(=O)C1=CC(=C(C=C1)N)Cl	1515284	WKVJBYKFGNVWLM-UHFFFAOYSA-N	C8H8ClNO2
CC1=CC(=CC(=C1N)Cl)C(=O)O	2735300	QDVXQZIEVDLRRT-UHFFFAOYSA-N	C8H8ClNO2
C1=CC(=CC=C1C(=O)CNCl)O	87510884	OEEVDPKHOXKULA-UHFFFAOYSA-N	C8H8ClNO2
C1C2=CC=CC=C2OC(N1Cl)O	57300960	DSDHQGFCDGLJCJ-UHFFFAOYSA-N	C8H8ClNO2
CO/C(=N/O)/C1=CC=C(C=C1)Cl	101716172	YBNWAQGEKZJTJW-CSKARUKUSA-N	C8H8ClNO2
CC1=CC(=C(N=C1C(=O)O)C)Cl	145710851	XJMZIHVEGRJNDW-UHFFFAOYSA-N	C8H8ClNO2
C1=CC(=CC=C1[C@H](C(=O)Cl)N)O	11542891	YLHCHEBQIHXSIW-SSDOTTSWSA-N	C8H8ClNO2
COC1=CC=CC(=C1)/C(=N\O)/Cl	5844765	DEXRYCNUFWKXHS-CSKARUKUSA-N	C8H8ClNO2
C[C@@H](C1=CC(=CC=C1)[N+](=O)[O-])Cl	7130792	QRWUNNJGVSGUAF-LURJTMIESA-N	C8H8ClNO2
C1=CC=C(C(=C1)CC(=O)O)NCl	88713263	CQWYUCMCWNUPNG-UHFFFAOYSA-N	C8H8ClNO2
C[C@H](C1=C(C=C(C=N1)C=O)Cl)O	129372255	ZOWDALAXIOBTGG-RXMQYKEDSA-N	C8H8ClNO2
CC1=C(C=C(C=C1N)Cl)C(=O)O	82884027	RCOGAGPFQSOQEN-UHFFFAOYSA-N	C8H8ClNO2
C1C2=C(C=C(C=C2)N)C(=O)O1.Cl	75487657	FNNBFZZNEGHSMF-UHFFFAOYSA-N	C8H8ClNO2
CCN1C=C(C=CC1=O)C(=O)Cl	57861903	FNNZRMORKJCMIF-UHFFFAOYSA-N	C8H8ClNO2
CC(=NO)C1=C(C(=CC=C1)Cl)O	136250535	DPIVTBNBNAIIHW-UHFFFAOYSA-N	C8H8ClNO2
C1=CC(=C(C=C1N)CC(=O)O)Cl	84660318	NLWBPIPWOCYEES-UHFFFAOYSA-N	C8H8ClNO2
CC1=C(C(=C(C=C1)Cl)N)C(=O)O	71755590	YUABVKAESFPLEF-UHFFFAOYSA-N	C8H8ClNO2
CC1=CC(=C(N=C1)OC(=O)C)Cl	152194687	VTZWXNPNGRBPRH-UHFFFAOYSA-N	C8H8ClNO2
COC(=O)C1=CC=C(C=C1)NCl	58560759	JZYIOORLYHSDBV-UHFFFAOYSA-N	C8H8ClNO2
CC1=NC=CC(=C1Cl)CC(=O)O	126972308	JLFLOEYATRUKKK-UHFFFAOYSA-N	C8H8ClNO2
C1=CC(=NC(=C1)C(=O)O)CCCl	149735137	AZZYYLHGSJZUNX-UHFFFAOYSA-N	C8H8ClNO2
CCC1=NC(=C(C=C1)Cl)C(=O)O	129916842	LMTIXIBAOSJKTN-UHFFFAOYSA-N	C8H8ClNO2
COC1=CC=C(C=C1)/C(=N\O)/Cl	5706781	RWYJLUIRTJBSDS-CSKARUKUSA-N	C8H8ClNO2
C1=CC(=C(C=C1Cl)CC(=O)N)O	57695370	BRXDADWFUXOZAJ-UHFFFAOYSA-N	C8H8ClNO2
C1=CC(=C(C=C1CCl)C(=O)O)N	54056217	LWLGHEVFJHZAHH-UHFFFAOYSA-N	C8H8ClNO2
CC1=CN=CC(=C1CCl)C(=O)O	92132772	HJXKBGFAYMFBCB-UHFFFAOYSA-N	C8H8ClNO2
C1C(O1)COC2=C(N=CC=C2)Cl	11789921	IPPPGBKCSNDYNW-UHFFFAOYSA-N	C8H8ClNO2
CC1=CC(=CC(=N1)Cl)COC=O	153455827	ZVXOJOIPMQOIMQ-UHFFFAOYSA-N	C8H8ClNO2
C=C(CNC(=O)C1=CC=CO1)Cl	115637022	GQSLBSGTAMNPED-UHFFFAOYSA-N	C8H8ClNO2
CC1=C(C=C(C=C1Cl)N)C(=O)O	84660314	FGJNGWQSNRCFPG-UHFFFAOYSA-N	C8H8ClNO2
CC1=CC(=CN=C1Cl)OC(=O)C	21828869	WMBNONRWJWUNRC-UHFFFAOYSA-N	C8H8ClNO2
C1=CC=C(C=C1)N(CC(=O)O)Cl	53438140	BFMHUAAJNZFHIO-UHFFFAOYSA-N	C8H8ClNO2
CC1=C(C=CN=C1C(=O)OC)Cl	55277249	VAWDFIIBJHTUAH-UHFFFAOYSA-N	C8H8ClNO2
CC1=C(C=CC(=C1C)Cl)[N+](=O)[O-]	20233256	NWAOUFGCGKRZBR-UHFFFAOYSA-N	C8H8ClNO2
CC1=C(C=CC(=C1)CCl)[N+](=O)[O-]	87687	DLYHOEXVOPOBAJ-UHFFFAOYSA-N	C8H8ClNO2
CC1=C(C=CN=C1CCl)C(=O)O	70394696	SGANLFPZPIASQK-UHFFFAOYSA-N	C8H8ClNO2
CC1=CC(=NC=C1Cl)C(=O)OC	72213069	NFBXFCOGFKVJQC-UHFFFAOYSA-N	C8H8ClNO2
COC1=C(C=CC(=C1)C(=O)N)Cl	53790778	FBRCAMYSBQMVSU-UHFFFAOYSA-N	C8H8ClNO2
C1[C@H](C2=C(O1)C(=CC(=C2)O)Cl)N	130627964	ACZHKQPSAFPROR-SSDOTTSWSA-N	C8H8ClNO2
C1=CC=C(C=C1)OC(=O)NCCl	54384047	VBZDAGISYWQVBY-UHFFFAOYSA-N	C8H8ClNO2
C1=CN=C(C=C1C(=O)CCO)Cl	101780151	OPCFDUMEBAEBQT-UHFFFAOYSA-N	C8H8ClNO2
C1C2C=CC1(NC2=O)C(=O)CCl	86587051	VECKMGIKZDTXJB-UHFFFAOYSA-N	C8H8ClNO2
C1=CC=C(C=C1)N(C(=O)CO)Cl	54301552	KWOULZHIWNEIOR-UHFFFAOYSA-N	C8H8ClNO2
CC(C1=CC=CC=C1[N+](=O)[O-])Cl	13791932	BQXWCTXAXOSVLK-UHFFFAOYSA-N	C8H8ClNO2
C/C(=N\O)/C1=C(C=C(C=C1)O)Cl	140194556	UYMGGSPPKZUUHN-BJMVGYQFSA-N	C8H8ClNO2
CNC(=O)OC1=CC=CC=C1Cl	19841	ZAGNMMRDHSEOPE-UHFFFAOYSA-N	C8H8ClNO2
CCOC1=C(N=CC(=C1)C=O)Cl	130047998	DXOMGHFFYIBHBH-UHFFFAOYSA-N	C8H8ClNO2
CC(C1=CC=CC=C1)([N+](=O)[O-])Cl	85780735	QVSAZPJHFADFMW-UHFFFAOYSA-N	C8H8ClNO2
COC1=CC(=NC(=CC1=C)O)Cl	149373463	YKGUBLJJGNRMET-UHFFFAOYSA-N	C8H8ClNO2
COC1=CC=CC(=C1N)C(=O)Cl	86811272	IUPPUTURPKNIJF-UHFFFAOYSA-N	C8H8ClNO2
CCOC(=O)/C(=C/C(=C)Cl)/C#N	20552588	AXMYNDRAXLTWJJ-QPJJXVBHSA-N	C8H8ClNO2
CC1=C(C(=C(C=C1)Cl)C(=O)O)N	28881281	QIZZHPAEYROYKH-UHFFFAOYSA-N	C8H8ClNO2
C1=CC(=CC(=C1)Cl)C(=O)CON	105441913	PYRXRGFFYJVURX-UHFFFAOYSA-N	C8H8ClNO2
C1=CN=CC=C1C=CC(=O)O.Cl	70092581	OOXLPYCHQGZDJY-UHFFFAOYSA-N	C8H8ClNO2
CC(C1=CC=CC=C1Cl)[N+](=O)[O-]	21252639	MDFSWNXSKCBUJR-UHFFFAOYSA-N	C8H8ClNO2
CCC1=CN=C(C=C1Cl)C(=O)O	119084979	LNHRLFLCLWZMNO-UHFFFAOYSA-N	C8H8ClNO2
CC1=CC(=C(C(=N1)C)C(=O)O)Cl	5239123	TVZVZAZYZPHYPA-UHFFFAOYSA-N	C8H8ClNO2
C1[C@@H](O1)COC2=CC(=CN=C2)Cl	130493247	JECMKGNVSPGVKQ-QMMMGPOBSA-N	C8H8ClNO2
C1=CC(=C(C=C1Cl)O)C(=O)CN	82602239	LNTNWOSNYJAYGJ-UHFFFAOYSA-N	C8H8ClNO2
C[C@H](C1=CC(=CC=C1)[N+](=O)[O-])Cl	7130793	QRWUNNJGVSGUAF-ZCFIWIBFSA-N	C8H8ClNO2
CC1=CC(=C(C=C1)CCl)[N+](=O)[O-]	53981093	JYHXOTISAIHIIW-UHFFFAOYSA-N	C8H8ClNO2
COC1=CC=CC=C1C(N=O)Cl	54379335	UYVNDWQWJNKYTE-UHFFFAOYSA-N	C8H8ClNO2
C1=CC=C(C=C1)OC(=O)C(N)Cl	87814378	ZVKPZTYTJJMITG-UHFFFAOYSA-N	C8H8ClNO2
C1=CC(=CC=C1CNC(=O)O)Cl	15834813	WCZPYSLEPIJCIW-UHFFFAOYSA-N	C8H8ClNO2
COC1=CC=CC=C1/C(=N\O)/Cl	55265094	KVDMQNUSKPRBGU-CSKARUKUSA-N	C8H8ClNO2
CC(=O)C1=C(C=C(C=N1)Cl)OC	84660311	YZRCPHVOZJUVID-UHFFFAOYSA-N	C8H8ClNO2
COC1=C(C=CN=C1)C(=O)CCl	105064781	ROJQFRRHHADPAN-UHFFFAOYSA-N	C8H8ClNO2
CC1=CC(=C(C=C1Cl)C)[N+](=O)[O-]	252793	JMEXAQBBMDHIGQ-UHFFFAOYSA-N	C8H8ClNO2
CCOC(=O)C1=C(N=CC=C1)Cl	2796614	PMIMPBYTPPRBGD-UHFFFAOYSA-N	C8H8ClNO2
C1=CC=C(C=C1)C(C(=O)OCl)N	67759239	MHKQHVOLBGPBIN-UHFFFAOYSA-N	C8H8ClNO2
CC1=CC(=O)N(C1=O)CC(=C)Cl	116026398	IBTAYONEXVSJGW-UHFFFAOYSA-N	C8H8ClNO2
CO[C@H](C=O)C1=NC=CC(=C1)Cl	137501946	DDZUEDIITWXOLL-MRVPVSSYSA-N	C8H8ClNO2
C1C(C=CC2C1C(=O)NC2=O)Cl	141094408	KFLLDGYARXGLEI-UHFFFAOYSA-N	C8H8ClNO2
C1=CC=C(C(=C1)[C@@H](C(=O)O)N)Cl	1501937	LMIZLNPFTRQPSF-ZETCQYMHSA-N	C8H8ClNO2
C1=CC(=C(C=C1Cl)O)CC=NO	87765876	LTLYSIRRMVQVEP-UHFFFAOYSA-N	C8H8ClNO2
C1C(CO1)OC2=C(C=NC=C2)Cl	151750314	ROJYXBULBZGYIT-UHFFFAOYSA-N	C8H8ClNO2
CN(C1=CC=CC=C1Cl)C(=O)O	22047904	NWFSQAZHBHSZNH-UHFFFAOYSA-N	C8H8ClNO2
C1=CC(=C(C(=C1)C(=O)O)Cl)CN	84769855	QVYOUOHYZZSCMV-UHFFFAOYSA-N	C8H8ClNO2
C1=CC=C(C(=C1)N=O)OCCCl	89395379	YFINPPNCBBRKSO-UHFFFAOYSA-N	C8H8ClNO2
C1=CC(=CC=C1CCl)OC(=O)N	69489437	SCNOZRBGGUPHNJ-UHFFFAOYSA-N	C8H8ClNO2
CC1=C(C(=C(C=C1)C(=O)O)N)Cl	14885546	IRDSLZYXLQZMRI-UHFFFAOYSA-N	C8H8ClNO2
CC(=O)C1=CC(=C(C(=C1)Cl)O)N	82105974	WTNJTMBAHPDKQF-UHFFFAOYSA-N	C8H8ClNO2
CC(C1=CN=CC=C1)C(=O)OCl	142793164	VWVXIUNFRZPWAZ-UHFFFAOYSA-N	C8H8ClNO2
COC1=C(C=CC=N1)[C@@H](C=O)Cl	146317069	LCKIAQAMCACJRA-SSDOTTSWSA-N	C8H8ClNO2
C1=CC(=CC=C1[C@H](C(=O)[O-])[NH3+])Cl	6934154	QGJGBYXRJVIYGA-SSDOTTSWSA-N	C8H8ClNO2
CC1=C(C(=C(C=C1)C(=O)O)Cl)N	69021428	DCIJXGBSLHCPOX-UHFFFAOYSA-N	C8H8ClNO2
CO/N=C/C1=CC(=C(C=C1)O)Cl	135598745	KQVKTCFEBBSHEL-BJMVGYQFSA-N	C8H8ClNO2
CC1=CC(=C(C=C1C)Cl)[N+](=O)[O-]	555712	ICLKPHVGBPBMKS-UHFFFAOYSA-N	C8H8ClNO2
CC1C=C(C=CC(=C1)Cl)[N+](=O)[O-]	154031514	RXTYEUVYHIPGDE-UHFFFAOYSA-N	C8H8ClNO2
CCC1=CC(=NC=C1C(=O)O)Cl	129914989	SPWYOBCFBZBNRC-UHFFFAOYSA-N	C8H8ClNO2
CCOC1=C(C(=NC=C1)Cl)C=O	129977552	SQYLUDTXPNRRAW-UHFFFAOYSA-N	C8H8ClNO2
CNC1=CC=CC(=C1Cl)C(=O)O	20315996	TWCXUEOXRGSVAU-UHFFFAOYSA-N	C8H8ClNO2
C=CC1=C(C(=NC(=C1)CO)Cl)O	22313278	ZSGQSNZEXWVAEA-UHFFFAOYSA-N	C8H8ClNO2
CC1=C(C(=CN=C1C)C(=O)O)Cl	130673831	QEFSXPKVBVNSHB-UHFFFAOYSA-N	C8H8ClNO2
C1=CC(=CC=C1C(=O)O)NCCl	53976687	JVKDJUGGEPTARI-UHFFFAOYSA-N	C8H8ClNO2
C1=CC=C(C(=C1)C(C#N)O)Cl.O	141125257	WTOVWRMWANJWAG-UHFFFAOYSA-N	C8H8ClNO2
CC1=NC(=C(C=C1C=O)OC)Cl	130048056	RZNHQLXFSZBELV-UHFFFAOYSA-N	C8H8ClNO2
COC(=O)C1=NC=C(C=C1)CCl	67334841	VLNWWGBYFYMVIA-UHFFFAOYSA-N	C8H8ClNO2
CC(=O)C1=C(C=CNC1=O)CCl	72217991	BHWKGYCFWNNYDO-UHFFFAOYSA-N	C8H8ClNO2
C1C(O1)COC2=CN=C(C=C2)Cl	87132450	GERUONSHXFEOCV-UHFFFAOYSA-N	C8H8ClNO2
CC(=O)C1=C(C=CC(=C1Cl)O)N	154348337	LMGAGUWASMOMFZ-UHFFFAOYSA-N	C8H8ClNO2
C1=CC(=C(C=C1O)Cl)C(=O)CN	82602238	DDUKENUQNVVQCF-UHFFFAOYSA-N	C8H8ClNO2
CC(=O)OC1=CC=CC(=C1Cl)N	69407537	LBHOSKSVPUJVJI-UHFFFAOYSA-N	C8H8ClNO2
CC1=C(C=CC(=C1N)Cl)C(=O)O	20217461	GBFFLDZWEUCJHM-UHFFFAOYSA-N	C8H8ClNO2
CC(=O)C1=C(C=C(C=N1)OC)Cl	83876598	PDKAFVVATPBFNP-UHFFFAOYSA-N	C8H8ClNO2
CC(=O)C1=NC(=C(C=C1)OC)Cl	129918436	PBWQCYQDOWKVMA-UHFFFAOYSA-N	C8H8ClNO2
C1=COC(=C1)COCC(C#N)Cl	112692899	ZPOVIAKZYWPYKD-UHFFFAOYSA-N	C8H8ClNO2
C1=CC(=C(C=C1CO)Cl)C(=O)N	69483752	PJQIEZJPIDKWPF-UHFFFAOYSA-N	C8H8ClNO2
C1=CC(=CC=C1[C@H](C(=O)O)N)Cl	738020	QGJGBYXRJVIYGA-SSDOTTSWSA-N	C8H8ClNO2
COC(=O)C1=C(C=NC=C1)CCl	86346406	RNGBTNPDWBRNOB-UHFFFAOYSA-N	C8H8ClNO2
COC(=O)C1=CC=CC=C1NCl	54095573	MWVZIFGRNZYVTM-UHFFFAOYSA-N	C8H8ClNO2
CC1=CC(=C(N=C1)Cl)C(=O)OC	11636946	FOKUGIKLNXFRTI-UHFFFAOYSA-N	C8H8ClNO2
CC(=O)C1=CC(=C(C=C1N)Cl)O	130139444	TYUSDQWPJTYFSU-UHFFFAOYSA-N	C8H8ClNO2
CC(=O)C1=NC=CC(=C1O)CCl	72218040	JDWUEFUHBNUCLZ-UHFFFAOYSA-N	C8H8ClNO2
CC1=C(C=C(C=N1)CC(=O)O)Cl	83876596	MHHZLPFWWNYQBA-UHFFFAOYSA-N	C8H8ClNO2
C1=CC(=CC=C1CO)C(N=O)Cl	123950221	CETXKQPWXHDQLQ-UHFFFAOYSA-N	C8H8ClNO2
C1CCC2=C(C1)C(=NO2)C(=O)Cl	125492181	CTNAJZGRZIZYQT-UHFFFAOYSA-N	C8H8ClNO2
CC1=C(C=C(C=N1)C(=O)OC)Cl	118541306	SFHNAZRNPCBTEJ-UHFFFAOYSA-N	C8H8ClNO2
C1=CC(=O)C(=CC1=NCl)CCO	153831923	XISMSFCPABYLQV-UHFFFAOYSA-N	C8H8ClNO2
C1=CC(=C(C=C1N)C(=O)O)CCl	91883365	JPQIUNKZEKXXFF-UHFFFAOYSA-N	C8H8ClNO2
CCC1=NC(=CC(=C1)C(=O)O)Cl	43840581	SKKSZJCZAOYCDY-UHFFFAOYSA-N	C8H8ClNO2
CC1=CC(=C(C=C1Cl)C(=O)N)O	95422745	VRPGUETXZBPCHN-UHFFFAOYSA-N	C8H8ClNO2
C1=CC=C(C(=C1)/C(=N/O)/CO)Cl	129721269	ZAVQEDRJHBOZHZ-CSKARUKUSA-N	C8H8ClNO2
C1COCC2=C1NC(=O)C(=C2)Cl	112547541	BNLNQVXWCJLKIG-UHFFFAOYSA-N	C8H8ClNO2
CC1=CC(=CC=C1)C([N+](=O)[O-])Cl	86641969	OKEHJQZNJIJERV-UHFFFAOYSA-N	C8H8ClNO2
CC1=C(C(=NC=C1)CC(=O)O)Cl	129914879	FAGVGFDHQNVODY-UHFFFAOYSA-N	C8H8ClNO2
C1NC2=C(O1)C(=CC(=C2)CO)Cl	147947791	INAAKMMEYLGTTL-UHFFFAOYSA-N	C8H8ClNO2
CNC(=O)C1=C(C=C(C=C1)Cl)O	13551626	VKNWWGNSQVVVAK-UHFFFAOYSA-N	C8H8ClNO2
C1=C(C=C(C=C1N)Cl)C(=O)CO	18795018	YVRSZJKRBKGIQU-UHFFFAOYSA-N	C8H8ClNO2
CONC1=CC=C(C=C1)C(=O)Cl	142586526	KCMDRRXZWXKLTO-UHFFFAOYSA-N	C8H8ClNO2
C1=CC2=C(C=C1CN)OC(O2)Cl	66663242	IXGPLRLEGLHWPX-UHFFFAOYSA-N	C8H8ClNO2
C1=CC=C(C(=C1)C(C=O)NO)Cl	54551604	ZKHFYPBEVVSKBG-UHFFFAOYSA-N	C8H8ClNO2
CC1=C(C=CC(=N1)Cl)CC(=O)O	55268129	LDTGOJBKHDOHHF-UHFFFAOYSA-N	C8H8ClNO2
C1=CN=CC=C1/C=C/C(=O)O.Cl	24192560	OOXLPYCHQGZDJY-TYYBGVCCSA-N	C8H8ClNO2
C1=CC(=C(C=C1C(=O)N)CO)Cl	68430808	YMMWJUBPONZURO-UHFFFAOYSA-N	C8H8ClNO2
CC1=NC=C(C2=C1OCOC2)Cl	150385415	HAPDEXGLPHUNAD-UHFFFAOYSA-N	C8H8ClNO2
CC1=CC(=CN=C1C(=O)OC)Cl	45480330	YZMKWTNQXIBEAO-UHFFFAOYSA-N	C8H8ClNO2
COC1=CC(=C(C=C1)C=NO)Cl	88751716	LXLHJSAYOYGNMU-UHFFFAOYSA-N	C8H8ClNO2
CC1=CC(=CC(=C1Cl)C(=O)O)N	53249549	VOLYGYPCLZGOMT-UHFFFAOYSA-N	C8H8ClNO2
COC1=C(C=C(C(=C1)C=O)N)Cl	130139408	ZEEKBKCWUFBJOY-UHFFFAOYSA-N	C8H8ClNO2
C1=CC=C(C=C1)C(C(=O)NO)Cl	15269392	NHBXNMQSARDYIO-UHFFFAOYSA-N	C8H8ClNO2
CC1=CC(=CN=C1)COC(=O)Cl	141763501	SSXUQJFLTXRPCW-UHFFFAOYSA-N	C8H8ClNO2
C1=CC(=CC(=C1)OCCCl)N=O	89513843	WHUBKGGYYRMWFF-UHFFFAOYSA-N	C8H8ClNO2
C1C(C2=CC(=C(C=C2O1)O)Cl)N	55270731	HIWHAAFFJFAISO-UHFFFAOYSA-N	C8H8ClNO2
CC(=O)COC1=CN=C(C=C1)Cl	130694452	CBRVJJZGKRGZLM-UHFFFAOYSA-N	C8H8ClNO2
CC(=O)C1=C(NC=CC1=O)CCl	72217983	MVUSABRAZLKEOQ-UHFFFAOYSA-N	C8H8ClNO2
CN(C(=O)Cl)OC1=CC=CC=C1	150898083	KZKSLPWUSGFJJP-UHFFFAOYSA-N	C8H8ClNO2
C1C2=CC(=O)C=CN2C=CO1.Cl	67727680	UOWQKLSVCJRGQZ-UHFFFAOYSA-N	C8H8ClNO2
CC1=CC(=CC=C1)N(C(=O)O)Cl	88773937	LZILEEKRXJFSQE-UHFFFAOYSA-N	C8H8ClNO2
C=CCOC1=C(C(=O)C=CN1)Cl	125116300	MMEFRWIMLNTVBJ-UHFFFAOYSA-N	C8H8ClNO2
C1C(O1)(C2=CN=CC=C2)OCCl	148644145	NKPZGYLPKONOOO-UHFFFAOYSA-N	C8H8ClNO2
C1=CC(=C(C=C1CC(=O)O)Cl)N	21843716	RNPFHSPLVUBKAU-UHFFFAOYSA-N	C8H8ClNO2
CC1=CC(=CC(=N1)C(=O)OC)Cl	55277251	KAQXLVOZAVBDRT-UHFFFAOYSA-N	C8H8ClNO2
CNC1=CC(=CC(=C1)C(=O)O)Cl	20316021	IUYKUMJKAUMBHR-UHFFFAOYSA-N	C8H8ClNO2
CC(=O)C1=C(N=CC(=C1)OC)Cl	129915740	JULFOIOGXVYOSL-UHFFFAOYSA-N	C8H8ClNO2
CC1=CC(=C(C=N1)CC(=O)O)Cl	118822347	NNXKZVXYJUEYQJ-UHFFFAOYSA-N	C8H8ClNO2
COC(=O)C1=C(C(=CC=C1)N)Cl	15132848	NKBQKMXNIWIFAE-UHFFFAOYSA-N	C8H8ClNO2
C1=CC(=CC(=C1)Cl)NC(=O)CO	232804	PUZVZHGXIXQYDR-UHFFFAOYSA-N	C8H8ClNO2
COC1=C(N=C(C=C1)Cl)[C@H]2CO2	126586325	MSWRMZJHTNJUGS-ZCFIWIBFSA-N	C8H8ClNO2
C1=CC=C(C=C1)N(CCl)C(=O)O	57123103	KMRBTPMHTJVDBY-UHFFFAOYSA-N	C8H8ClNO2
CC(C1=C(C=C(C=N1)C=O)Cl)O	58001723	ZOWDALAXIOBTGG-UHFFFAOYSA-N	C8H8ClNO2
C1[C@@H](C2=CC(=C(C=C2O1)Cl)O)N	130863820	MALGDDNYEJCQKH-LURJTMIESA-N	C8H8ClNO2
C1=CN(C=C1C(=O)O)CC=CCl	79103878	AHTOYUHTSWOCEZ-UHFFFAOYSA-N	C8H8ClNO2
C1=CC(=C(C(=C1)N)Cl)CC(=O)O	91873823	PSGDECSJJIYLQB-UHFFFAOYSA-N	C8H8ClNO2
C1=CC(=CC(=C1)Cl)C(=O)CNO	87999337	RSJVVJFKENJCKU-UHFFFAOYSA-N	C8H8ClNO2
COC(=O)C1=C(C=C(C=C1)N)Cl	11839197	DSHBGNPOIBSIOQ-UHFFFAOYSA-N	C8H8ClNO2
CC1=CC=C(C=C1)N(C(=O)O)Cl	153746729	KMACWGDXVSIOGB-UHFFFAOYSA-N	C8H8ClNO2
CC1=CC=C(C(=O)N1C)C(=O)Cl	82525456	PIIYKXNWNDSEBW-UHFFFAOYSA-N	C8H8ClNO2
C1CC1NC(=O)C2=CC=C(O2)Cl	39954340	PAQLOUDFUCBMBL-UHFFFAOYSA-N	C8H8ClNO2
COC1=C(C=CC(=C1)NC=O)Cl	107623366	UUFNHOYZHVOADG-UHFFFAOYSA-N	C8H8ClNO2
C1=CC=C(C=C1)C(NC(=O)O)Cl	21924443	AZNWCXUXBAIBIA-UHFFFAOYSA-N	C8H8ClNO2
CC1=C(C=C(C=C1)Cl)C(=O)NO	82883226	UPQPAFZZYQDNGO-UHFFFAOYSA-N	C8H8ClNO2
C1=CC(=CC(=C1)Cl)OC(=O)CN	82111631	QHLZEHBBMYATOL-UHFFFAOYSA-N	C8H8ClNO2
CCC1=C(C=CN=C1C(=O)O)Cl	122621031	HSIBHYMOHBDKJO-UHFFFAOYSA-N	C8H8ClNO2
CC(C1=CC=C(C=C1)Cl)[N+](=O)[O-]	23118950	SQHMGZFDEYONOX-UHFFFAOYSA-N	C8H8ClNO2
CC1=C(C=CC(=C1)C(=O)NO)Cl	104301443	RQRMFWUGWIRFRK-UHFFFAOYSA-N	C8H8ClNO2
CC(=O)OC1=CC=CC=C1NCl	20040413	JZGSVXMUSGLLAK-UHFFFAOYSA-N	C8H8ClNO2
CCOC1=CC=CC(=N1)C(=O)Cl	146463051	PUJMEVXGRUZHKT-UHFFFAOYSA-N	C8H8ClNO2
CC1=CC(=C(C(=N1)Cl)C)C(=O)O	52911070	AIZDNDVCAIDIIK-UHFFFAOYSA-N	C8H8ClNO2
C1=CC(=CC(=C1)Cl)CNC(=O)O	20218100	OINXVSQETJQUTI-UHFFFAOYSA-N	C8H8ClNO2
C1=CC(=C(C(=C1)Cl)CC(=O)O)N	84660317	FLLSSMAVDGPAHE-UHFFFAOYSA-N	C8H8ClNO2
C=CC1=CN=C1C(=O)O.C=CCl	17944168	CCNBPTSPGYRRGW-UHFFFAOYSA-N	C8H8ClNO2
CC1=CN=C(C(=C1C(=O)O)Cl)C	82405974	BHNYMAIWVZQJHM-UHFFFAOYSA-N	C8H8ClNO2
CCC(=O)OC1=CC(=CN=C1)Cl	131065343	JYBVSYVZUACSEC-UHFFFAOYSA-N	C8H8ClNO2
CC(=O)ONC1=CC=C(C=C1)Cl	14523906	JAURRRPDNDDLNF-UHFFFAOYSA-N	C8H8ClNO2
C=C1CC(=O)N(C1=C)C(=O)CCl	145183107	ABBRLXYONJJWNZ-UHFFFAOYSA-N	C8H8ClNO2
CC1=C(C=CC(=C1NC=O)Cl)O	137369796	FTBUMOKFNRPJJS-UHFFFAOYSA-N	C8H8ClNO2
CC1=CC(=C(C=C1N)Cl)C(=O)O	129974332	TZZDMHQYJWDAME-UHFFFAOYSA-N	C8H8ClNO2
CCC1=C(C=CC(=N1)Cl)C(=O)O	52911018	QVJNJSJPPYEQOD-UHFFFAOYSA-N	C8H8ClNO2
C1=CC(=C(C(=C1)O)C(=O)N)CCl	133055627	VMNHLJRZGYWCMS-UHFFFAOYSA-N	C8H8ClNO2
C1=CNC2=CC(=C(C=C21)O)O.Cl	22287715	UWYUVVCGDFTLEN-UHFFFAOYSA-N	C8H8ClNO2
C1CN(C2=CC=CC=C21)Cl(=O)=O	140802723	KYYBGADNFNRAJT-UHFFFAOYSA-N	C8H8ClNO2
C1OC2=C(O1)C=C(C=C2)CNCl	87095482	NHDLJOOJLXLZTM-UHFFFAOYSA-N	C8H8ClNO2
C1C(C2=C(O1)C(=CC(=C2)O)Cl)N	129991828	ACZHKQPSAFPROR-UHFFFAOYSA-N	C8H8ClNO2
COC1=NC=C(C=C1)C(=O)CCl	10655124	BANMWFRVMMVLRO-UHFFFAOYSA-N	C8H8ClNO2
C1C(ON=C1C2=CC=CO2)CCl	102568577	UBIMCVIDURUURA-UHFFFAOYSA-N	C8H8ClNO2
C1=CC(=CN=C1)C2C(O2)OCCl	155411684	PLFUBFDPBHBQAA-UHFFFAOYSA-N	C8H8ClNO2
COC1=C(CC(C=C1)Cl)N=C=O	147998627	IWMOFPPCPSOFQL-UHFFFAOYSA-N	C8H8ClNO2
CC1=C(C(=C(C=C1)C)Cl)[N+](=O)[O-]	20097826	DFKWXXILDUNDDF-UHFFFAOYSA-N	C8H8ClNO2
COC1=C(C=C(C(=C1)N)C=O)Cl	129127474	XRQCWCGWMYLXCY-UHFFFAOYSA-N	C8H8ClNO2
COC(C1=CN=C(C=C=C1)Cl)O	152890145	UDHIRUNYHNEIKU-UHFFFAOYSA-N	C8H8ClNO2
CC(C1=C(C=NC=C1)Cl)C(=O)O	104571169	JKOJHEKFTUTSFX-UHFFFAOYSA-N	C8H8ClNO2
C1C=CC[C@H]([C@@H]1C(=O)Cl)N=C=O	637667	AZVDQEZPHMWSFA-RNFRBKRXSA-N	C8H8ClNO2
CC1=C(C=CC(=C1)OC(=O)N)Cl	127555435	IYQHZVKCGXODLN-UHFFFAOYSA-N	C8H8ClNO2
CC(C1=CC(=NC=C1)Cl)C(=O)O	77231468	YYKIQVRNHWPKRH-UHFFFAOYSA-N	C8H8ClNO2
CNC1=C(C=CC(=C1)C(=O)O)Cl	82539918	GWPCTQLMAGGOMK-UHFFFAOYSA-N	C8H8ClNO2
C1C(=O)NC2=CC=CC=C2O1.Cl	69809756	QWLLYGDGABANLN-UHFFFAOYSA-N	C8H8ClNO2
C1C(CO1)(C2=CN=C(C=C2)Cl)O	130366522	LMUPGFWYGULQAM-UHFFFAOYSA-N	C8H8ClNO2
COC1CC2=C(O1)C(=NC=C2)Cl	10631391	RJXBVMSMHFTHBU-UHFFFAOYSA-N	C8H8ClNO2
C[C@H](C1=CC(=NC=C1)Cl)C(=O)O	124505584	YYKIQVRNHWPKRH-RXMQYKEDSA-N	C8H8ClNO2
C1[C@@H](C2=C(O1)C(=NC=C2)Cl)CO	124514981	REMOMHARFSPPEX-YFKPBYRVSA-N	C8H8ClNO2
CC1=NC=CC(=C1C(=O)OC)Cl	84070460	PMWJYAHNDINWIY-UHFFFAOYSA-N	C8H8ClNO2
CC1=NC=C2C(=C1Cl)OCCO2	91358691	SSMQSXGSGKNOCP-UHFFFAOYSA-N	C8H8ClNO2
CNC(=O)C1=C(C(=CC=C1)O)Cl	15027315	ZOBYOOOCRVDQEE-UHFFFAOYSA-N	C8H8ClNO2
CC(=O)NC1=C(C(=CC=C1)O)Cl	14590934	KZKLPYFXZLECRJ-UHFFFAOYSA-N	C8H8ClNO2
CC1=C(C(=C(C=C1)C(=O)N)O)Cl	84050802	PDWWTARGHSSWSY-UHFFFAOYSA-N	C8H8ClNO2
C1C2=CC=CC=C2ONC1=O.Cl	21507500	RVJCWUPQUTWWAR-UHFFFAOYSA-N	C8H8ClNO2
CC1=C(C=C(C=C1)OC(=O)N)Cl	18431892	KZCXMZLEEWLBFE-UHFFFAOYSA-N	C8H8ClNO2
C1=CC(=CC=C1N)OC(=O)CCl	57106775	FPOZJVBTEGKUHT-UHFFFAOYSA-N	C8H8ClNO2
C1C2=C(C(=CC(=C2)Cl)N)OCO1	84660304	IXXKPRLSGWXTPL-UHFFFAOYSA-N	C8H8ClNO2
C1=CC(=C(C=C1CCl)O)C(=O)N	143529649	JTLQEYVPZAOOTM-UHFFFAOYSA-N	C8H8ClNO2
C1=CC=C(C(=C1)C(C(=O)O)Cl)N	24721191	JOPBOOATKMYNMN-UHFFFAOYSA-N	C8H8ClNO2
CC(=O)C1=CC(=C(N=C1)Cl)OC	87426205	GOXXKYXEKVOKHU-UHFFFAOYSA-N	C8H8ClNO2
C1C=C(CC2C1C(=O)NC2=O)Cl	3800912	YPANFBQXIBCTJS-UHFFFAOYSA-N	C8H8ClNO2
C1OC2=C(O1)C(=C(C=C2)Cl)CN	84039264	NCKURYJHZWXUMB-UHFFFAOYSA-N	C8H8ClNO2
CC1=C(NC(=O)C(=C1)C(=O)C)Cl	135153804	UZFUZKSGOOVSAX-UHFFFAOYSA-N	C8H8ClNO2
C1=CC(=CC(=C1)Cl)[C@@H](C(=O)O)N	1515291	MGOUENCSVMAGSE-ZETCQYMHSA-N	C8H8ClNO2
CC1C(=O)C2=C(COC2)C(=N1)Cl	67906620	SACZOALUIYEYCN-UHFFFAOYSA-N	C8H8ClNO2
C1=CNC=CC(=C1)OC(=O)CCl	150114361	DXXUWDGRGCVPIO-UHFFFAOYSA-N	C8H8ClNO2
COC1=CC(=C(C=C1)Cl)/C=N\O	142782085	COSVPDNSLRGZPI-YHYXMXQVSA-N	C8H8ClNO2
C1C(C2=C(C=CN2C1=O)CO)Cl	129923954	ZOWKAQZKWOGCIM-UHFFFAOYSA-N	C8H8ClNO2
C=C(CN1C=CC=C1C(=O)O)Cl	79114041	UXSUHRVKKFYBBA-UHFFFAOYSA-N	C8H8ClNO2
C1=CC(=C(C=C1CC(=O)O)N)Cl	1501976	SWYNOANFGNLSKI-UHFFFAOYSA-N	C8H8ClNO2
CC1=C(C(=NC=C1)CCl)C(=O)O	89600156	VWHPNJMPZCIZGJ-UHFFFAOYSA-N	C8H8ClNO2
C1=CC=C(C(=C1)[C@H](C(=O)[O-])[NH3+])Cl	7128419	LMIZLNPFTRQPSF-SSDOTTSWSA-N	C8H8ClNO2
CC1=C(N=C(C=C1Cl)C(=O)O)C	324935	IOJWXWLQAYFATB-UHFFFAOYSA-N	C8H8ClNO2
CC1C=CC(=C(C=C1)Cl)[N+](=O)[O-]	143971712	XRURNVARBDZOQB-UHFFFAOYSA-N	C8H8ClNO2
C1=CC(=CC=C1CC(=O)Cl)ON	89935867	OLQCNYDTLXTILK-UHFFFAOYSA-N	C8H8ClNO2
C/C(=N/O)/C1=CC(=C(C=C1)O)Cl	142099043	YLGMIWXJDORLRM-YHYXMXQVSA-N	C8H8ClNO2
COC1=CC=CC(=C1Cl)C(=O)N	19871793	CHRKXDZUECJTTJ-UHFFFAOYSA-N	C8H8ClNO2
C1=CC=C(C=C1)C=O.C(=N/O)\Cl	88608424	MQIOFJOVGKGMSS-NBPLQZBRSA-N	C8H8ClNO2
CN1C=CC(=CC1=O)C(=O)CCl	138485038	RLMLQGNWPAOECZ-UHFFFAOYSA-N	C8H8ClNO2
COC1=CC(=CC(=N1)C=O)CCl	72215345	HHMNFKPKUICRLX-UHFFFAOYSA-N	C8H8ClNO2
COC(=O)CC1=CN=C(C=C1)Cl	53419528	NYAZLFKSCFNMKV-UHFFFAOYSA-N	C8H8ClNO2
COC(=O)CC1=C(N=CC=C1)Cl	19771888	HGRQGJYEMNWDFM-UHFFFAOYSA-N	C8H8ClNO2
CC(C1=CC(=CN=C1)Cl)C(=O)O	115008984	OYZYDSBZDCWZRM-UHFFFAOYSA-N	C8H8ClNO2
C1C2=C(C(=C(C=C2)Cl)N)OCO1	151487255	PNSGVFBHPPGROO-UHFFFAOYSA-N	C8H8ClNO2
COC1=C(C=CC(=C1)Cl)/C=N/O	60146835	XEBQIYNTXZCUCV-BJMVGYQFSA-N	C8H8ClNO2
C/C(=C\C1=C(NC(=O)O1)C=C)/Cl	142841603	UTLGBCQLNRFRRD-SNAWJCMRSA-N	C8H8ClNO2
COC1=C(C=C(C=C1)/C=N\O)Cl	5921353	HVLSMUKUKRFWAQ-YHYXMXQVSA-N	C8H8ClNO2
CC(=O)C1=C(N(C(=O)C=C1)C)Cl	59843575	BENJMXYCUNCMHJ-UHFFFAOYSA-N	C8H8ClNO2
COC(=O)CC1=NC=C(C=C1)Cl	53419527	FNPKADVOKNOAOU-UHFFFAOYSA-N	C8H8ClNO2
C1=CC(=C(C=C1N)C(=O)CCl)O	86149142	AATZRJJDBRDKSC-UHFFFAOYSA-N	C8H8ClNO2
C1COC2=C1C(=C(C(=C2)N)O)Cl	86155493	AQUZAPFROIXREY-UHFFFAOYSA-N	C8H8ClNO2
CC(=O)C1=C(C=NC=C1CCl)O	72217944	GIGDSBSQSDJLQG-UHFFFAOYSA-N	C8H8ClNO2
COC1=CC(=C(C=C1)CN=O)Cl	53677655	BEIKBVXBJGCLCE-UHFFFAOYSA-N	C8H8ClNO2
C1=CC(=CC(=C1)O)NC(=O)CCl	573275	NJQCKKUVYFWGKC-UHFFFAOYSA-N	C8H8ClNO2
CCN1C=CC=C(C1=O)C(=O)Cl	82527172	HRGVFPWMDRCKBR-UHFFFAOYSA-N	C8H8ClNO2
C1=CC(=CC(=C1)Cl)OCC(=O)N	2745969	AQKKPJWLYFXFHF-UHFFFAOYSA-N	C8H8ClNO2
CC1=CC(=NC(=C1C=O)OC)Cl	139269592	JWQYMQRTJYASEI-UHFFFAOYSA-N	C8H8ClNO2
CC1=C(C=C(C=C1)[N+](=O)[O-])Cl=C	148592641	NAYCTQMAYUWLCP-UHFFFAOYSA-N	C8H8ClNO2
CC1=CN=C(C(=C1OC)Cl)C=O	82405976	LNTUBVYIKIPMJF-UHFFFAOYSA-N	C8H8ClNO2
CC(=NO)C1=C(C=C(C=C1)Cl)O	136388292	AZBNPIUCNLDKKV-UHFFFAOYSA-N	C8H8ClNO2
CCOC1=CC(=NC=C1C=O)Cl	105441910	NIKVZVFDXFYTOK-UHFFFAOYSA-N	C8H8ClNO2
CCOC1=C(N=C(C=C1)C=O)Cl	126961726	BYBPNUJGWAUTPR-UHFFFAOYSA-N	C8H8ClNO2
C1=CC(=C(C(=C1)Cl)C(=O)CO)N	146712426	RCAMBRSRFCBZGV-UHFFFAOYSA-N	C8H8ClNO2
CCC1=C(C=C(C=N1)Cl)C(=O)O	84660316	PTISKBHCXHEQMN-UHFFFAOYSA-N	C8H8ClNO2
CC1=C(C=CC=N1)OC(=O)CCl	141529231	MYYBBICUSWLYTI-UHFFFAOYSA-N	C8H8ClNO2
COC1=CC(=C(C=C1)Cl)NC=O	143076	XTBHKZBTARHBTC-UHFFFAOYSA-N	C8H8ClNO2
CC1=CC(=CC(=C1Cl)C)[N+](=O)[O-]	9920569	XOTLSEJRAUKAPO-UHFFFAOYSA-N	C8H8ClNO2
CNC1=C(C=C(C=C1)C(=O)O)Cl	23085078	CLWMSQYWBIPQLY-UHFFFAOYSA-N	C8H8ClNO2
C1=COC(=C1)C(=O)NC/C=C/Cl	10559440	LPNWQGGPZJABMI-DUXPYHPUSA-N	C8H8ClNO2
C1=CC(=C(C=C1CN)C(=O)O)Cl	20378356	YFQKOOJYQYRSTI-UHFFFAOYSA-N	C8H8ClNO2
CC(=O)C1=CC(=C(C=C1Cl)O)N	131368297	UEFZYVKKLXXRSH-UHFFFAOYSA-N	C8H8ClNO2
COC1=C(C=C(C=C1)C=NO)Cl	3782322	HVLSMUKUKRFWAQ-UHFFFAOYSA-N	C8H8ClNO2
CC1=CC(=C(C=C1Cl)N)C(=O)O	11095300	FDCMZVNLUFYRAI-UHFFFAOYSA-N	C8H8ClNO2
C1[C@@H](C2=C(O1)C(=C(C=C2)Cl)O)N	130616266	JJNQKLYHSFSZAX-LURJTMIESA-N	C8H8ClNO2
C1CC(C1)C2=C(N=C(O2)Cl)C=O	84660319	MGURWAYELJACDL-UHFFFAOYSA-N	C8H8ClNO2
C1C(=O)N1.C1=CC(=CC(=C1)Cl)O	88834400	HNOMHODSJNVYMZ-UHFFFAOYSA-N	C8H8ClNO2
CC1=C(C=C(C=C1)C(=O)NO)Cl	63194897	YSBKJXALZCVBRX-UHFFFAOYSA-N	C8H8ClNO2
CC(=O)N(C1=CC(=CC=C1)Cl)O	13158205	OGIHEOIVLNPRNN-UHFFFAOYSA-N	C8H8ClNO2
COC1=CC=CC(=C1)C(=O)NCl	18672220	LXDBQTKOFNEAMN-UHFFFAOYSA-N	C8H8ClNO2
CC1=C(NC(=O)C(=C1)CC=O)Cl	135153805	KBIBZMMBODIKAV-UHFFFAOYSA-N	C8H8ClNO2
COC1=C(C=C(C=N1)CC=O)Cl	83876600	UOUDMUNVZAXUJT-UHFFFAOYSA-N	C8H8ClNO2
C1=CC(=C(C=C1Cl)CN)C(=O)O	115017005	FDZJUGADFDEVDP-UHFFFAOYSA-N	C8H8ClNO2
C1=CC=C(C=C1)CN(C(=O)O)Cl	54007228	KPTBMJCUUHWSFA-UHFFFAOYSA-N	C8H8ClNO2
C1=CC=C(C(=C1)C(=O)NCO)Cl	778509	ASZCEXWMYZQVQH-UHFFFAOYSA-N	C8H8ClNO2
C1=CC(=CN=C1)/C=C/C(=O)O.Cl	12261334	HNZRUNNIZXWKED-BJILWQEISA-N	C8H8ClNO2
COC(=O)C1=C(C=CC(=C1)Cl)N	78878	IGHVUURTQGBABT-UHFFFAOYSA-N	C8H8ClNO2
C1[C@H](C2=CC(=C(C=C2O1)O)Cl)N	130956862	HIWHAAFFJFAISO-ZCFIWIBFSA-N	C8H8ClNO2
C1=CC(=CC=C1C(C(=O)Cl)N)O	3016517	YLHCHEBQIHXSIW-UHFFFAOYSA-N	C8H8ClNO2
CC(=O)C1=C(C=CC(=N1)Cl)OC	119004175	MULNNUDUVKLRII-UHFFFAOYSA-N	C8H8ClNO2
CC1=CC=C(C=C1)OC(=O)NCl	20495157	DXIXQMDZEZETJS-UHFFFAOYSA-N	C8H8ClNO2
C1CC2=C(C=C[N+](=C2)[O-])OC1Cl	150242994	FXXMKTDXDARJAI-UHFFFAOYSA-N	C8H8ClNO2
CC(=O)C1=C(C(=C(C=C1)O)N)Cl	154212695	UNVUVCIJBRZGAV-UHFFFAOYSA-N	C8H8ClNO2
C1=CC(=CC=C1CC[N+](=O)[O-])Cl	11469495	PXPMXGBWFXMDTR-UHFFFAOYSA-N	C8H8ClNO2
CC1=CC(=CN1C)C(=O)C(=O)Cl	140320898	RGOCIASXYFPOEM-UHFFFAOYSA-N	C8H8ClNO2
CO[N+](=CC1=CC=C(C=C1)Cl)[O-]	101535177	RXBNMRHIMNUCNR-UHFFFAOYSA-N	C8H8ClNO2
CC1=CC(=CN=C1Cl)OCC=O	145398651	PWUFKQNYABOAJK-UHFFFAOYSA-N	C8H8ClNO2
COC(=O)C(C1=CN=CC=C1)Cl	62226798	KHZUCERFSGXKSM-UHFFFAOYSA-N	C8H8ClNO2
C1COC2=C(O1)C=C(N=C2)CCl	59397884	CWEZIJOQGXRFFB-UHFFFAOYSA-N	C8H8ClNO2
CC1=NC=CC(=C1CC(=O)O)Cl	118811056	BYSNOFJWWVIRGP-UHFFFAOYSA-N	C8H8ClNO2
C1C(O1)COC2=CC(=CN=C2)Cl	22221562	JECMKGNVSPGVKQ-UHFFFAOYSA-N	C8H8ClNO2
CC1=CC=CC=C1[C@@H]([N+](=O)[O-])Cl	88773900	MJZGSLHVKGQJBH-MRVPVSSYSA-N	C8H8ClNO2
CC1=C(C=NC=C1C(=O)OC)Cl	73554287	UDKQGNJLYLYNOS-UHFFFAOYSA-N	C8H8ClNO2
COC1=C(C=C(C=C1)C(=O)Cl)N	122554575	PFIZQQJAFKEKEY-UHFFFAOYSA-N	C8H8ClNO2
CC1=C(C=C(C=C1)Cl)OC(=O)N	117979162	HDEDKYAIXDAMKA-UHFFFAOYSA-N	C8H8ClNO2
CC(=O)OC1=CC(=C(C=C1)Cl)N	151361123	OOMNULYZUPPACL-UHFFFAOYSA-N	C8H8ClNO2
C1=CC=C(C=C1)COC(=O)NCl	2755304	AKOKZPSUQUNCPZ-UHFFFAOYSA-N	C8H8ClNO2
CC(=O)OC1=CC=C(C=C1)NCl	20318603	ARFFBRBQZWCAJI-UHFFFAOYSA-N	C8H8ClNO2
CNC1=C(C=CC2=C1OCO2)Cl	149502603	ZHHBPGSHSUWYPL-UHFFFAOYSA-N	C8H8ClNO2
COC(=O)C1=C(C=C(C=C1)Cl)N	80001	YPSSCICDVDOEAI-UHFFFAOYSA-N	C8H8ClNO2
CC1=C(C(=CC=C1)CCl)[N+](=O)[O-]	13573563	DKOAMCBHOMXOPX-UHFFFAOYSA-N	C8H8ClNO2
CC1=CC(=C(C(=O)N1C)C=O)Cl	15273989	VTKOEWRBSOOAHQ-UHFFFAOYSA-N	C8H8ClNO2
CC1=C(C(=C(C=C1)Cl)[N+](=O)[O-])C	67903046	QPGYZPXZYNCZJI-UHFFFAOYSA-N	C8H8ClNO2
C1OC2=CC(=CC(=C2O1)CN)Cl	84039265	SHPISZKWSHUBDJ-UHFFFAOYSA-N	C8H8ClNO2
CN1C=C(C=C(C1=O)C(=C)O)Cl	145444016	DWHCDLXXBOGWBW-UHFFFAOYSA-N	C8H8ClNO2
COC(=NCl)C1=CC=C(C=C1)O	136647273	UYLFOONEHARXLR-UHFFFAOYSA-N	C8H8ClNO2
C1OC2=C(O1)C=C(C(=C2)CN)Cl	22069232	NYLLTMJTQBUNLZ-UHFFFAOYSA-N	C8H8ClNO2
CC1=CC(=CC(=C1)Cl)OC(=O)N	67745598	DPUFSSYRLDUXPL-UHFFFAOYSA-N	C8H8ClNO2
CC(OC1=CC=C(C=C1)N=O)Cl	147879908	IAFYRCSMAJPEGI-UHFFFAOYSA-N	C8H8ClNO2
C1C(=O)NO1.C1=CC=C(C=C1)Cl	70206019	VDOKMNAPRJRBED-UHFFFAOYSA-N	C8H8ClNO2
C1OC2=C(O1)C=C(C=C2)C(N)Cl	66663241	RCNUWBOFHGCHPO-UHFFFAOYSA-N	C8H8ClNO2
CC1=CC(=NC=C1CC(=O)O)Cl	55267504	GASLIEZNVCLWSL-UHFFFAOYSA-N	C8H8ClNO2
CC(=O)OC1=C(C(=CC=C1)Cl)N	91872469	LRXHRVWZNXVATG-UHFFFAOYSA-N	C8H8ClNO2
C1C=CC=C2C1C(=O)NC2=O.Cl	141040918	KGBNXSMITCJZHI-UHFFFAOYSA-N	C8H8ClNO2
CNC1=CC=C(C=C1)C(=O)OCl	143047304	IINCCLFQAFXRIV-UHFFFAOYSA-N	C8H8ClNO2
CC1=C(C(=NC=C1)Cl)CC(=O)O	119016433	JMLYLOUXFZQJIQ-UHFFFAOYSA-N	C8H8ClNO2
C1C=CC2=C(NC(=C2C1Cl)O)O	91282821	KDKVKDSVYVSGTH-UHFFFAOYSA-N	C8H8ClNO2
COC1=CC=C(C=C1)C(=O)NCl	21579386	FQLVVVLATWNWKR-UHFFFAOYSA-N	C8H8ClNO2
C1=CC(=CC=C1CCl)C(=O)NO	15853122	MPKVWCVJNUTKCA-UHFFFAOYSA-N	C8H8ClNO2
COC1=C(C(=C(C=C1)Cl)N)C=O	118902478	RMYOMRCTDMQYMX-UHFFFAOYSA-N	C8H8ClNO2
COC(=O)CC1=NC(=CC=C1)Cl	17750150	KQZPAXQFNLEKLS-UHFFFAOYSA-N	C8H8ClNO2
C1=CC=C(C=C1)N[C@H](C(=O)O)Cl	95473821	NEYYBUQGPXHSND-SSDOTTSWSA-N	C8H8ClNO2
C1=CC=C(C=C1)N([C@H](C=O)Cl)O	22808226	LXDDVVOKVGUOLE-MRVPVSSYSA-N	C8H8ClNO2
COC1=CC=CC(=C1Cl)/C=N/O	137549902	ZHBYTCMVSOGDRA-BJMVGYQFSA-N	C8H8ClNO2
C1C(O1)COC2=C(C=CC=N2)Cl	20483531	VMYNQKIZQJZLOJ-UHFFFAOYSA-N	C8H8ClNO2
C1=CC=C(C(=C1)C(C(=O)N)O)Cl	62224187	BIEBWMDQQCKEIN-UHFFFAOYSA-N	C8H8ClNO2
CC1=CC(=C(N=C1C(=O)O)Cl)C	84070582	FKSTXTRCCXJDKB-UHFFFAOYSA-N	C8H8ClNO2
CCC(=O)OC1=C(C=CC=N1)Cl	140325216	WUWAIKDGZMPOQV-UHFFFAOYSA-N	C8H8ClNO2
C1=CC(=CC=C1NC(=O)CCl)O	236323	MOICCNYVOWJAOK-UHFFFAOYSA-N	C8H8ClNO2
CC1=CC(=C(C=C1)C(=O)NO)Cl	59190984	SSWAAIQBWFQWQN-UHFFFAOYSA-N	C8H8ClNO2
COC1=CC=CC(=C1)/C(=N/O)/Cl	9623412	DEXRYCNUFWKXHS-NTMALXAHSA-N	C8H8ClNO2
COC(=O)C1=CC(=CC=C1)NCl	153771897	DGFKBJKXUIDUDH-UHFFFAOYSA-N	C8H8ClNO2
CC1N(C2C=CC(=O)C=C2O1)Cl	88828840	XYDLJQULGOEXNR-UHFFFAOYSA-N	C8H8ClNO2
C1COC2=C(O1)C=CN=C2CCl	19926468	KAEYALFVYPOZFR-UHFFFAOYSA-N	C8H8ClNO2
C1CC2C(C=C1)C(=O)N(C2=O)Cl	139713344	VRZVVFMZHUSUBA-UHFFFAOYSA-N	C8H8ClNO2
C1=CC=C(C(=C1)C(C(=O)N)Cl)O	141169358	WRPUIWJQQMNIEK-UHFFFAOYSA-N	C8H8ClNO2
C1=CC(=C(C=C1C(=O)CCl)N)O	86149144	VIPPRFKLGMFBSO-UHFFFAOYSA-N	C8H8ClNO2
CC(=O)N(C1=CC=CC=C1O)Cl	151237128	NPNAWSNTTMMPHE-UHFFFAOYSA-N	C8H8ClNO2
CC(=O)C1=CC(=O)N(C=C1Cl)C	105441915	AZWCJZWSCAORCT-UHFFFAOYSA-N	C8H8ClNO2
C1CC2C(=O)NC(=O)C2(C=C1)Cl	141056302	UJPXPHZSTUOMFC-UHFFFAOYSA-N	C8H8ClNO2
C=C/C(=C\C(=C/N=C)\C(=O)O)/Cl	152824961	SUXNHMCCFWPSSB-HVUXDCMCSA-N	C8H8ClNO2
COC(=O)C1=C(C=CN=C1)CCl	50998853	RESAVGRQTSPJTK-UHFFFAOYSA-N	C8H8ClNO2
CC1=C(NC(=C1C(=O)Cl)C)C=O	57901956	AOJNRRCKKLHLEF-UHFFFAOYSA-N	C8H8ClNO2
C1CC1N2C(=CC=C2Cl)C(=O)O	82405972	VVDJOPAPUSEIQG-UHFFFAOYSA-N	C8H8ClNO2
C1=CC=C(C=C1)N(C(=O)CCl)O	13310382	UWRVLBBGITXBFO-UHFFFAOYSA-N	C8H8ClNO2
C1=CN=CC(=C1CCC(=O)O)Cl	65681595	UVUUJGHUYDEKTJ-UHFFFAOYSA-N	C8H8ClNO2
C1=CC(=C(C=C1Cl)C(C=O)N)O	91013936	NWFSGPIIJMEBNM-UHFFFAOYSA-N	C8H8ClNO2
CC(=O)OC1=C(C=CC(=C1)N)Cl	12914755	XZAUTTKOFAUBQP-UHFFFAOYSA-N	C8H8ClNO2
CC1=CC(=C(C(=C1)N)Cl)C(=O)O	21399327	PDQJUPLTDSIFDH-UHFFFAOYSA-N	C8H8ClNO2
C=CC1C=CC=CC1([N+](=O)[O-])Cl	141214393	NMXFVRURQVZPRC-UHFFFAOYSA-N	C8H8ClNO2
C1=CC(=CC(=C1)Cl)/C(=N/O)/CO	129721252	NUROTEPAXOTLES-CSKARUKUSA-N	C8H8ClNO2
C1=CC(=C(C=C1Cl)C(=O)N)CO	91418244	KYZDCKTZXZBFRS-UHFFFAOYSA-N	C8H8ClNO2
C1COC(=O)C2=C1C=CN=C2.Cl	141123591	PCWUAOGKZGAWGE-UHFFFAOYSA-N	C8H8ClNO2
COC1=C(C=CC(=C1)Cl)C=NO	71832955	XEBQIYNTXZCUCV-UHFFFAOYSA-N	C8H8ClNO2
CON(C(=O)C1=CC=CC=C1)Cl	13311488	AVIKJINWXZGPDE-UHFFFAOYSA-N	C8H8ClNO2
COC(=N)C1=C(C=CC(=C1)O)Cl	148166234	KBQVTYILQJSLEE-UHFFFAOYSA-N	C8H8ClNO2
CCC1=CC(=NC(=C1)Cl)C(=O)O	129980653	JTHYQUYXJMLBEQ-UHFFFAOYSA-N	C8H8ClNO2
[2H]C(C1=CC=CC=C1Cl)(C(=O)O)N	59868975	LMIZLNPFTRQPSF-WHRKIXHSSA-N	C8H8ClNO2
COC1=CC(=NC=C1)C(=O)CCl	119086236	QHGNZGFWKBVARG-UHFFFAOYSA-N	C8H8ClNO2
COC1=C(C=CN=C1CCl)C=O	72218047	ZCAUANAGPRWGTQ-UHFFFAOYSA-N	C8H8ClNO2
C1=CC=C(C(=C1)[C@H](C(=O)N)O)Cl	10352396	BIEBWMDQQCKEIN-SSDOTTSWSA-N	C8H8ClNO2
C1=CC2=C(C(=CN2C=C1)O)O.Cl	141005080	DBCGRTCTZATUII-UHFFFAOYSA-N	C8H8ClNO2
C1=CC(=C(C(=C1CC=O)N)Cl)O	87516890	UIHKXFVONBDKEQ-UHFFFAOYSA-N	C8H8ClNO2
COC1=NC=C(C=C1)CC(=O)Cl	145710977	QMZMIUISPIXCTE-UHFFFAOYSA-N	C8H8ClNO2
CNC1=CC(=C(C=C1)C(=O)O)Cl	287309	SELSOKMSAZQJOJ-UHFFFAOYSA-N	C8H8ClNO2
C1CC2=C(C1)NC(=C2Cl)C(=O)O	57659965	BMOOMAJMFWQQDT-UHFFFAOYSA-N	C8H8ClNO2
CC(=O)C1=C(C=CC(=O)N1C)Cl	105441914	NRBSLTLFBYGANH-UHFFFAOYSA-N	C8H8ClNO2
CNC(=O)OC1=CC(=CC=C1)Cl	21680058	JMZYSXBCCWAOOO-UHFFFAOYSA-N	C8H8ClNO2
COC(=O)[C@H](C1=CN=CC=C1)Cl	94376621	KHZUCERFSGXKSM-ZETCQYMHSA-N	C8H8ClNO2
CNC(=O)OC1=CC=C(C=C1)Cl	17491	WMMQJAQJAPXWDO-UHFFFAOYSA-N	C8H8ClNO2
CC(=O)C1=CC(=NC=C1Cl)OC	84660310	ONWLUAOYKZVWTD-UHFFFAOYSA-N	C8H8ClNO2
C1=CN=CC(=C1CC(C=O)O)Cl	65983882	JSMDAXWQRABYJT-UHFFFAOYSA-N	C8H8ClNO2
C1=CC(=C(C=C1N)Cl)CC(=O)O	18794290	LZFJFQHEDTXZDG-UHFFFAOYSA-N	C8H8ClNO2
CN(C(=O)C1=CC=CC=C1Cl)O	12729641	DKWOFFXMRAZBBX-UHFFFAOYSA-N	C8H8ClNO2
CCC1=C(C=C(C=C1)[N+](=O)[O-])Cl	4113449	YOIYZHDXMDAXOA-UHFFFAOYSA-N	C8H8ClNO2
CC(=O)C1=CC(=CN(C1=O)C)Cl	105441916	YFAALTWZSFYZCE-UHFFFAOYSA-N	C8H8ClNO2
CC1=CC(=C(C(=C1)Cl)C(=O)O)N	53719388	CGEKKJOKNRXZJK-UHFFFAOYSA-N	C8H8ClNO2
CON=CC1=C(C=CC(=C1)Cl)O	135970768	MYQYRZPTVVLZHQ-UHFFFAOYSA-N	C8H8ClNO2
CNC1=CC=CC=C1C(=O)OCl	146551949	BKPWZHRTVLIRLH-UHFFFAOYSA-N	C8H8ClNO2
C1=CN=CC=C1C(CC(=O)O)Cl	82366803	IQYOYFIVFVIUEZ-UHFFFAOYSA-N	C8H8ClNO2
CO/N=C/C1=C(C(=CC=C1)Cl)O	137093352	BVBPCTVBHVYCJM-BJMVGYQFSA-N	C8H8ClNO2
CCOC1=C(C=CC(=C1)Cl)N=O	59619557	OOKYIWZBSRSQLA-UHFFFAOYSA-N	C8H8ClNO2
C=C(C1=CC=NC=C1)C(=O)O.Cl	70092582	CDPHMQSAYDKAMR-UHFFFAOYSA-N	C8H8ClNO2
C1=CC=NC(=C1)CCOC(=O)Cl	81646078	BMTOXSUEOKZXNF-UHFFFAOYSA-N	C8H8ClNO2
CC1=C(C=C(C=N1)CCl)C(=O)O	137479362	UMXLYUDFGCOWBG-UHFFFAOYSA-N	C8H8ClNO2
C1CC(=C(CC1C(=O)O)C#N)Cl	126498435	OJWRIBQYUMTZBT-UHFFFAOYSA-N	C8H8ClNO2
C1=CN=C(C=C1CCOC=O)Cl	87852143	ASHOHHIRAUDTRW-UHFFFAOYSA-N	C8H8ClNO2
COC1=CC=C(C=C1)C(N=O)Cl	54057695	LXKQZUDNNOFDPZ-UHFFFAOYSA-N	C8H8ClNO2
C1=CC(=CC=C1CNCl)C(=O)O	121329517	UQBLGHZAROIOBB-UHFFFAOYSA-N	C8H8ClNO2
C1[C@@H](C2=C(C=CC(=C2O1)O)Cl)N	130632974	YKICGZZTIJEWDN-YFKPBYRVSA-N	C8H8ClNO2
C1=CC=C(C(=C1)[C@H](C(=O)O)N)Cl	1515293	LMIZLNPFTRQPSF-SSDOTTSWSA-N	C8H8ClNO2
COC1=C(C=C(C=C1)Cl)C(=O)N	3362317	FZOOOJPISNODNI-UHFFFAOYSA-N	C8H8ClNO2
C1[C@H](C2=C(O1)C=CC(=C2O)Cl)N	130699922	RTJVPWDLNRDGBT-RXMQYKEDSA-N	C8H8ClNO2
C1C2=C(C(=CC(=C2)N)Cl)OCO1	20189639	RCMSMHWLOKAUJJ-UHFFFAOYSA-N	C8H8ClNO2
COCC(=O)C1=CC(=NC=C1)Cl	80460815	SFVARTPEHBZGMB-UHFFFAOYSA-N	C8H8ClNO2
C[C@H](C1=C(C=CC=C1Cl)O)N=O	138496432	OSZZRUOOTYWHKI-RXMQYKEDSA-N	C8H8ClNO2
C1=CC=C(C(=C1)CC(=O)ON)Cl	69407543	QOYBADKRTCACRU-UHFFFAOYSA-N	C8H8ClNO2
C1=CC=C(C(=C1)CCl)OC(=O)N	129822852	ZTIKGPANYLKDFA-UHFFFAOYSA-N	C8H8ClNO2
C1COC(O1)C2=NC=CC(=C2)Cl	12300608	XMSIAQBFMUJYSE-UHFFFAOYSA-N	C8H8ClNO2
C1=CC(=CC=C1C(=O)N)OCCl	21976454	YOBJGQOUCRXWOE-UHFFFAOYSA-N	C8H8ClNO2
C/C(=N/O)/C1=C(C(=CC=C1)Cl)O	136884078	DPIVTBNBNAIIHW-YHYXMXQVSA-N	C8H8ClNO2
CC1=C(C(=C(C=C1)N)C(=O)O)Cl	53408364	LXMMULQDXBPFGB-UHFFFAOYSA-N	C8H8ClNO2
C1[C@@H](C2=C(O1)C(=C(C=C2)O)Cl)N	55270484	HWIHMXWYXBBTIW-YFKPBYRVSA-N	C8H8ClNO2
COC(=O)/C=C/C1=C(C=CN1)Cl	131241996	MZNFDINPYQPXID-NSCUHMNNSA-N	C8H8ClNO2
CCC1=CN=CC(=C1Cl)C(=O)O	22904423	CJRUWPPKHJYZCW-UHFFFAOYSA-N	C8H8ClNO2
CC(=O)NC1=CC=C(C=C1)OCl	59992754	JNSRJCAYFKQEJK-UHFFFAOYSA-N	C8H8ClNO2
C1=CC=C(C=C1)C(C(=O)N)(O)Cl	67795633	UYIYMPAMOLBHBB-UHFFFAOYSA-N	C8H8ClNO2
C1=CC(=CC=C1N=O)OCCCl	149345106	YEXNPCJTBFZMQQ-UHFFFAOYSA-N	C8H8ClNO2
COC1=CC(=CC(=C1)C(=O)N)Cl	54363753	UOHYOICMAYOTIR-UHFFFAOYSA-N	C8H8ClNO2
CCC(=O)OC1=NC=C(C=C1)Cl	53781210	RWTQQYWAQMUIJY-UHFFFAOYSA-N	C8H8ClNO2
C1=C(C=NC(=C1Cl)CCO)C=O	87242917	IXWSDQOZBZKJTM-UHFFFAOYSA-N	C8H8ClNO2
C1=C(C=C(C=C1O)Cl)C(=O)CN	83697132	WIOFROWGKPNBFR-UHFFFAOYSA-N	C8H8ClNO2
C1C2=C(C=C(C=C2)Cl)NC1=O.O	140103845	AXPAJVIDRGTTPO-UHFFFAOYSA-N	C8H8ClNO2
CC1=CC(=C(C=C1Cl)C(=O)O)N	22908467	HFCGZOJQHOXABV-UHFFFAOYSA-N	C8H8ClNO2
C[C@@H](C1=C(C=C(C=N1)C=O)Cl)O	129372254	ZOWDALAXIOBTGG-YFKPBYRVSA-N	C8H8ClNO2
CC1=CC2=C(C=C1Cl)N(CO2)O	141121264	LNRAVEPAGJTSSH-UHFFFAOYSA-N	C8H8ClNO2
C1=CC=C(C=C1)[C@@H](C(=O)O)NCl	141225239	NTBJLOYULOHXEK-ZETCQYMHSA-N	C8H8ClNO2
CC(=O)C1=CC(=C(C(=C1)O)Cl)N	21547662	UCJXIMUIXWNPMY-UHFFFAOYSA-N	C8H8ClNO2
CC1=CC(=C(C(=C1)Cl)[N+](=O)[O-])C	54077411	MKRBHWVTZIIMIT-UHFFFAOYSA-N	C8H8ClNO2
[2H]C1=C(C(=C(C(=C1[2H])C(C(=O)O)N)Cl)[2H])[2H]	59868962	LMIZLNPFTRQPSF-RHQRLBAQSA-N	C8H8ClNO2
COC(C1=CC=CC=N1)C(=O)Cl	21486915	MXHQNTXYXJZBSG-UHFFFAOYSA-N	C8H8ClNO2
CC1=C(C(=CN=C1C)Cl)C(=O)O	115017003	LQDUSGKTBOCWPQ-UHFFFAOYSA-N	C8H8ClNO2
C1=CC=C(C=C1)ONC(=O)CCl	12774348	XIKCBFCQSIKGDF-UHFFFAOYSA-N	C8H8ClNO2
C1=CC=C(C(=C1)C(=O)N)OCCl	79530355	UVUTULVEGSGCEZ-UHFFFAOYSA-N	C8H8ClNO2
CNC1=C(C=CC(=C1)Cl)C(=O)O	12535368	AIKBBXVMNYCRDO-UHFFFAOYSA-N	C8H8ClNO2
CC(=O)OCC1=NC(=CC=C1)Cl	10726190	ILPIHFUHSZIKHQ-UHFFFAOYSA-N	C8H8ClNO2
C1=CC=C(C=C1)C(C(=O)Cl)NO	141426806	PRHFOBHERXQTKK-UHFFFAOYSA-N	C8H8ClNO2
COC1=CC=C(C=C1)/C(=N/O)/Cl	9581584	RWYJLUIRTJBSDS-NTMALXAHSA-N	C8H8ClNO2
CC(=O)C1=CC(=NC(=C1)Cl)OC	22954597	MXPPYQGNKUFHCP-UHFFFAOYSA-N	C8H8ClNO2
C1C(=O)CC(=O)C2=CNC=C21.Cl	143227080	GZMBRMFXDZKCIM-UHFFFAOYSA-N	C8H8ClNO2
C=C(CN1C=CC(=C1)C(=O)O)Cl	79103618	CQZSGHPUGCYPIT-UHFFFAOYSA-N	C8H8ClNO2
C1=CC=C(C=C1)N(CC(=O)Cl)O	20159590	VSQMDSHNNAVCHB-UHFFFAOYSA-N	C8H8ClNO2
C1=CC(=NC=C1CCC(=O)O)Cl	14071568	MQMSQJZCCYCXSO-UHFFFAOYSA-N	C8H8ClNO2
CC1=CC(=C(C=N1)C(=O)Cl)OC	71394110	JYJDVTJYUAKOLB-UHFFFAOYSA-N	C8H8ClNO2
C1C2=CC=CC=C2N(C1=O)O.Cl	140972209	ZESBJCKEDJXZRQ-UHFFFAOYSA-N	C8H8ClNO2
C1=CC(=C(C=C1Cl)NCC=O)O	90904291	NHDIKSPLVDYUAB-UHFFFAOYSA-N	C8H8ClNO2
CC(C1=C(C=CC=N1)Cl)C(=O)O	68770580	NZQZXJIJQDGMMT-UHFFFAOYSA-N	C8H8ClNO2
C1=CC(=CC=C1[C@@H](C(=O)O)N)Cl	738019	QGJGBYXRJVIYGA-ZETCQYMHSA-N	C8H8ClNO2
CC1=CC(=CC(=C1Cl)N)C(=O)O	46835586	OESMDVRQTJJYMR-UHFFFAOYSA-N	C8H8ClNO2
CCOC(=O)C1=CC(=CN=C1)Cl	210009	NPPHNBKRBUSDQB-UHFFFAOYSA-N	C8H8ClNO2
CC1=CCN=CC(=C1C(=O)O)Cl	143729082	VBAFDNFWRLORPS-UHFFFAOYSA-N	C8H8ClNO2
C1=CC=C(C(=C1)[C@H](C(=O)Cl)N)O	140983302	UJJHUESSPNMWEY-SSDOTTSWSA-N	C8H8ClNO2
COC(=O)[14C]1=[14C]([14C](=[14CH][14CH]=[14CH]1)Cl)N	9990301	MSXSZFYRADEEJA-POOLIRAVSA-N	C8H8ClNO2
CC1=C(C=CC(=C1N)C(=O)O)Cl	827463	UJRYLIKAXUSWFS-UHFFFAOYSA-N	C8H8ClNO2
C1=CC(=CC=C1[C@@H](C(=O)Cl)N)O	22792506	YLHCHEBQIHXSIW-ZETCQYMHSA-N	C8H8ClNO2
CC(=O)C1=CN=C(C=C1OC)Cl	92133774	MDQJPDZWABDTDY-UHFFFAOYSA-N	C8H8ClNO2
COC1=C(C=C(C=C1)Cl)CN=O	123411747	GNGVKKRNQJOBOO-UHFFFAOYSA-N	C8H8ClNO2
COC1=CC=CC(=N1)CC(=O)Cl	121256211	BAOPFBQHLMCMSG-UHFFFAOYSA-N	C8H8ClNO2
C1=CC(=C(C=C1Cl)CC(=O)O)N	22293774	NSQQOCXHVPZZFY-UHFFFAOYSA-N	C8H8ClNO2
C1=CC(=C(C(=C1)C(=O)N)Cl)CO	68432072	AOCPARQJBMHPHM-UHFFFAOYSA-N	C8H8ClNO2
C/C(=C\C(=C)C(C#N)C(=O)O)/Cl	117923493	IDOQEOCFQMRTAL-ZZXKWVIFSA-N	C8H8ClNO2
C1=CC(=CC=C1CCl)NC(=O)O	21876753	RGONOFJPXUJMGM-UHFFFAOYSA-N	C8H8ClNO2
C1=CC(=C(C=C1C(=O)O)Cl)CN	17953982	WPWXETNWKBXANU-UHFFFAOYSA-N	C8H8ClNO2
CC(=O)C1=CC=C(NC1=O)CCl	72218010	DRSIVNWVRJCWLA-UHFFFAOYSA-N	C8H8ClNO2
C1=CC(=CC=C1CONC=O)Cl	89098210	FHJWTDAJTSXSCC-UHFFFAOYSA-N	C8H8ClNO2
COC(=N)C1=CC(=C(C=C1)O)Cl	135974717	HGNMIUAVZJXHQX-UHFFFAOYSA-N	C8H8ClNO2
CC(=O)C1=C(N=CC(=C1)Cl)OC	14783856	XNDXXKMKTIMGRX-UHFFFAOYSA-N	C8H8ClNO2
CCOC(=O)C1=NC=C(C=C1)Cl	15414989	BEBBWTPLBRZIOF-UHFFFAOYSA-N	C8H8ClNO2
C1=CC(=CC(=C1)Cl)CONC=O	142060621	BNWFWVUBWVAYIH-UHFFFAOYSA-N	C8H8ClNO2
CC(C1=CC=C(C=C1)[N+](=O)[O-])Cl	4083621	LATFGMPDXQAUFT-UHFFFAOYSA-N	C8H8ClNO2
C1C=CC[C@H]([C@H]1C(=O)Cl)N=C=O	13838829	AZVDQEZPHMWSFA-NKWVEPMBSA-N	C8H8ClNO2
C1=CC=NC(=C1)C(=O)OCCCl	141264687	BVIXLNKRMJJUPB-UHFFFAOYSA-N	C8H8ClNO2
CC1=C(C=CN(C1=O)C)C(=O)Cl	132241778	QQNIGCXIGXFKSJ-UHFFFAOYSA-N	C8H8ClNO2
CCOC1=C(C=C(C=N1)Cl)C=O	86084027	QDNGGXRHVRFDLE-UHFFFAOYSA-N	C8H8ClNO2
CC(=O)CN1C=C(C=CC1=O)Cl	84313627	VLCAUGWOYQPGCB-UHFFFAOYSA-N	C8H8ClNO2
CON=C(C1=CC=C(C=C1)O)Cl	137189783	MKGXQLIJLABNMZ-UHFFFAOYSA-N	C8H8ClNO2
C1CN2C=C(C=C2C1C(=O)O)Cl	20528184	NGNRMMNNHXBRSN-UHFFFAOYSA-N	C8H8ClNO2
C1[C@H](C2=C(C=CC(=C2O1)O)Cl)N	131150430	YKICGZZTIJEWDN-RXMQYKEDSA-N	C8H8ClNO2
CC1=CC(=C(N=C1C)Cl)C(=O)O	6484125	JGTHNXDWSRAIAT-UHFFFAOYSA-N	C8H8ClNO2
CNC1=CC2=C(C=C1Cl)OCO2	56972802	LGCOOIZEXOTUQL-UHFFFAOYSA-N	C8H8ClNO2
C1CC(=COC1)C(=O)C(C#N)Cl	13257248	STABPUHSCGQXGQ-UHFFFAOYSA-N	C8H8ClNO2
CCOC(=O)C1=CN=C(C=C1)Cl	2799611	ILDJJTQWIZLGPO-UHFFFAOYSA-N	C8H8ClNO2
CCOC(=O)C1=C(C=CC=N1)Cl	15414991	HVPDNHNBAJDBGU-UHFFFAOYSA-N	C8H8ClNO2
CC(=O)C1=CN(C(=O)C(=C1)Cl)C	101667725	QNYCWMYXHQAXHJ-UHFFFAOYSA-N	C8H8ClNO2
COC1=CC(=C(C=C1C=O)N)Cl	131003166	WXLDGPSJJGRKIW-UHFFFAOYSA-N	C8H8ClNO2
C1CC2=C(C(=C1)Cl)NC(=O)CO2	89973232	SYCBDSFKIJKRBU-UHFFFAOYSA-N	C8H8ClNO2
COC(=O)/C=C\C1=C(C=CN1)Cl	131237771	MZNFDINPYQPXID-IHWYPQMZSA-N	C8H8ClNO2
C1OC2=C(O1)C(=C(C=C2)CN)Cl	117280287	LVAFPXIWKBEYPQ-UHFFFAOYSA-N	C8H8ClNO2
C1[C@H](O1)COC2=CN=C(C=C2)Cl	86662318	GERUONSHXFEOCV-SSDOTTSWSA-N	C8H8ClNO2
CN(/C=C\1/C=C(C=CC1=O)Cl)O	134086984	KUJRLDJFGGTAJZ-WAYWQWQTSA-N	C8H8ClNO2
CCOC1=NC=CC(=C1)C(=O)Cl	20487510	GPHNPGWJQJPGQF-UHFFFAOYSA-N	C8H8ClNO2
C1=CC=C(C(=C1)NCC(=O)O)Cl	247831	NSDVLRONTCKCPY-UHFFFAOYSA-N	C8H8ClNO2
COC1=C(C=C(C=C1)Cl)/C=N/O	42315315	QPAUMCTVXSDULH-BJMVGYQFSA-N	C8H8ClNO2
CN1C=CC=C(C1=O)CC(=O)Cl	82527249	UXZLRRJTIBRNOT-UHFFFAOYSA-N	C8H8ClNO2
CNC(=O)C1=CC(=CC(=C1)Cl)O	72222587	CGFWVKIPJMPVJL-UHFFFAOYSA-N	C8H8ClNO2
CCC(=O)OC1=C(C=NC=C1)Cl	54381674	BWVUEKMPQKTNLY-UHFFFAOYSA-N	C8H8ClNO2
C1C(CO1)(C2=C(C=CN=C2)Cl)O	86695935	RJQYQADYTWYPPC-UHFFFAOYSA-N	C8H8ClNO2
CC1=C(C(=C(C=C1)NC=O)O)Cl	141399398	OOAMIWQJKCDHJY-UHFFFAOYSA-N	C8H8ClNO2
CC1=C(C=CC=C1[N+](=O)[O-])CCl	108947	XZNDXQGZPOZITR-UHFFFAOYSA-N	C8H8ClNO2
CC1=CC(=CN=C1C(=O)Cl)OC	126572903	UHQDYSSLXTZISQ-UHFFFAOYSA-N	C8H8ClNO2
CC1=CC(=NC=C1C(=O)OC)Cl	46223836	BQVXASUNSLLUGY-UHFFFAOYSA-N	C8H8ClNO2
COCC(=O)C1=NC=C(C=C1)Cl	80222823	HAEUOUTWXSAFDY-UHFFFAOYSA-N	C8H8ClNO2
CCOC(=O)C1=C(C=NC=C1)Cl	2762498	VNSAFDGQUZWUFE-UHFFFAOYSA-N	C8H8ClNO2
C1C=C(C[C@@H]2[C@@H]1C(=O)NC2=O)Cl	911531	YPANFBQXIBCTJS-PHDIDXHHSA-N	C8H8ClNO2
CC1=C(C=CC(=C1)NC(=O)O)Cl	21925419	VWOVELKWMFTNCE-UHFFFAOYSA-N	C8H8ClNO2
CC(=O)C1=CNC=C(C1=O)CCl	72217965	AMADFBLIWUKMEA-UHFFFAOYSA-N	C8H8ClNO2
CCC1=CC(=C(C=C1)Cl)[N+](=O)[O-]	13792156	SNTHEAOBAWSKKQ-UHFFFAOYSA-N	C8H8ClNO2
CC1=CC(=CC(=C1C(=O)O)N)Cl	75422280	AIPNIMNDVSPACA-UHFFFAOYSA-N	C8H8ClNO2
C1COC2=C(O1)C=C(C=C2Cl)N	12823076	BPHSLNIDKYEFMN-UHFFFAOYSA-N	C8H8ClNO2
CCC1=C(C=CC(=C1)[N+](=O)[O-])Cl	20792203	KLTVZRPJZKYWTP-UHFFFAOYSA-N	C8H8ClNO2
C1=CC(=CC(=C1)[N+](=O)[O-])CCCl	12363881	ZSWIJDPKSIILCL-UHFFFAOYSA-N	C8H8ClNO2
CC(=O)C1=NC(=C(C=C1)Cl)OC	124036936	BMDGKOVBYPFONC-UHFFFAOYSA-N	C8H8ClNO2
CC1=CC(=C(C2=C1OCO2)N)Cl	20597788	WCCSBHJECWOYKP-UHFFFAOYSA-N	C8H8ClNO2
CCC1=CC(=C(N=C1)C(=O)O)Cl	58376968	MYWHEULJQAMUOJ-UHFFFAOYSA-N	C8H8ClNO2
CCC1=C(C(=CC=C1)Cl)[N+](=O)[O-]	53651966	YNEQHZDPAVUAIZ-UHFFFAOYSA-N	C8H8ClNO2
C1COC(O1)C2=CC(=NC=C2)Cl	72213271	ASYOYYQPZNBBMH-UHFFFAOYSA-N	C8H8ClNO2
CC1=C(C=C2C(=N1)OCCO2)Cl	123657562	PLZCZOSHKABBRR-UHFFFAOYSA-N	C8H8ClNO2
CNC1=C(C=CC=C1Cl)C(=O)O	18803649	WGNLQMMDIUZBHI-UHFFFAOYSA-N	C8H8ClNO2
C1=CC=C(C=C1)CNC(=O)OCl	20112204	OELPAUZLKQFRRT-UHFFFAOYSA-N	C8H8ClNO2
CC1=C(C=CN=C1Cl)C(=O)OC	53436889	LUWGTKBLQCPEMS-UHFFFAOYSA-N	C8H8ClNO2
COC1=C(C=C(C=C1)CN=O)Cl	91512088	MVYIKRDJGLYAAP-UHFFFAOYSA-N	C8H8ClNO2
C1=CC(=C(C=C1CN)Cl)C(=O)O	19847658	TXQFMZXQQUWGSX-UHFFFAOYSA-N	C8H8ClNO2
CC(C1=CN=C(C=C1)Cl)C(=O)O	53396266	DRPAFECWIBKIAL-UHFFFAOYSA-N	C8H8ClNO2
COC(=O)C1=C(C=CC(=C1)N)Cl	5200412	LBNPBOFVHYOPIB-UHFFFAOYSA-N	C8H8ClNO2
C1COC2=C(O1)C=C(C(=C2)Cl)N	6484252	ILWFWTIQKGSLGF-UHFFFAOYSA-N	C8H8ClNO2
CC1=C(C=CN=C1Cl)CC(=O)O	129917458	WKWLIZARRIDYMX-UHFFFAOYSA-N	C8H8ClNO2
C=CCNC(=O)C1=C(OC=C1)Cl	106685315	BGYIWCUDTFFJFX-UHFFFAOYSA-N	C8H8ClNO2
C1=CC(=CC(=C1)Cl)C(C(=O)O)N	290730	MGOUENCSVMAGSE-UHFFFAOYSA-N	C8H8ClNO2
CC(=O)N(C1=CC=CC=C1Cl)O	13226846	QBRQMLAPDMJBSZ-UHFFFAOYSA-N	C8H8ClNO2
[2H]C1=C(C=C(C(=O)N1C)C)C(=O)Cl	117875179	PAQOYAOMKUVOGB-QYKNYGDISA-N	C8H8ClNO2
CC(=O)OCC1=C(C=CN=C1)Cl	434452	TUIJGYDNNULTGH-UHFFFAOYSA-N	C8H8ClNO2
[2H]C1=C(C(=NC(=C1Cl)C(=O)O)C)C	150169839	FJEZHFHNGQRYIE-WFVSFCRTSA-N	C8H8ClNO2
COC(=O)C1=CC(=C(C=C1)Cl)N	593055	LOCJPOYKBUUVKU-UHFFFAOYSA-N	C8H8ClNO2
CC1=CC2=C(C(OC2)O)C(=N1)Cl	153889177	JSASWFRJYUMBBV-UHFFFAOYSA-N	C8H8ClNO2
C1=CC=C(C=C1)[C@H](C(=O)OCl)N	141578329	MHKQHVOLBGPBIN-SSDOTTSWSA-N	C8H8ClNO2
C1=CC=C(C=C1)OC(C(=O)N)Cl	19871801	RNDSVLADWNQPDK-UHFFFAOYSA-N	C8H8ClNO2
CC1=C(C(=C(C=C1)[N+](=O)[O-])C)Cl	21396331	PENAZECQLVPOLV-UHFFFAOYSA-N	C8H8ClNO2
CC1=CC(=C(C=C1)NC(=O)O)Cl	67274671	FSPOTURJRASQHG-UHFFFAOYSA-N	C8H8ClNO2
CC(=O)C1=CC=C(C=C1)NOCl	57126151	JSENNJBHKOAMLN-UHFFFAOYSA-N	C8H8ClNO2
COC1=CC(=C(C=C1)/C=N\O)Cl	88751711	LXLHJSAYOYGNMU-YHYXMXQVSA-N	C8H8ClNO2
COCC1=NC(C(=C=O)C=C1)Cl	141243254	HQHXKWLIRQDFEA-UHFFFAOYSA-N	C8H8ClNO2
C1[C@H](C2=C(O1)C(=NC=C2)Cl)CO	124514980	REMOMHARFSPPEX-RXMQYKEDSA-N	C8H8ClNO2
C1CN2C=CC=C2C1(C(=O)O)Cl	153825250	BKNNIGDNJZETFF-UHFFFAOYSA-N	C8H8ClNO2
C1=CC(=CC=C1OCC(=O)N)Cl	97091	RHLHDNNWVXMDAF-UHFFFAOYSA-N	C8H8ClNO2
COC(=C)C1=CNC(=O)C(=C1)Cl	147960807	IPLGMGWQDCLJKJ-UHFFFAOYSA-N	C8H8ClNO2
CNC(=O)C1=C(C=CC(=C1)Cl)O	28390777	GMFBXDUNANTIIL-UHFFFAOYSA-N	C8H8ClNO2
CC(C1=C(N=CC=C1)Cl)C(=O)O	87406568	BFLPAKBBRMCHOU-UHFFFAOYSA-N	C8H8ClNO2
C1=CC(=C(C=C1O)Cl)CC(=O)N	69544017	ABUIHHRWHHSUKG-UHFFFAOYSA-N	C8H8ClNO2
CC(OC(=O)C1=CN=CC=C1)Cl	57973315	XBONBKJJIMEGBC-UHFFFAOYSA-N	C8H8ClNO2
C1COC2=C(C=C(C=C2O1)Cl)N	22122656	OYXNWVWNAJBYFI-UHFFFAOYSA-N	C8H8ClNO2
CNC1=CC2=C(C(=C1)Cl)OCO2	16218071	ZOFGCCNYUYQEHZ-UHFFFAOYSA-N	C8H8ClNO2
C1CC2=CC(=C(N2C1)C(=O)O)Cl	84014165	SUJBMWXMHWNIJX-UHFFFAOYSA-N	C8H8ClNO2
CC1=CC(=CC(=C1O)/C=N\O)Cl	136857275	QEUOOSBQHCPQBN-WMZJFQQLSA-N	C8H8ClNO2
C1=CC(=NC=C1C(CO)C=O)Cl	90941566	WFHNXJRKJQWAGA-UHFFFAOYSA-N	C8H8ClNO2
CC1=CC(=C(N=C1Cl)C)C(=O)O	130047352	UCQJFAFRBGXYOZ-UHFFFAOYSA-N	C8H8ClNO2
CCC1=C(N=CC(=C1)Cl)C(=O)O	66931452	HIIWMIYPFWBPTC-UHFFFAOYSA-N	C8H8ClNO2
C1[C@@H](C2=C(O1)C=CC(=C2O)Cl)N	130645875	RTJVPWDLNRDGBT-YFKPBYRVSA-N	C8H8ClNO2
CC1=CC(=C(C(=N1)C)Cl)C(=O)O	82405971	MURSICHDSOEMNS-UHFFFAOYSA-N	C8H8ClNO2
COC1=CC(=C(C=C1)/C=N/O)Cl	23468413	LXLHJSAYOYGNMU-BJMVGYQFSA-N	C8H8ClNO2
C1=CC(=NC=C1C(=O)O)CCCl	140190082	OLWJFGPRMZWHHD-UHFFFAOYSA-N	C8H8ClNO2
C1=CC(=CC(=C1)Cl)COC(=O)N	70155650	BWHRPAUKSWKZKJ-UHFFFAOYSA-N	C8H8ClNO2
C1COC2=C(O1)C=CC(=N2)CCl	130115010	HATOORFLMFVIES-UHFFFAOYSA-N	C8H8ClNO2
CC1=CC(=O)NC(=C(C1=O)C)Cl	21790232	YBFOPJBVJAHTDO-UHFFFAOYSA-N	C8H8ClNO2
CC(=O)COC1=CC(=CN=C1)Cl	64602809	OUJSBIAMEGPUJF-UHFFFAOYSA-N	C8H8ClNO2
C=CCC1=C(NC(=O)C=C1O)Cl	118865367	AQXAHKZVLPLZIS-UHFFFAOYSA-N	C8H8ClNO2
C1=CC=C(C=C1)NC(=O)COCl	154463124	LLMODZSIFPTRQD-UHFFFAOYSA-N	C8H8ClNO2
C1CC(=CC=C(C=C1)[N+](=O)[O-])Cl	148555485	MTZCAAKIMPMMFS-UHFFFAOYSA-N	C8H8ClNO2
CC(C1=NC=C(C=C1)Cl)C(=O)O	121598816	ADKINFXYJINQBQ-UHFFFAOYSA-N	C8H8ClNO2
CC1=C(C=C(C(=O)N1)Cl)C(=O)C	15098869	QLYZDONRCQRJNB-UHFFFAOYSA-N	C8H8ClNO2
C1=CC(=C(C=C1Cl)CNC=O)O	141865442	MNBFEEIUFPEPPK-UHFFFAOYSA-N	C8H8ClNO2
CC1=NC(=C(C=C1)CC(=O)O)Cl	55267503	HKYCQVRONOLJDQ-UHFFFAOYSA-N	C8H8ClNO2
C1CC1OC2=C(C=C(C=N2)O)Cl	117651441	IPZXOMCYTMFUPW-UHFFFAOYSA-N	C8H8ClNO2
CCC1=CN=CC(=C1C(=O)O)Cl	66815177	JKRDXKCFSQVEEI-UHFFFAOYSA-N	C8H8ClNO2
C1=CC=C(C=C1)NC(=O)C(O)Cl	53912909	IFAPRTJQFKHLSW-UHFFFAOYSA-N	C8H8ClNO2
CC1=C(C=CC(=C1)Cl)C(=O)NO	85911001	QYTDJAQNZRWFBN-UHFFFAOYSA-N	C8H8ClNO2
CCOC1=C(C=CC(=N1)Cl)C=O	118917466	LYVOWKDMXBHLEQ-UHFFFAOYSA-N	C8H8ClNO2
CC1=C(C=CC=C1Cl)C(=O)NO	107096933	RQTFICQPJZRLSC-UHFFFAOYSA-N	C8H8ClNO2
CN=C1C=C(C(=O)C=C1OC)Cl	143182794	HPXNLLAHYADYEM-UHFFFAOYSA-N	C8H8ClNO2
CC1=NC(=C(C=C1)C(=O)Cl)OC	135349260	HTSWWKIOXKLHOY-UHFFFAOYSA-N	C8H8ClNO2
C1=CN=CC=C1C(=O)OCCCl	151404833	OXGRBLMFIZTYMR-UHFFFAOYSA-N	C8H8ClNO2
CC1=NC(=C(C=C1)Cl)CC(=O)O	68263784	MFQDLVBJHBBUDJ-UHFFFAOYSA-N	C8H8ClNO2
COC1=C(C(=CC(=C1)N)Cl)C=O	122362325	PAKBQABMOVRUDZ-UHFFFAOYSA-N	C8H8ClNO2
CC1=CN=C(C2=C1OCO2)CCl	130119357	LOBVEWGIRFCOMJ-UHFFFAOYSA-N	C8H8ClNO2
CC1OC(O1)C2=CN=C(C=C2)Cl	87108370	MALGPKMGRZBVSE-UHFFFAOYSA-N	C8H8ClNO2
COC1=C(C=CC(=C1)Cl)C(=O)N	19741766	OXAZYPDRGPSAEZ-UHFFFAOYSA-N	C8H8ClNO2
CC1=NC=CC(=C1C(=O)O)CCl	71396279	MYSDGZFUGJVWEH-UHFFFAOYSA-N	C8H8ClNO2
C=CCNC(=O)C1=CC=C(O1)Cl	45843633	MBMMJFXYTIBFSM-UHFFFAOYSA-N	C8H8ClNO2
C1C2=CC(=C(C(=C2CN1)Cl)O)O	69538923	SJWMGKZGALRAMK-UHFFFAOYSA-N	C8H8ClNO2
COC1=C(C=CC=C1Cl)NC=O	5141820	IQUGOIZAAQVVPG-UHFFFAOYSA-N	C8H8ClNO2
CC1=CC(=CN=C1Cl)CC(=O)O	55267357	BLMQSKNWZLCAEW-UHFFFAOYSA-N	C8H8ClNO2
C1=CC(=CC(=C1)OC(=O)N)CCl	153732792	ZXRFWKCSWYZZEW-UHFFFAOYSA-N	C8H8ClNO2
C1=CC=C(C(=C1)OCC(=O)N)Cl	97329	VFUNLXYSSCTXBG-UHFFFAOYSA-N	C8H8ClNO2
COC1=CC(=NC=C1CC=O)Cl	146279743	LTQCXEHKOVNCEN-UHFFFAOYSA-N	C8H8ClNO2
CO/N=C(\C1=CC=C(C=C1)O)/Cl	136842094	MKGXQLIJLABNMZ-CSKARUKUSA-N	C8H8ClNO2
CCOC1=NC(=CC(=C1)C=O)Cl	115017004	VJJUZIYTQYFWTR-UHFFFAOYSA-N	C8H8ClNO2
COC1=CC=CC=C1C(=NO)Cl	57353351	KVDMQNUSKPRBGU-UHFFFAOYSA-N	C8H8ClNO2
CC1=C(NC(=O)C=C(C1=O)Cl)C	21790231	YGUUICAUJGSQSY-UHFFFAOYSA-N	C8H8ClNO2
C1=C(C=NC=C1Cl)CCC(=O)O	84660307	RIXLFIXZNYXMCP-UHFFFAOYSA-N	C8H8ClNO2
CC1=CC(=C(C=C1)Cl)C(=O)NO	143170470	WCLHKRYVWCAUEE-UHFFFAOYSA-N	C8H8ClNO2
C1=CC(=O)C(=C(C1=O)CCCl)N	69774421	GMOGYTFEVDCPDD-UHFFFAOYSA-N	C8H8ClNO2
CC(=O)C1=C(C=CC(=C1N)O)Cl	69676977	BJWZQVWRKYFSET-UHFFFAOYSA-N	C8H8ClNO2
COC1=C(C=CC(=C1)N)C(=O)Cl	85833533	XNGCOQMBUCSZQO-UHFFFAOYSA-N	C8H8ClNO2
CC(=O)NC1=CC(=CC(=C1)Cl)O	45119285	YUUUBALRUHSNHF-UHFFFAOYSA-N	C8H8ClNO2
CCOC(=O)C1=C(C=CN=C1)Cl	14116704	STYWLPMGYBPSRJ-UHFFFAOYSA-N	C8H8ClNO2
C1=CC(=C(C=C1CCl)N)C(=O)O	67200347	NFERRGPERPOXBY-UHFFFAOYSA-N	C8H8ClNO2
C1=CC(=C(C=C1Cl)NC=O)CO	12083233	KPWDJSLIKRJDRJ-UHFFFAOYSA-N	C8H8ClNO2
C1=CC2=C(C=C1O)C=C(N2)O.Cl	140052953	IWPNIAKRTKPXGB-UHFFFAOYSA-N	C8H8ClNO2
CC1=CC(=CC(=C1[N+](=O)[O-])C)Cl	20097836	IRVUFOGXUJFQDK-UHFFFAOYSA-N	C8H8ClNO2
CCOC1=CN=C(C=C1)C(=O)Cl	126572894	RDKGMGKRFWFHAF-UHFFFAOYSA-N	C8H8ClNO2
COC(=O)N(C1=CC=CC=C1)Cl	21437822	FGWXENLVAOQJPC-UHFFFAOYSA-N	C8H8ClNO2
CC1=C(C=C(C=C1)Cl)NC(=O)O	66895362	WHLDSPMKYSBHSK-UHFFFAOYSA-N	C8H8ClNO2
C1=CC=C(C(=C1)N)OC(=O)CCl	20040453	IPHFVYPQCHBUPX-UHFFFAOYSA-N	C8H8ClNO2
CCOC1=NC=CC(=C1Cl)C=O	131677005	DUMPPOIISAAALB-UHFFFAOYSA-N	C8H8ClNO2
C1=CC(NC=C1)(C=CCl)C(=O)O	151815487	SBMRIKYVOVWCRS-UHFFFAOYSA-N	C8H8ClNO2
COC1=C(C=CC=C1Cl)C(=O)N	20344812	JESNSNMMTLYFGV-UHFFFAOYSA-N	C8H8ClNO2
CC1=C(C=C(C=N1)Cl)C(=O)OC	10867045	KYEIGXOFICMHDP-UHFFFAOYSA-N	C8H8ClNO2
CC1=C(N=C(C=C1)CCl)C(=O)O	68753080	UFMJQKHDGVKWCC-UHFFFAOYSA-N	C8H8ClNO2
C1=CC=C(C(=C1)COC(=O)N)Cl	57110127	ZIWFMLAKPXPSNC-UHFFFAOYSA-N	C8H8ClNO2
C1=CC=C(C=C1)CC([N+](=O)[O-])Cl	85524894	MZYKXMJKVPXJSH-UHFFFAOYSA-N	C8H8ClNO2
C1COC2=C(C1O)C=CC(=N2)Cl	91620197	CHNDDZHCDWICGU-UHFFFAOYSA-N	C8H8ClNO2
CN(C(=O)C1=CC(=CC=C1)Cl)O	392393	OQNWUGXINSMGTG-UHFFFAOYSA-N	C8H8ClNO2
CNC(=O)C1=C(C=CC(=C1)O)Cl	72222608	XYRZFRSNUHDHCS-UHFFFAOYSA-N	C8H8ClNO2
CO/C(=N\Cl)/C1=CC(=CC=C1)O	89231743	QTJGAFAWVISCKF-NTMALXAHSA-N	C8H8ClNO2
C1=CC=C(C(=C1)OC(=O)CN)Cl	53977439	JVXZQFRXAHFMTO-UHFFFAOYSA-N	C8H8ClNO2
CC1=C(C=C(C=C1)CCl)[N+](=O)[O-]	597730	DLTKEOYTIZIUKD-UHFFFAOYSA-N	C8H8ClNO2
CC(=O)N(C1=CC=C(C=C1)Cl)O	15171	CDIAYJXLIMKAJJ-UHFFFAOYSA-N	C8H8ClNO2
C1=CC=C(C(=C1)C(=O)CON)Cl	105441912	AKDUHHBCVRLULX-UHFFFAOYSA-N	C8H8ClNO2
C=CC(=O)O[N+]1=CC=CC=C1.[Cl-]	19836566	DEUKCOYFERZVLM-UHFFFAOYSA-M	C8H8ClNO2
CC(=O)NOC1=CC=CC=C1Cl	88138731	GGRNVMBZDJBJLQ-UHFFFAOYSA-N	C8H8ClNO2
CC1=CC(=NC(=C1)Cl)C(=O)OC	73553792	RSVVRJLGYCOGDB-UHFFFAOYSA-N	C8H8ClNO2
C[C@H](C1=CN=C(C=C1)Cl)C(=O)O	95169682	DRPAFECWIBKIAL-RXMQYKEDSA-N	C8H8ClNO2
CC1=C(C=CC=N1)COC(=O)Cl	141763499	HAPYSJBKYAJDFE-UHFFFAOYSA-N	C8H8ClNO2
CC1=CC(=C(N=C1)CCl)C(=O)O	122604969	KNMFHPUBIRQTSH-UHFFFAOYSA-N	C8H8ClNO2
CC1=CN=CC(=C1Cl)C(=O)OC	121597527	JAEAPDSRNCANJK-UHFFFAOYSA-N	C8H8ClNO2
C=CC1(CC=C(C=C1)Cl)[N+](=O)[O-]	153915627	XOADYGUEFSJWAK-UHFFFAOYSA-N	C8H8ClNO2
COC1=CC(=CC(=C1)C=NO)Cl	87389033	CYUWYVYHJYFSNM-UHFFFAOYSA-N	C8H8ClNO2
CCC1=C(C=C(C=N1)C(=O)O)Cl	69154753	UHTUUXLCGCKQSU-UHFFFAOYSA-N	C8H8ClNO2
C1OC2=C(O1)C=C(C=C2)NCCl	117575018	DZFNXZHQEFELOM-UHFFFAOYSA-N	C8H8ClNO2
COC1=CC=C(C=C1)C(=NO)Cl	2763371	RWYJLUIRTJBSDS-UHFFFAOYSA-N	C8H8ClNO2
CC1=C(C(=CN=C1C=O)Cl)OC	82405975	RNKCBXJFQJJSQX-UHFFFAOYSA-N	C8H8ClNO2
C1[C@H](O1)COC2=C(N=CC=C2)Cl	90134798	IPPPGBKCSNDYNW-LURJTMIESA-N	C8H8ClNO2
COC1=C(C=CC(=C1)Cl)/C=N\O	95871129	XEBQIYNTXZCUCV-YHYXMXQVSA-N	C8H8ClNO2
C1=CC(=CC(=C1)Cl)[C@H](C(=O)[O-])[NH3+]	7128390	MGOUENCSVMAGSE-SSDOTTSWSA-N	C8H8ClNO2
C1C=C(C(=CC=C1Cl)O)C(=O)N	89472553	MWEIUYGWEZZJQZ-UHFFFAOYSA-N	C8H8ClNO2
COC(=O)C1=C(C=CC=N1)CCl	72212715	WXAAAIBGUPJZCO-UHFFFAOYSA-N	C8H8ClNO2
CCN1C=CC(=C(C1=O)C=O)Cl	129517926	RNMNZJUANWYZRO-UHFFFAOYSA-N	C8H8ClNO2
CC1=C(C=CN=C1OC(=O)C)Cl	151367683	OPTSPNPFVYWLAZ-UHFFFAOYSA-N	C8H8ClNO2
CC1=CN=C(C(=C1Cl)C)C(=O)O	10313428	CKGRDASRXROABV-UHFFFAOYSA-N	C8H8ClNO2
CC1=CC(=CC(=C1C)[N+](=O)[O-])Cl	54052122	LTPXKIAOPAGTRB-UHFFFAOYSA-N	C8H8ClNO2
C1=CC(=CC=C1CO)/C(=N/O)/Cl	58403370	RFOJHALPISQRJS-NTMALXAHSA-N	C8H8ClNO2
COC1=NC=C(C=CC1C=O)Cl	21766431	AYIIHSKTYAAQOQ-UHFFFAOYSA-N	C8H8ClNO2
CC1=C(C=NC=C1)C(=O)OCCl	154015509	CAAWGFMWYWAHJO-UHFFFAOYSA-N	C8H8ClNO2
CC1=C(C=CC(=N1)C(=O)OC)Cl	71464263	MRPFFSOVCYMDAO-UHFFFAOYSA-N	C8H8ClNO2
COC(=O)C1=NC=CC(=C1)CCl	89767163	UHRXRHOHZFCVDN-UHFFFAOYSA-N	C8H8ClNO2
COC1=C(C=C(C=C1)C(=O)N)Cl	23210387	LDYSKQBCMXRUGA-UHFFFAOYSA-N	C8H8ClNO2
C1=CC(=CC(=C1)Cl)C(C(=O)N)O	21611564	OENYBIZVWXUXCG-UHFFFAOYSA-N	C8H8ClNO2
CC(=O)ONC1=CC=CC=C1Cl	85882570	JZLOVGUIIMCYAJ-UHFFFAOYSA-N	C8H8ClNO2
CC1=CC(=NO1)OCC#CCCl	91623224	CEOVANDCWMGHAI-UHFFFAOYSA-N	C8H8ClNO2
CO/C(=N\Cl)/C1=CC=C(C=C1)O	136133835	UYLFOONEHARXLR-NTMALXAHSA-N	C8H8ClNO2
C1=C(C=C(C=C1O)Cl)CC(=O)N	67108679	NFKNJHXWMJWWHR-UHFFFAOYSA-N	C8H8ClNO2
CCC1=C(C=CC=C1Cl)[N+](=O)[O-]	22164410	TZTOKGXTDWNPFC-UHFFFAOYSA-N	C8H8ClNO2
CC1=CC(=CC(=C1N)C(=O)O)Cl	11644044	KOPXCQUAFDWYOE-UHFFFAOYSA-N	C8H8ClNO2
CC1=CN=CC(=C1C)C(=O)OCl	66965282	MLRJQPPZPIWVOE-UHFFFAOYSA-N	C8H8ClNO2
C/C(=N/O)/C1=C(C=C(C=C1)O)Cl	137058929	UYMGGSPPKZUUHN-YHYXMXQVSA-N	C8H8ClNO2
C1=CC(=C(C=C1C(=O)CN)Cl)O	3026274	GJYHNLQCIJEHGW-UHFFFAOYSA-N	C8H8ClNO2
CC1=C(C(=O)NC(=C1Cl)C)C=O	135394343	LOTCSQUMBQDQSP-UHFFFAOYSA-N	C8H8ClNO2
CC1=CC(=NC=C1OC(=O)C)Cl	130821685	SUSQSEWCQRHMBB-UHFFFAOYSA-N	C8H8ClNO2
COC(=O)CC1=CC(=NC=C1)Cl	24729490	RQZVZTKKGCCTTL-UHFFFAOYSA-N	C8H8ClNO2
CC(=O)OC1=C(C=C(C=C1)Cl)N	129934037	LMWMBVHZUFBXLR-UHFFFAOYSA-N	C8H8ClNO2
COC1=CC=CC=C1C(=O)NCl	54145674	OEEZLLJZTSCWRG-UHFFFAOYSA-N	C8H8ClNO2
COC1=CC=CC(=C1C(=N)Cl)O	136349278	QYAVTVJZDYRNAF-UHFFFAOYSA-N	C8H8ClNO2
CCC1=C(C(=NC=C1)Cl)C(=O)O	18923088	VQHQZLSZWREGDG-UHFFFAOYSA-N	C8H8ClNO2
CC1=CC(=CC(=C1)Cl)NC(=O)O	45120202	INTBDWQTCGFBCQ-UHFFFAOYSA-N	C8H8ClNO2
CC(C1=C(C=C(C=C1)O)Cl)N=O	123687656	OHAYYBCHXQEYKH-UHFFFAOYSA-N	C8H8ClNO2
C1=CC(=CN=C1)COC(=O)CCl	20550274	UUQWLIZLLJLKLQ-UHFFFAOYSA-N	C8H8ClNO2
C1=CC(=C(C=C1NCC=O)Cl)O	19816476	GSCIVNLBWBWJFE-UHFFFAOYSA-N	C8H8ClNO2
C1[C@](O1)(CO)C2=NC(=CC=C2)Cl	130643327	KEPPVCRHKCTUFT-MRVPVSSYSA-N	C8H8ClNO2
CC(=O)C1=C(C=C(C=N1)CCl)O	72218029	LIVMLYWYSPCRSK-UHFFFAOYSA-N	C8H8ClNO2
CCOC1=C(N=CC=C1)C(=O)Cl	142800977	DSVFMYUOKNCENN-UHFFFAOYSA-N	C8H8ClNO2
CC1=CN=C(C=C1C(=O)OC)Cl	84820069	GVVYMHVKPSQYEY-UHFFFAOYSA-N	C8H8ClNO2
C1=CC(=CC(=C1)Cl)C(=O)NCO	15750041	YBMQIDVBRSMVFC-UHFFFAOYSA-N	C8H8ClNO2
CCC1=C(C(=CC=C1)[N+](=O)[O-])Cl	20484659	VDBNQGNBVJAULK-UHFFFAOYSA-N	C8H8ClNO2
CC(=O)C1=CN(C(=O)C=C1Cl)C	58360756	KKUIXLPOPVXNNW-UHFFFAOYSA-N	C8H8ClNO2
CC1=C(C=CC(=N1)Cl)C(=O)OC	59650775	BBXGEZRYRMLKTJ-UHFFFAOYSA-N	C8H8ClNO2
C1=CC=C(C(=C1)CCCl)[N+](=O)[O-]	11030510	TWVULDZVRRLVSF-UHFFFAOYSA-N	C8H8ClNO2
C1=CC(=C(C(=C1)O)Cl)C(=O)CN	83697130	DHCTZFWYPQICHX-UHFFFAOYSA-N	C8H8ClNO2
C1=CC(=CC=C1C(=O)COCl)N	129638399	BJZOYWIOTSDKLS-UHFFFAOYSA-N	C8H8ClNO2
C1=CC(=CC=C1C(N)Cl)C(=O)O	142142104	GSIDTAVXJQTSLA-UHFFFAOYSA-N	C8H8ClNO2
C1=CC(=CC=C1NCC(=O)Cl)O	19016715	SHJRVHUKWQWBRL-UHFFFAOYSA-N	C8H8ClNO2
COC(=O)CC1=NC=CC(=C1)Cl	52982818	LMJHAYBLKNGEFV-UHFFFAOYSA-N	C8H8ClNO2
CC1=CC(=NC(=C1)Cl)CC(=O)O	72212845	KWPSVWBNNNQDGX-UHFFFAOYSA-N	C8H8ClNO2
CC(=N)C1=C(C(=C(C=C1)O)O)Cl	148819608	ORNFMTMWVBNZFB-UHFFFAOYSA-N	C8H8ClNO2
CC1=CC(=C(C(=C1)Cl)N)C(=O)O	20325575	HJKJNACNNALPNP-UHFFFAOYSA-N	C8H8ClNO2
CC(=O)NC1=CC=CC=C1OCl	150463309	HQFSRZXGYXOEEE-UHFFFAOYSA-N	C8H8ClNO2
CC(=O)C1=C(C=NC(=C1)CCl)O	72217954	PDCDJLSSVFXWCS-UHFFFAOYSA-N	C8H8ClNO2
CC1=C(C(=NC=C1)C(=O)OC)Cl	129917074	DOMHPDRADHBHQS-UHFFFAOYSA-N	C8H8ClNO2
C1CC(C1)C2=C(C(=NO2)C=O)Cl	84660320	BUYMPQSHTGQREJ-UHFFFAOYSA-N	C8H8ClNO2
CC1=C(C=CC=C1Cl)OC(=O)N	154108909	ZOGDQULBMIANRM-UHFFFAOYSA-N	C8H8ClNO2
C1=CC(=C(C=C1C#N)O)CO.Cl	141137391	HDZHURFSNLEKBK-UHFFFAOYSA-N	C8H8ClNO2
C1=CC(=C(C=C1CO)C(=O)N)Cl	68430787	ARAFOUGHIMMTEI-UHFFFAOYSA-N	C8H8ClNO2
CC1C=CC(=C(N=C1)Cl)C(=O)O	143492276	VDEVOIIMPUXTKQ-UHFFFAOYSA-N	C8H8ClNO2
C1[C@@H](C2=CC(=C(C=C2O1)O)Cl)N	55270485	HIWHAAFFJFAISO-LURJTMIESA-N	C8H8ClNO2
CCC1=C(N=CC=C1)OC(=O)Cl	140136675	GQJBBHYDRIRFMR-UHFFFAOYSA-N	C8H8ClNO2
CC1=C/C(=N/OC)/C=C(C1=O)Cl	23270228	RLFAEFJLRYMQBD-POHAHGRESA-N	C8H8ClNO2
COC(=N)C1=C(C=C(C=C1)O)Cl	137224807	GBJNQIDZSMAVGZ-UHFFFAOYSA-N	C8H8ClNO2
CC1=C(C(=CC=C1)Cl)NC(=O)O	54123773	NPNXLKRSGWYMLX-UHFFFAOYSA-N	C8H8ClNO2
CC1=CC(=NC(=C1)Cl)C(=O)CO	153453620	SWTGJDCJVLOTLK-UHFFFAOYSA-N	C8H8ClNO2
CNC(=O)C1=C(C=C(C=C1)O)Cl	72227192	JGWJSILRGHOPRO-UHFFFAOYSA-N	C8H8ClNO2
CC(=O)OCC1=C(C=NC=C1)Cl	12604364	PHBGYGYRMUGBGE-UHFFFAOYSA-N	C8H8ClNO2
C1COC(O1)C2=C(N=CC=C2)Cl	54495642	XYWMFXWEWANASB-UHFFFAOYSA-N	C8H8ClNO2
C=NO.C1=CC=C(C=C1)C(=O)Cl	19019315	HHQWLGNTGMCOOJ-UHFFFAOYSA-N	C8H8ClNO2
CC1=C(C=CC(=N1)Cl)OC(=O)C	86636108	JSXWOWDPNFCBSV-UHFFFAOYSA-N	C8H8ClNO2
CC(=O)N(C1=CC=C(C=C1)O)Cl	88680281	ODZZJBROFUJPNQ-UHFFFAOYSA-N	C8H8ClNO2
CC(C(=O)C1=CNC(=C1)C=O)Cl	15729209	RFDQTLAKZBDHOO-UHFFFAOYSA-N	C8H8ClNO2
CCOC(=O)C1=NC(=CC=C1)Cl	11063114	ORSVWYSFUABOQU-UHFFFAOYSA-N	C8H8ClNO2
CCC1=CN=C(C=C1C(=O)O)Cl	129919478	ITWDITAPVOQSIA-UHFFFAOYSA-N	C8H8ClNO2
CNC1=CC=C(C=C1)OC(=O)Cl	118534807	GILKLRXBHCAHPJ-UHFFFAOYSA-N	C8H8ClNO2
COC1=CC(=CC(=N1)CCl)C=O	72215186	DKGYPLJKFAXNSB-UHFFFAOYSA-N	C8H8ClNO2
C[C@@H](C1=CN=C(C=C1)Cl)C(=O)O	95169681	DRPAFECWIBKIAL-YFKPBYRVSA-N	C8H8ClNO2
C1=CC=C(C(=C1)CC(=O)NO)Cl	11148124	TYKWNWMLKNCDRI-UHFFFAOYSA-N	C8H8ClNO2
C1C(C2=C(O1)C(=C(C=C2)O)Cl)N	55270730	HWIHMXWYXBBTIW-UHFFFAOYSA-N	C8H8ClNO2
CC1=CC(=CC(=C1C)Cl)[N+](=O)[O-]	23515171	MVCOZQHAVNWKGK-UHFFFAOYSA-N	C8H8ClNO2
CC1=C(C(=NC=C1)Cl)C(=O)OC	17862852	RJQVQDYEBIHZKH-UHFFFAOYSA-N	C8H8ClNO2
CN(C1=CC(=CC=C1)Cl)C(=O)O	22047774	RJRKWIZYSMWUII-UHFFFAOYSA-N	C8H8ClNO2
C1C(NC2=C(O1)C=CC=C2Cl)O	147017726	AVCFOWDGOSWNIV-UHFFFAOYSA-N	C8H8ClNO2
C1C(C2=C(C=CC(=C2O1)O)Cl)N	130053900	YKICGZZTIJEWDN-UHFFFAOYSA-N	C8H8ClNO2
C1CNC2=C1C=CC=C2Cl(=O)=O	140802722	KSNLNLRSDWKJCP-UHFFFAOYSA-N	C8H8ClNO2
C1CC=C2C(C1)C(=O)N(C2=O)Cl	154215720	NSVJQGYNUFFKPQ-UHFFFAOYSA-N	C8H8ClNO2
C1C(C(O1)C2=C(C=CN=C2)Cl)O	150366295	GWUGIEFFWPUZRL-UHFFFAOYSA-N	C8H8ClNO2
CCC(=O)OC1=C(N=CC=C1)Cl	131130641	ATJPQFDJANAHLJ-UHFFFAOYSA-N	C8H8ClNO2
COC1=C(C=C(C=C1)N)C(=O)Cl	91618769	UTXOVQIBZRQDEU-UHFFFAOYSA-N	C8H8ClNO2
C1=CC(=C(C=C1N)CCl)C(=O)O	18504952	YESDZDQOQXXCAV-UHFFFAOYSA-N	C8H8ClNO2
COC(=O)CC1=C(C=NC=C1)Cl	57435943	OXKUGUNOYLYMMT-UHFFFAOYSA-N	C8H8ClNO2
CC(C1=CC=CC=N1)OC(=O)Cl	139826151	UXPCWSTXLADIED-UHFFFAOYSA-N	C8H8ClNO2
C1=CC(=C(C=C1Cl)C(=O)O)CN	10419904	ATYKFZPYPABAPV-UHFFFAOYSA-N	C8H8ClNO2
COC1=CC=CC(=C1)C(N=O)Cl	54421144	WAWPYTVEQJPOII-UHFFFAOYSA-N	C8H8ClNO2
CO/C(=N\O)/C1=CC=C(C=C1)Cl	10679102	YBNWAQGEKZJTJW-NTMALXAHSA-N	C8H8ClNO2
C1C(CO1)OC2=C(C=CC=N2)Cl	126955029	HNBAEXIRHKAYDH-UHFFFAOYSA-N	C8H8ClNO2
COC1=CC(=CC(=C1)CN=O)Cl	123238615	WPZHUPRTTHFUTN-UHFFFAOYSA-N	C8H8ClNO2
CC(=O)OC1=CC(=C(C=C1)N)Cl	21496473	UZXXABKSBVBUSJ-UHFFFAOYSA-N	C8H8ClNO2
CC1=CN=C(C(=C1OC)C=O)Cl	141217735	MHBBTCPZPHZECN-UHFFFAOYSA-N	C8H8ClNO2
CC(=O)C1=C(C(=C(C=C1)Cl)O)N	153755853	CZZHOPJOJHUNMK-UHFFFAOYSA-N	C8H8ClNO2
C1=CC=C(C=C1)C(C(=O)O)(N)Cl	21748235	DIUOFISCWVAAKP-UHFFFAOYSA-N	C8H8ClNO2
C1C(CO1)(C2=CC(=NC=C2)Cl)O	58167394	VEFRDVVLKQVKJS-UHFFFAOYSA-N	C8H8ClNO2
COCC(=O)C1=NC=CC(=C1)Cl	137501945	CLQZBHXAGJWYNK-UHFFFAOYSA-N	C8H8ClNO2
C1=CC=C(C(=C1)CN(C=O)O)Cl	134119646	ZQFHBSJSVZCTHG-UHFFFAOYSA-N	C8H8ClNO2
C1COC2=C(O1)C=CC(=C2Cl)N	12823078	DMPCCKOCFKDOKC-UHFFFAOYSA-N	C8H8ClNO2
CC1=C(N=C(C=C1)Cl)CC(=O)O	71758252	LFEYKSRXGZULQM-UHFFFAOYSA-N	C8H8ClNO2
C1=CC(=CC=C1C(=NO)CO)Cl	141464537	AFAAICLRLVLTGN-UHFFFAOYSA-N	C8H8ClNO2
CC1=CN=C(C=C1CC(=O)O)Cl	119005099	SZQAZNVVAZYNOI-UHFFFAOYSA-N	C8H8ClNO2
CC1=CC2=C(C=N1)OCC2=O.Cl	75530244	RDVRYXOLQHTBJX-UHFFFAOYSA-N	C8H8ClNO2
C1=CC(=C(C=C1CC(=O)N)Cl)O	15038375	ORFVLZDPZCEXSD-UHFFFAOYSA-N	C8H8ClNO2
CC1=C(C=CC(=C1Cl)C(=O)O)N	53430651	ODBKPWBTXBLCOF-UHFFFAOYSA-N	C8H8ClNO2
CC1=C(C(=C(C=C1)Cl)C)[N+](=O)[O-]	20508440	ADRVFIZSNISDMU-UHFFFAOYSA-N	C8H8ClNO2
CC1=CC(=C(N=C1)CC(=O)O)Cl	129915080	HLTZNDHGEBZWJU-UHFFFAOYSA-N	C8H8ClNO2
CC(=O)OC1=CN=C(C=C1)CCl	14625088	DWGYRGCVYXTZBD-UHFFFAOYSA-N	C8H8ClNO2
CNC(=O)C1=CC(=C(C=C1)O)Cl	28390768	LUTVCPMNQNAXBW-UHFFFAOYSA-N	C8H8ClNO2
CC1=CC(=CN=C1CCl)C(=O)O	89874058	FKNFOXGNXSNAKC-UHFFFAOYSA-N	C8H8ClNO2
C1[C@H](O1)COC2=CC(=CN=C2)Cl	58618738	JECMKGNVSPGVKQ-MRVPVSSYSA-N	C8H8ClNO2
C[C@@H](C1=CC=C(C=C1)[N+](=O)[O-])Cl	13039585	LATFGMPDXQAUFT-LURJTMIESA-N	C8H8ClNO2
CC1=NC(=C(C=C1)C(=O)OC)Cl	13055804	SHKDOGHJQHIIRD-UHFFFAOYSA-N	C8H8ClNO2
CO/N=C/C1=C(C=CC(=C1)Cl)O	135674649	MYQYRZPTVVLZHQ-BJMVGYQFSA-N	C8H8ClNO2
CCOC1=CN=CC(=C1C=O)Cl	154727832	QMBCCDRPOLVELT-UHFFFAOYSA-N	C8H8ClNO2
CCOC1=NC=C(C(=C1)C=O)Cl	131676974	SXDORWHQYDCQJC-UHFFFAOYSA-N	C8H8ClNO2
C1=C(C=C(C=C1C(=O)N)Cl)CO	58962976	ZTFBLESJKZUXHC-UHFFFAOYSA-N	C8H8ClNO2
COC1=CC=CC(=N1)C(=O)CCl	19851906	INURASFKEUGIBK-UHFFFAOYSA-N	C8H8ClNO2
CC(=O)NC1=CC(=C(C=C1)O)Cl	77579	JULKJDRBSRRBHT-UHFFFAOYSA-N	C8H8ClNO2
C1=C(C(=CC2C1C2C(=O)O)Cl)N	147135497	BRBRWMIDBAZREQ-UHFFFAOYSA-N	C8H8ClNO2
CC1=C(C=CC(=C1)[N+](=O)[O-])CCl	20538763	QFPLKRIDNNZNIA-UHFFFAOYSA-N	C8H8ClNO2
CC1=CN=C(C(=C1C(=O)O)C)Cl	84014163	IYFIYJPCBYQKCN-UHFFFAOYSA-N	C8H8ClNO2
C1=CC(=CC=C1CCCl)[N+](=O)[O-]	285846	KYJGYIQRMAGKBT-UHFFFAOYSA-N	C8H8ClNO2
C1=CC(=CC=C1NCC(=O)O)Cl	230717	FWALJUXKWWBNEO-UHFFFAOYSA-N	C8H8ClNO2
CC(=O)C1=C(C(=CC(=C1)Cl)N)O	10932138	ZTIGWUVHBVZOFX-UHFFFAOYSA-N	C8H8ClNO2
CCOC1=NC=C(C=C1)C(=O)Cl	119085523	VXZQTSHPNVECRP-UHFFFAOYSA-N	C8H8ClNO2
COC(=O)C1=C(C=C(N1)C=C)Cl	68485391	WDLFLOJFZCYROM-UHFFFAOYSA-N	C8H8ClNO2
CC1=CC(=CC(=N1)Cl)CC(=O)O	72212844	OVPWURAPNLEFOR-UHFFFAOYSA-N	C8H8ClNO2
CC1=CC(=C(C=N1)C(=O)OC)Cl	20691977	VAKBQHRUUZLSLW-UHFFFAOYSA-N	C8H8ClNO2
C1=CC=C(C=C1)C(NC=O)(O)Cl	56980437	WQEGSFIOHYQYIH-UHFFFAOYSA-N	C8H8ClNO2
C1=CN=C(C=C1CCC(=O)O)Cl	83065727	YKZNQEUGUIJJGD-UHFFFAOYSA-N	C8H8ClNO2
CC1=CC(=C(C(=C1)Cl)C)[N+](=O)[O-]	19072940	ICVFACWRHDRTIM-UHFFFAOYSA-N	C8H8ClNO2
CC1=C(C=CC(=C1)Cl)OC(=O)N	127555072	GFFCUKVXJVVHLK-UHFFFAOYSA-N	C8H8ClNO2
CC1=C(C=C(C=N1)Cl)CC(=O)O	129918864	AJZUVAXMOBBCJO-UHFFFAOYSA-N	C8H8ClNO2
C1C(CO1)OC2=NC(=CC=C2)Cl	121601228	BMJKJIDHTGTMMG-UHFFFAOYSA-N	C8H8ClNO2
CC(=O)NC1=C(C(=CC=C1)Cl)O	22168474	IQLBBNGPBGJWPY-UHFFFAOYSA-N	C8H8ClNO2
CC1=C(C=CC=C1Cl)NC(=O)O	22262932	HTTVQMCCAFPJLZ-UHFFFAOYSA-N	C8H8ClNO2
CC1=C(C=C(C=C1)[N+](=O)[O-])CCl	187952	HBCZMIJXNQCIDC-UHFFFAOYSA-N	C8H8ClNO2
CC(=O)NC1=C(C=CC(=C1)O)Cl	14590936	ZYMWANUPUWNVLW-UHFFFAOYSA-N	C8H8ClNO2
CC1N(C2=CCC(=O)C=C2O1)Cl	88828844	LFCCKXCNTCWHGD-UHFFFAOYSA-N	C8H8ClNO2
C1=CNC=CC(=C1)C(=O)OCCl	150614590	IUPRPKAJBZPVQC-UHFFFAOYSA-N	C8H8ClNO2
CC1=CN=C(C=C1Cl)C(=O)OC	54772420	KSYLPGBLKZFIQN-UHFFFAOYSA-N	C8H8ClNO2
COC1=C2COCC2=CC(=N1)Cl	12146492	FYZLADPDOVYQLD-UHFFFAOYSA-N	C8H8ClNO2
C1=CC(=CC=C1N)OCC(=O)Cl	21443904	GWYUDXCOFOECKG-UHFFFAOYSA-N	C8H8ClNO2
CC1=CC(=NC(=C1C(=O)O)C)Cl	3446563	RBEYJNUECZLISX-UHFFFAOYSA-N	C8H8ClNO2
CCC(=O)OC1=CC(=NC=C1)Cl	90997185	WKPWLEWJUOPJRZ-UHFFFAOYSA-N	C8H8ClNO2
C1COC2=C(O1)C=C(C=N2)CCl	122650557	IGAWQFGJGWNXKS-UHFFFAOYSA-N	C8H8ClNO2
CC(=O)C1=CC(=C(N=C1)OC)Cl	72212724	IJYFRRQXGDJYDC-UHFFFAOYSA-N	C8H8ClNO2
CC(=O)C1=CN=C(C=C1CO)Cl	122524717	APYXMIHHGSCJIY-UHFFFAOYSA-N	C8H8ClNO2
CC1=C(C=CC(=C1Cl)N)C(=O)O	53430653	IXJQZMLTFYVSPD-UHFFFAOYSA-N	C8H8ClNO2
C1=C(C=C(C(=C1CCl)O)N)C=O	91902680	QFWAPQPHMFMMCA-UHFFFAOYSA-N	C8H8ClNO2
COC1=CC(=C(C=C1)C(=O)Cl)N	129914641	PJWDTSVPNQEOAL-UHFFFAOYSA-N	C8H8ClNO2
COC1=CC(=C(C=C1)Cl)C(=O)N	57678031	WLGCZZXKEJFOIG-UHFFFAOYSA-N	C8H8ClNO2
CC(=O)NC1=C(C=CC=C1Cl)O	53676089	BDGKWZRLZVWHAC-UHFFFAOYSA-N	C8H8ClNO2
CC(=O)C1=C(C(=C(C=C1)O)Cl)N	57445195	OVHBPOCRJBDAJI-UHFFFAOYSA-N	C8H8ClNO2
C1=C(C=C(C=C1O)Cl)CNC=O	153405504	RTSIOEWJLWUHOQ-UHFFFAOYSA-N	C8H8ClNO2
C1=CC=C(C(=C1)CC[N+](=O)[O-])Cl	12696801	XEWJLBPWTJKENF-UHFFFAOYSA-N	C8H8ClNO2
C1=CC=C(C=C1)NC(C(=O)O)Cl	53401042	NEYYBUQGPXHSND-UHFFFAOYSA-N	C8H8ClNO2
CC1=C/C(=N\OC)/C=C(C1=O)Cl	23270229	RLFAEFJLRYMQBD-UXBLZVDNSA-N	C8H8ClNO2
COC1=C(C=C(C=C1)NC=O)Cl	64992264	ARSFVEZSXDJSEU-UHFFFAOYSA-N	C8H8ClNO2
CC1=C(C(=CN1C)C(=O)C=O)Cl	142392484	AGYGUCPVSQCUPJ-UHFFFAOYSA-N	C8H8ClNO2
CCOC(=O)C(=CC(=C)Cl)C#N	53667386	AXMYNDRAXLTWJJ-UHFFFAOYSA-N	C8H8ClNO2
COC(=N)C1=C(C=CC(=C1)Cl)O	148519159	MOBCWWUZESGJTR-UHFFFAOYSA-N	C8H8ClNO2
CC1=CC=C(C=C1)C([N+](=O)[O-])Cl	54359971	ULVFTNBFNPOOCG-UHFFFAOYSA-N	C8H8ClNO2
CONC(=O)C1=CC=CC=C1Cl	13975517	KCMRQTVHNIDJLA-UHFFFAOYSA-N	C8H8ClNO2
COC1=CC=CC=C1NC(=O)Cl	22252141	NXUUTJWTYZXLBK-UHFFFAOYSA-N	C8H8ClNO2
C1=CC(=C(C=C1N)O)C(=O)CCl	86149145	AAKBKBKOOHFCAC-UHFFFAOYSA-N	C8H8ClNO2
C1=CC=C(C(=C1)C[N+](=O)[O-])CCl	147933443	IKIBGUGZRCLVPZ-UHFFFAOYSA-N	C8H8ClNO2
C1C(CO1)OC2=CC(=NC=C2)Cl	121601229	FAUXLIHMUHCUPS-UHFFFAOYSA-N	C8H8ClNO2
C1CC1NC(=O)C2=C(C=CO2)Cl	131133813	ZKRPEGHGFXATHN-UHFFFAOYSA-N	C8H8ClNO2
C1=CC(=CC(=C1)Cl)NCC(=O)O	3780319	KZXFAYGKDCLTER-UHFFFAOYSA-N	C8H8ClNO2
CC(=O)OC1=C(C=CC(=C1)Cl)N	67759240	LZWVBNWDXKBRTQ-UHFFFAOYSA-N	C8H8ClNO2
CON=CC1=CC(=C(C=C1)O)Cl	135968488	KQVKTCFEBBSHEL-UHFFFAOYSA-N	C8H8ClNO2
CC1=C(C(=NC=C1Cl)OC)C=O	23133647	YYVUUWNIJAABTD-UHFFFAOYSA-N	C8H8ClNO2
CC(=O)C1=CC(=CC(=O)N1)CCl	72215363	SICGFLPXKZTEFP-UHFFFAOYSA-N	C8H8ClNO2
COC1=CC(=C(C=C1)C(=O)N)Cl	11401194	MFWJSJYVCGLMKQ-UHFFFAOYSA-N	C8H8ClNO2
CN1C=C(C=C1C=O)C(=O)CCl	15729270	OWTUQZSOIVVKFH-UHFFFAOYSA-N	C8H8ClNO2
CC1=NC(=C(C=C1)Cl)C(=O)OC	59765466	XUIMSHWQPOAENN-UHFFFAOYSA-N	C8H8ClNO2
C1COC2=C(C=CC(=C2O1)N)Cl	85809036	VLIDKMADZMTBEE-UHFFFAOYSA-N	C8H8ClNO2
CC(=O)OCC1=CN=C(C=C1)Cl	2763988	LWRPSHVPTVBZEK-UHFFFAOYSA-N	C8H8ClNO2
CNC(=O)C1=C(C=CC=C1Cl)O	13551627	XWKGDEDBZLMECX-UHFFFAOYSA-N	C8H8ClNO2
C1=CC(=CN=C1)C(CC(=O)O)Cl	82366802	AIVKHILBNFRPEJ-UHFFFAOYSA-N	C8H8ClNO2
C1CNC(=O)CC2=C1OC(=C2)Cl	84660315	RYJUEYMOFBEITO-UHFFFAOYSA-N	C8H8ClNO2
CC(=O)NC1=CC(=C(C=C1)Cl)O	14122483	FWPNOLFNLHAULD-UHFFFAOYSA-N	C8H8ClNO2
CC1=NC=C(C(=C1O)C=O)CCl	154108692	PEUVIOZMKDYCBM-UHFFFAOYSA-N	C8H8ClNO2
CC1=C(C=CC(=C1)N)OC(=O)Cl	147889938	ICBQGGRBYZLNQW-UHFFFAOYSA-N	C8H8ClNO2
CC1=C(C=CC(=N1)CC(=O)O)Cl	83876595	NBNPZAGIGIGXPR-UHFFFAOYSA-N	C8H8ClNO2
C1=CC=C(C(=C1)CO)C(=O)NCl	89704729	VTGJLYBNKZXRIO-UHFFFAOYSA-N	C8H8ClNO2
COC1=CC(=C(C=C1)O)C=NCl	141425397	LJJAQVGZBCNIIR-UHFFFAOYSA-N	C8H8ClNO2
C1=CC(=CC=C1NC(=O)CO)Cl	13600665	ICNZEQVGQKOBJJ-UHFFFAOYSA-N	C8H8ClNO2
C1CC1OC2=C(N=CC(=C2)O)Cl	130048041	CVYAGPZYJKTWNE-UHFFFAOYSA-N	C8H8ClNO2
C1=CC(=CC(=C1)N)C(=O)OCCl	141000183	LDQOVMORKZKCQL-UHFFFAOYSA-N	C8H8ClNO2
CC(C1=NC=CC(=C1)Cl)C(=O)O	131472251	INHJPWZFNRKJDD-UHFFFAOYSA-N	C8H8ClNO2
C1=CC=C(C(=C1)C(C(=O)[O-])[NH3+])Cl	57899475	LMIZLNPFTRQPSF-UHFFFAOYSA-N	C8H8ClNO2
C1=CC(=C(C=C1Cl)CO)C(=O)N	91472670	BCZRWDCQMONYSO-UHFFFAOYSA-N	C8H8ClNO2
C1=CN(C=C1C(=O)O)C/C=C/Cl	133628449	AHTOYUHTSWOCEZ-HNQUOIGGSA-N	C8H8ClNO2
CCC1=C(N=C(C=C1)Cl)C(=O)O	84718959	JAGBQRQCQNGWTQ-UHFFFAOYSA-N	C8H8ClNO2
C1COC2=C(N1)C(=C(C=C2)O)Cl	144676440	HMAQVPSBCYMGTH-UHFFFAOYSA-N	C8H8ClNO2
C1=CC=NC(=C1)C(CC(=O)O)Cl	82366804	RKWKSZLYCNTKKY-UHFFFAOYSA-N	C8H8ClNO2
C1=CC=C(C=C1)C(=O)NOCCl	141909842	XQWBVIBMCYKPRC-UHFFFAOYSA-N	C8H8ClNO2
C1C(CNC1=O)C2=CC=C(O2)Cl	129980583	LWDWEJFZOLECNL-UHFFFAOYSA-N	C8H8ClNO2
COC1=C(C(=CC=C1)Cl)C(=O)N	86276	AYESZTWSOJJJLT-UHFFFAOYSA-N	C8H8ClNO2
CC1=CC(=C(C(=C1)[N+](=O)[O-])Cl)C	19103349	HIMVDAUFQRCQFX-UHFFFAOYSA-N	C8H8ClNO2
C1CNC(C1=O)C2=CC=C(O2)Cl	83828885	KCYQWPWGGYSQEE-UHFFFAOYSA-N	C8H8ClNO2
CCC1=CC(=C(N=C1)Cl)C(=O)O	20078680	CMESJKLBZOSZCK-UHFFFAOYSA-N	C8H8ClNO2
CC1=CC(=C(C=C1C(=O)O)Cl)N	22978901	CTIIKCLOFDWONZ-UHFFFAOYSA-N	C8H8ClNO2
CN(C1=CC=CC=C1)C(=O)OCl	67173588	LXNLKLKWRLYGRD-UHFFFAOYSA-N	C8H8ClNO2
COC1=C(C=C(C=C1)Cl)C=NO	22682743	QPAUMCTVXSDULH-UHFFFAOYSA-N	C8H8ClNO2
C1COC(O1)C2=NC(=CC=C2)Cl	150069139	DOXCKCZMJWLQAP-UHFFFAOYSA-N	C8H8ClNO2
C1CC1C2=CC(=NO2)C(=O)CCl	131576692	SJRUXDHTMCDLPF-UHFFFAOYSA-N	C8H8ClNO2
C1=CC(=CC=C1COC(=O)N)Cl	13433129	HIIOEWGKFCWTJU-UHFFFAOYSA-N	C8H8ClNO2
COC(=O)CC1=CC(=CN=C1)Cl	91594815	NZIOXCUHMNYORZ-UHFFFAOYSA-N	C8H8ClNO2
C1=CC(=C(C(=C1)Cl)C(=O)O)CN	10397523	WVFBDMDEDAUCIX-UHFFFAOYSA-N	C8H8ClNO2
C1=CC2=CC(=O)N=C2C=C1.O.Cl	143058206	OTGKDYAZMDVLSK-UHFFFAOYSA-N	C8H8ClNO2
C1=CC=C(C=C1)C(C(=O)O)NCl	20073736	NTBJLOYULOHXEK-UHFFFAOYSA-N	C8H8ClNO2
CCC1=C(C=CN=C1Cl)C(=O)O	52911022	FJJNPSSILWLRBE-UHFFFAOYSA-N	C8H8ClNO2
C1COC(O1)C2=C(C=CN=C2)Cl	86235593	VCKZHICQOPXSJQ-UHFFFAOYSA-N	C8H8ClNO2
C/C(=N/O)/C1=C(C=CC(=C1)Cl)O	135641497	HKBDZIHVULROIL-YHYXMXQVSA-N	C8H8ClNO2
C=CC1=C(N=CC=C1)C(=O)O.Cl	117699232	LGMNFMALGLZKDF-UHFFFAOYSA-N	C8H8ClNO2
CC(=O)C1=C(N=C(C=C1)Cl)OC	53403026	ZXNBEQZZKUIUJK-UHFFFAOYSA-N	C8H8ClNO2
C1C2=CC=CC=C2OC(=O)N1.Cl	70531873	FYNGMNQTFGUEDW-UHFFFAOYSA-N	C8H8ClNO2
COC1=NC2=C(COC2)C(=C1)Cl	102390406	RRPZZRVPOFKULK-UHFFFAOYSA-N	C8H8ClNO2
CC1=CC(=CN=C1)C(=O)OCCl	122604970	MGGTWWLSFCOMJU-UHFFFAOYSA-N	C8H8ClNO2
CC(C1=CC=C(C=C1)Cl)ON=O	87453322	KSRKFXSTSOVPOD-UHFFFAOYSA-N	C8H8ClNO2
C1=CC=C(C(=C1)C(C(=O)O)N)Cl	290729	LMIZLNPFTRQPSF-UHFFFAOYSA-N	C8H8ClNO2
C1COCC2=CC(=C(N21)C=O)Cl	82405977	WXVVURRSSNVCFO-UHFFFAOYSA-N	C8H8ClNO2
CC(=O)C1=C(C=CN=C1Cl)OC	84660313	BLONXIIZAFHAKS-UHFFFAOYSA-N	C8H8ClNO2
C1C(=O)C=CC2=C1C(=O)CN2.Cl	118868584	DLSXEMODSANKTL-UHFFFAOYSA-N	C8H8ClNO2
C1=CC(=CC(=C1)C(=O)NO)CCl	63664225	ZVGHPYNTKVVWKA-UHFFFAOYSA-N	C8H8ClNO2
CCC1=C(N=C(C=C1)C(=O)O)Cl	15152394	OVQSPSBRKMMIPX-UHFFFAOYSA-N	C8H8ClNO2
C1=CC=C(C(=C1)[C@@H](C(=O)[O-])[NH3+])Cl	7128337	LMIZLNPFTRQPSF-ZETCQYMHSA-N	C8H8ClNO2
CCC1=NC=CC(=C1Cl)C(=O)O	90010243	QOANVWYBMFROJD-UHFFFAOYSA-N	C8H8ClNO2
CCC1=CC(=NC=C1Cl)C(=O)O	82405973	JHFCETOZGWLARW-UHFFFAOYSA-N	C8H8ClNO2
CC1=C(C=C(C(=N1)OC)C=O)Cl	105441909	BLLOKSNVCQFUGV-UHFFFAOYSA-N	C8H8ClNO2
CC(C1=CC(=CC=C1)Cl)[N+](=O)[O-]	23423888	PSJOJUWGNYLKMW-UHFFFAOYSA-N	C8H8ClNO2
CC1=CC(=CC(=N1)OC)C(=O)Cl	119084197	RHAGFOAOGZFJDE-UHFFFAOYSA-N	C8H8ClNO2
[CH2-][NH2+]C(=O)C1=CC(=C(C=C1)O)Cl	59280749	KMKPQDSQZQRGIH-UHFFFAOYSA-N	C8H8ClNO2
COC(=O)C(C1=CC=NC=C1)Cl	83530405	MFBPWDFISAGPFY-UHFFFAOYSA-N	C8H8ClNO2
COC1=CC(=NC(=C1)C=O)CCl	72215273	RLKSDWZWEAMAMK-UHFFFAOYSA-N	C8H8ClNO2
C1=CC=C(C=C1)OCC(=O)NCl	154420251	HBCVMHXXBCXMIZ-UHFFFAOYSA-N	C8H8ClNO2
C1=CC(=C(C=C1Cl)C(=O)CO)N	91238378	FBGNTHAHCVVJJD-UHFFFAOYSA-N	C8H8ClNO2
CC(=O)C1=C(C=CC(=N1)CCl)O	72218019	INTJQIVKEOAEIK-UHFFFAOYSA-N	C8H8ClNO2
CC1=C(C=CC(=C1)C(=O)OCl)N	17960321	YFBPMJNHNYDLBO-UHFFFAOYSA-N	C8H8ClNO2
C1=CC(=C(C(=C1)N)C(=O)O)CCl	19612070	BZIXGTINTMGUDK-UHFFFAOYSA-N	C8H8ClNO2
C1COC(O1)C2=CN=C(C=C2)Cl	54775538	XTBNVXNLXPGCDL-UHFFFAOYSA-N	C8H8ClNO2
C1=CC(=C(C=C1N)C(=O)CO)Cl	58483475	HWJKFSZKTWTTHZ-UHFFFAOYSA-N	C8H8ClNO2
C1C2C=CC1N(C2=O)C(=O)CCl	22673288	JBCAXLHCNPPGAQ-UHFFFAOYSA-N	C8H8ClNO2
COC1=CC=CC(=C1)NC(=O)Cl	117566557	YEXZRMZIMRYBJK-UHFFFAOYSA-N	C8H8ClNO2
CC1=CC(=CC(=N1)Cl)C(=O)OC	2759833	BDWMGYZSQKGUFA-UHFFFAOYSA-N	C8H8ClNO2
C1=CC=C(C(=C1)C(N)Cl)C(=O)O	140078616	XVMQYYFFMDCKRM-UHFFFAOYSA-N	C8H8ClNO2
CCC1=C(N=CC(=C1)C(=O)O)Cl	89322796	SICJJJLZHIWMIZ-UHFFFAOYSA-N	C8H8ClNO2
C1=CC2=C(C=C1Cl)C(C(N2)O)O	129885643	OKSVDDJIDRXLRA-UHFFFAOYSA-N	C8H8ClNO2
C1=CC(=CC(=C1)Cl)CC[N+](=O)[O-]	19793310	ICKLWVGANKKUNK-UHFFFAOYSA-N	C8H8ClNO2
C1=CC(=CC(=C1)NC(=O)O)CCl	22456737	FOSASYINNACZKZ-UHFFFAOYSA-N	C8H8ClNO2
C1=CC(=C(C=C1C(=O)N)Cl)CO	102669371	DXCPDDVKRMPZFB-UHFFFAOYSA-N	C8H8ClNO2
CCC1=CC(=C(C(=O)N1)C=O)Cl	88989838	HMRBMIXDSOEIMQ-UHFFFAOYSA-N	C8H8ClNO2
C1=CC(=CC=C1CCON=O)Cl	87453323	DXXKPRVVDNEHRU-UHFFFAOYSA-N	C8H8ClNO2
CC1=CC(=CN=C1Cl)C(=O)OC	12404031	VCMFHHZWOQVDEZ-UHFFFAOYSA-N	C8H8ClNO2
C/C(=N\O)/C1=C(C=C(C=C1)Cl)O	136080164	AZBNPIUCNLDKKV-BJMVGYQFSA-N	C8H8ClNO2
CC1=CC(=C(C(=N1)C(=O)O)C)Cl	155463747	JXGIVLXOZYERHU-UHFFFAOYSA-N	C8H8ClNO2
C1C=CN(C=CC=CO1)C(=O)Cl	153787426	PVOHKBLONRTIAF-UHFFFAOYSA-N	C8H8ClNO2
CCC1=NC=CC(=C1C(=O)O)Cl	59589478	BDILWIUVORIFMU-UHFFFAOYSA-N	C8H8ClNO2
C1=CC=C(C(=C1)NCC(=O)Cl)O	88618069	RLWLAKMFVQRTSW-UHFFFAOYSA-N	C8H8ClNO2
CC(=O)OCC1=CC(=NC=C1)Cl	19917458	IFBKJDOWZKSUNS-UHFFFAOYSA-N	C8H8ClNO2
COC(=O)[C@@H](C1=CN=CC=C1)Cl	94376620	KHZUCERFSGXKSM-SSDOTTSWSA-N	C8H8ClNO2
CC1=CC(=C(C=C1[N+](=O)[O-])Cl)C	3456522	IDWXDUNLFIGCAL-UHFFFAOYSA-N	C8H8ClNO2
CC(=O)C1=C(C=CC(=C1N)Cl)O	154328130	KQRYVDMSHPCFPB-UHFFFAOYSA-N	C8H8ClNO2
CC(=O)OCC1=NC=CC(=C1)Cl	12325385	PSJKOFYWVDLIRO-UHFFFAOYSA-N	C8H8ClNO2
CC1=C(C=C(C=C1)N2OCO2)Cl	89160856	CITHZTOSICMHBH-UHFFFAOYSA-N	C8H8ClNO2
C[C@@H](C1=CC(=NC=C1)Cl)C(=O)O	124505583	YYKIQVRNHWPKRH-YFKPBYRVSA-N	C8H8ClNO2
CCC1=NC(=CC(=C1)Cl)C(=O)O	67025742	BMIZOEDGASBEAE-UHFFFAOYSA-N	C8H8ClNO2
CC1=CC(=C(C=C1)OC(=O)N)Cl	129933762	QGMNGRVCXADGNX-UHFFFAOYSA-N	C8H8ClNO2
C1COC2=C(N1)C=C(C=C2Cl)O	84660306	ABTDVPZHSPGHIS-UHFFFAOYSA-N	C8H8ClNO2
COC(=O)C1=C(N=CC=C1)CCl	19081344	AMIVNKVBDFJAFD-UHFFFAOYSA-N	C8H8ClNO2
C1C=C(C[C@H]2[C@H]1C(=O)NC2=O)Cl	1938038	YPANFBQXIBCTJS-WDSKDSINSA-N	C8H8ClNO2
CC1=CC(=CC(=C1)[N+](=O)[O-])CCl	22323649	MTALQFYHWVCHEY-UHFFFAOYSA-N	C8H8ClNO2
C1=CC=C(C(=C1)CNC(=O)O)Cl	20549549	PTYRRUKUWRXXRV-UHFFFAOYSA-N	C8H8ClNO2
C1=CC=C(C=C1)C(C[N+](=O)[O-])Cl	102263978	LRZDBGDTOIWNIY-UHFFFAOYSA-N	C8H8ClNO2
CONC1=C(C=CC(=C1)C=O)Cl	142233924	MMVMZLANJXCKQH-UHFFFAOYSA-N	C8H8ClNO2
CC(=NO)C1=C(C=CC(=C1)Cl)O	942711	HKBDZIHVULROIL-UHFFFAOYSA-N	C8H8ClNO2
CC(C)(C1=CC=C(O1)Cl)N=C=O	105441911	DTNSFQKJUJABJL-UHFFFAOYSA-N	C8H8ClNO2
CC1=CC(=NC(=C1C(=O)O)Cl)C	591127	CXNWZXGXVPYAST-UHFFFAOYSA-N	C8H8ClNO2
CC1=C(N=C(C=C1)CC(=O)O)Cl	83876601	ZRSGWXSCLSVNGH-UHFFFAOYSA-N	C8H8ClNO2
CC1=NC(=C(C=C1)C(=O)O)CCl	89600157	AGJCKFKFECICKT-UHFFFAOYSA-N	C8H8ClNO2
COC1=C(C(=CC=C1)Cl)/C=N/O	73553314	JPJDOPGYVPIDJR-BJMVGYQFSA-N	C8H8ClNO2
C1[C@@H]2C=C[C@]([C@@]1(C#N)Cl)(CO2)O	102081882	NPEOGLMAPNPEIB-XLPZGREQSA-N	C8H8ClNO2
CC(=O)OCC1=NC=C(C=C1)Cl	14517150	DMRKPCIFFRBLRF-UHFFFAOYSA-N	C8H8ClNO2
COC1=CC(=CC(=C1)N)C(=O)Cl	129915582	JAPDCYCRNZJTQK-UHFFFAOYSA-N	C8H8ClNO2
CC1=NC(=C(C=C1C=O)Cl)OC	129917902	YHENRUBWJOGWSS-UHFFFAOYSA-N	C8H8ClNO2
COC1=C(C=C(C=C1)C(=N)Cl)O	130034935	ADHRIYKVJCIPEO-UHFFFAOYSA-N	C8H8ClNO2
C1=CN=CC=C1CCOC(=O)Cl	134539330	NARXTCYZTFPFFP-UHFFFAOYSA-N	C8H8ClNO2
CC1=CC(=C(N=C1)C(=O)OC)Cl	129917547	XPGLUBNEWVJOHO-UHFFFAOYSA-N	C8H8ClNO2
COC(=O)C1=CN=C(C=CC1)Cl	147192538	CBSKLKUGFUDZKS-UHFFFAOYSA-N	C8H8ClNO2
[2H]C1=C(C(=C(C(=C1[2H])C([2H])(C(=O)O)N)Cl)[2H])[2H]	59868963	LMIZLNPFTRQPSF-HYHZMVBYSA-N	C8H8ClNO2
CC(=O)NC1=C(C=CC(=C1)Cl)O	95258	HGDAFIJKXCFHPG-UHFFFAOYSA-N	C8H8ClNO2
CCC1=CC(=CC(=C1)Cl)[N+](=O)[O-]	19735217	ZWMODTZSIJCOBI-UHFFFAOYSA-N	C8H8ClNO2
C1=CC(=CC=C1C(C(=O)O)N)Cl	587821	QGJGBYXRJVIYGA-UHFFFAOYSA-N	C8H8ClNO2
CC(=O)C1=CC(=C(C=C1O)Cl)N	129836140	ASTXLEUNYHTSDK-UHFFFAOYSA-N	C8H8ClNO2
COC1=C(C(=CC=C1)Cl)C=NO	124864921	JPJDOPGYVPIDJR-UHFFFAOYSA-N	C8H8ClNO2
C1=C(C=C(C(=C1CCl)O)C=O)N	89608556	PQJWYFNOGIXVAI-UHFFFAOYSA-N	C8H8ClNO2
COC(=O)C1=CC(=CC(=C1)Cl)N	52987785	ORKTXZHKYFWCRB-UHFFFAOYSA-N	C8H8ClNO2
C=C(CNC(=O)C1=COC=C1)Cl	115636986	YMVXURCDBNGSAX-UHFFFAOYSA-N	C8H8ClNO2
COC(=O)C1=CC=CC(=N1)CCl	53404482	GJPCYWXDNLDHAT-UHFFFAOYSA-N	C8H8ClNO2
C/C(=N\O)/C1=C(C=CC(=C1)Cl)O	135589127	HKBDZIHVULROIL-BJMVGYQFSA-N	C8H8ClNO2
