CC1=C(C=C2COC(=O)C2=C1O)O	13963319	KFOVHCBSJURLKO-UHFFFAOYSA-N	C9H8O4
C1[C@@H](OC(=O)CC1=O)C2=COC=C2	11745218	BEKOXANAFKICCF-MRVPVSSYSA-N	C9H8O4
C1C(C2=C(O1)C=C(C=C2)O)C(=O)O	84039058	AAZXJLNVOHUWTA-UHFFFAOYSA-N	C9H8O4
CC1=C(C(=C(C2=COC=C12)O)O)O	141295027	GNIXAEXREHETPK-UHFFFAOYSA-N	C9H8O4
C1COC(=O)C2=C1C(=CC(=C2)O)O	130034346	YVNRCUMFELZXCL-UHFFFAOYSA-N	C9H8O4
C1=CC(=CC(=C1)O)C2C(O2)C(=O)O	131839512	QNJOLQNPVQFSBN-UHFFFAOYSA-N	C9H8O4
CC1=C(C=CC(=C1)C(=O)O)OC=O	88552813	AUEUDBSBEDQJBN-UHFFFAOYSA-N	C9H8O4
CC(=O)C(=O)C1=C(C=C(C=C1)O)O	321738	MOVQQBCNWHNYBP-UHFFFAOYSA-N	C9H8O4
C1C/C(=C\2/C=C(C(=O)O2)O)/C(=O)C1	100986190	ZTXTWIRCIGUQGQ-VMPITWQZSA-N	C9H8O4
COC(=O)/C=C\C1=CC=C(O1)C=O	124647219	FFLWSNRTEOHONR-PLNGDYQASA-N	C9H8O4
C1=CC(=CC(=C1)OCC(=O)O)C=O	601895	KHBBQMHTRDEPCR-UHFFFAOYSA-N	C9H8O4
COC1=CC(=CC(=C1)C(=O)O)C=O	15472361	DYXJFLKQBAPWDM-UHFFFAOYSA-N	C9H8O4
C1=CC(=CC=C1CC2OO2)C(=O)O	141416726	UKBYQDIHAQXMAM-UHFFFAOYSA-N	C9H8O4
C1CC(=O)OC2=C1C=CC(=C2O)O	16637694	MQMWTSQTEQRQDK-UHFFFAOYSA-N	C9H8O4
CC(=O)C1=C2CCOC(=O)C2=CO1	59053145	KMYSBXFLTOEECO-UHFFFAOYSA-N	C9H8O4
CC1OC2=C(O1)C=C(C=C2)C(=O)O	15546141	JKCPCYMXBUZXJE-UHFFFAOYSA-N	C9H8O4
C1C(OC2=C1C=C(C=C2)O)C(=O)O	70700362	UELXHTVYZOVMKN-UHFFFAOYSA-N	C9H8O4
C1[C@@H]2[C@@H]3[C@@H]([C@@H]1[C@@H]4[C@@H]2O4)C(=O)OC3=O	98116521	UUWMOJSMSOVYSY-ZGGPPPIHSA-N	C9H8O4
CC1=CC(=CC=C1)OC(=O)C(=O)O	21182231	FKAYGMHMCPNKSI-UHFFFAOYSA-N	C9H8O4
C1=CC(=CC(=C1)OC(=O)CO)C=O	87706620	DXOGEUTTZIKBQF-UHFFFAOYSA-N	C9H8O4
C1[C@H](OC2=C1C=CC(=C2)O)C(=O)O	95359621	VOMGDTBLGJJUAA-QMMMGPOBSA-N	C9H8O4
CC1=CC=C(O1)C(=O)C=CC(=O)O	54242278	QQVPBWWENYKAGU-UHFFFAOYSA-N	C9H8O4
C#CCOCC1=C(OC=C1)C(=O)O	43153167	KRSADNQBKIIQGX-UHFFFAOYSA-N	C9H8O4
CC1(CC(=O)OC1=O)C2=CC=CO2	43134836	PYGJUDJZEKEPSK-UHFFFAOYSA-N	C9H8O4
CC1=C(C=CC(=C1)O)C(=O)C(=O)O	68447060	DIJHPRZBNVWQEO-UHFFFAOYSA-N	C9H8O4
C#CCC(C(=O)O)C(=O)OCC#C	130219626	XHDGWDQCVGMQCY-UHFFFAOYSA-N	C9H8O4
C1COC(=O)C1C(=O)C2=CC=CO2	11816211	ZCJTWAMNPPTYHJ-UHFFFAOYSA-N	C9H8O4
C1C2=C(C=CC(=C2)C(=O)O)OCO1	13266817	SWQXTRMSZRDCES-UHFFFAOYSA-N	C9H8O4
C1=CC(=C(C=C1/C=C/C(=O)O)O)O	689043	QAIPRVGONGVQAS-DUXPYHPUSA-N	C9H8O4
CC12C3C=CC(C1C(=O)OC2=O)O3	58391925	FNIAXDJIKKQOQL-UHFFFAOYSA-N	C9H8O4
C1COOC2=C1C=CC(=C2)C(=O)O	54537458	ZAUJCILOZGOKAV-UHFFFAOYSA-N	C9H8O4
COC(=O)C1=C(C(=CC=C1)O)C=O	14774772	HFDRLLQFITZSMY-UHFFFAOYSA-N	C9H8O4
CC(=O)OC1=CC(=C(C=C1)C=O)O	12648091	OVACZDCYFSHICJ-UHFFFAOYSA-N	C9H8O4
C[C@]12C=C[C@H](O1)[C@@H]3[C@H]2C(=O)OC3=O	5705628	CFLSTTHDYSASGE-SOVPELCUSA-N	C9H8O4
C1COOC2=CC=CC(=C21)C(=O)O	23207707	QNEJRBPSUDQGEQ-UHFFFAOYSA-N	C9H8O4
CC1=C(C=CC(=C1)C=O)OC(=O)O	154266896	CIEDHRIBIVJJOA-UHFFFAOYSA-N	C9H8O4
[2H]OC(=O)C1=CC=CC=C1OC(=O)C	90936565	BSYNRYMUTXBXSQ-DYCDLGHISA-N	C9H8O4
C1C2=C(C=CC(=C2)C(O)O)C(=O)O1	147528213	FMMVCMIIGWWYOY-UHFFFAOYSA-N	C9H8O4
C1[C@@H]2C=C[C@@H](O2)[C@@H]3[C@@H]1C(=O)OC3=O	98520443	AKVKUKMQHJOCNP-WNJXEPBRSA-N	C9H8O4
CC(=O)OOC1=CC=CC=C1C=O	88702152	MFSJWIHMIZXZLT-UHFFFAOYSA-N	C9H8O4
C=CCC1=C(OC(=C1)C=O)C(=O)O	118936685	YLVFCVKBHKWFSU-UHFFFAOYSA-N	C9H8O4
C=CC(=O)C(=C)C(=O)OC(=O)C=C	138561032	XXYIHQSBJZQDBI-UHFFFAOYSA-N	C9H8O4
C1C2C=CC1C3(C2OC(=O)O3)C=O	133630154	JYZSBGUVCXBTHD-UHFFFAOYSA-N	C9H8O4
C1C=CC=C1OC(=O)/C=C\C(=O)O	70520698	IUHRYPAZKGBKCT-WAYWQWQTSA-N	C9H8O4
C=CC(=O)OC1=C(C=C(C=C1)O)O	154101397	OLUFZSOVOXZFOU-UHFFFAOYSA-N	C9H8O4
COC1=CC(=O)[C@]2(CO2)C(=C1)C=O	101082408	PIMFYXCHMRIWRD-VIFPVBQESA-N	C9H8O4
C1OC2=C(O1)C=C(C=C2)COC=O	101285	ZPQGZTFOFQEGAF-UHFFFAOYSA-N	C9H8O4
C1=CC=C2C(=C1)C(=C(C(O2)O)O)O	67568117	LSYIQUDNCAAKNU-UHFFFAOYSA-N	C9H8O4
C1=CC=C(C=C1)C(=O)COC(=O)O	18683520	HBROIXGCFOMZHG-UHFFFAOYSA-N	C9H8O4
C1=CC=C(C(=C1)C=O)OCOC=O	139775796	NCUITCXSWPWCSZ-UHFFFAOYSA-N	C9H8O4
COC1=CC2=C(C=C1)OC(=O)OC2	84768083	BDJIOBLVLANTOT-UHFFFAOYSA-N	C9H8O4
C1C(C23CC1(C=C2)C(=O)O3)C(=O)O	70180136	DXIPLCLOJGBTDK-UHFFFAOYSA-N	C9H8O4
C1C(C2=C(C=C1O)OC=CC2=O)O	137146753	SLHGITPZORRXOE-UHFFFAOYSA-N	C9H8O4
[2H]C1(OC2=C(O1)C=C(C=C2)CC(=O)O)[2H]	57536812	ODVLMCWNGKLROU-BFWBPSQCSA-N	C9H8O4
CC1=CC(=O)C(=O)C(=C1)C(=O)OC	13122404	WNTRBXYHBNTKPM-UHFFFAOYSA-N	C9H8O4
C1=CC(=C(C=C1C=O)OCO)C=O	123301120	DFLMDXWNEMRVRX-UHFFFAOYSA-N	C9H8O4
C1C=CC(=CC1=C=O)OCC(=O)O	87950540	HWQMOEJSNLJGPV-UHFFFAOYSA-N	C9H8O4
C1C(C2=CC3=C(C=C2O1)OCO3)O	65721049	OXCJNRKTYOZIHL-UHFFFAOYSA-N	C9H8O4
C1C2=CC=CC=C2C(C1=O)([O-])[OH+]O	138972578	BTFUKPFTBKWIAK-UHFFFAOYSA-O	C9H8O4
COC(=O)C1=CC=C(C=C1)C(=O)O	15513	REIDAMBAPLIATC-UHFFFAOYSA-N	C9H8O4
COC(=O)C1=CC(=CC=C1)OC=O	155285246	NTHIRJXIZUDTTD-UHFFFAOYSA-N	C9H8O4
CC1=CC(=O)C(=CC1=O)C(=O)OC	12754796	ASWGNVFZVHOQFJ-UHFFFAOYSA-N	C9H8O4
COC1=C(C2=C(C=C1)OCO2)C=O	10976080	IMLCPQOIRGAGOU-UHFFFAOYSA-N	C9H8O4
C1=CC=C(C=C1)C(C=O)(C(=O)O)O	89894956	CFDQGXUWKDYUCJ-UHFFFAOYSA-N	C9H8O4
C1COC2=C(C1=O)C(=C(C=C2)O)O	91664860	YWCRTOQATVKHKD-UHFFFAOYSA-N	C9H8O4
C1[C@@H]2[C@@H]3[C@H]([C@H]1[C@@H]4[C@@H]2O4)C(=O)OC3=O	98116524	UUWMOJSMSOVYSY-YXVPSNDASA-N	C9H8O4
C1=CC(C(=CC(=O)O)C=C1)C(=O)O	141155124	QHQOOFJJCCMSPJ-UHFFFAOYSA-N	C9H8O4
COC1=CC(=CC=CC1=O)C(=O)O	102239387	BSNINOIHDYQICZ-UHFFFAOYSA-N	C9H8O4
C1=CC(=O)C(=CC1=CC=COO)O	136466676	VRZVAFYEOPHZSY-UHFFFAOYSA-N	C9H8O4
C1=C[14C](=CC=C1O)CC(=O)C(=O)O	53998767	KKADPXVIOXHVKN-ZQBYOMGUSA-N	C9H8O4
C1=CC(C(=C=O)C=C1)C(C(=O)O)O	140061628	GAFURWWEWBQJLK-UHFFFAOYSA-N	C9H8O4
C1[C@@H]2CC(=O)[C@@H]1[C@@H]3[C@@H]2C(=O)OC3=O	98116525	ZCXGUBDTAVCGOT-PFFCINGUSA-N	C9H8O4
C1=CC=C(C(=C1)C(=O)CO)C(=O)O	20567076	IMRVNSSHUCKFGO-UHFFFAOYSA-N	C9H8O4
C1=CC2=C(C=C1CO)C(=O)OC2O	118186632	HMGIJYMQADSWAV-UHFFFAOYSA-N	C9H8O4
CC(OC#C)(OC#C)OC(=O)C=C	87918814	PSQHJKJJUPCEJF-UHFFFAOYSA-N	C9H8O4
COC(=O)C1=C(C=CC(=C1)O)C=O	130026526	JLQYNMGKSATEPO-UHFFFAOYSA-N	C9H8O4
C1=CC(=CC=C1C[14C](=O)O)C(=O)O	135132430	DMEDOWYXHVUPMO-PPJXEINESA-N	C9H8O4
COC(=O)C(=O)/C=C/C1=CC=CO1	13434096	WQXCHULXFDSZTQ-SNAWJCMRSA-N	C9H8O4
C1C(=O)C2C(C1=O)C3C4C(C2O3)O4	59352003	VZBWIPNHWBYIOX-UHFFFAOYSA-N	C9H8O4
C1=CC(=C(C=C1O)C=O)CC(=O)O	117278219	LZQNCKOJTOTGEC-UHFFFAOYSA-N	C9H8O4
CC1=C(C=C(C=C1)C(=O)O)C(=O)O	595750	PNWSHHILERSSLF-UHFFFAOYSA-N	C9H8O4
C1CC2=C(CC1=O)CC(=O)OC2=O	86116851	VFSOFZJXPWRALK-UHFFFAOYSA-N	C9H8O4
C1C2C=CC(C13C(=O)COC3=O)O2	131998904	DCEJUCXZCKIDLR-UHFFFAOYSA-N	C9H8O4
C[C@@]12[C@H]3C=CC(C1C(=O)OC2=O)O3	147532526	FNIAXDJIKKQOQL-HQNWBVFISA-N	C9H8O4
CC(=O)C1=C(COC1=O)/C=C/C=O	102328555	ONYBWIZDNXWDBD-NSCUHMNNSA-N	C9H8O4
COC1=CC2=C(COC(=O)O2)C=C1	84768084	OEBHBSSBVHQUEW-UHFFFAOYSA-N	C9H8O4
[2H]C1OC2=C(O1)C(=O)C(=C(C2=O)C)C	129718169	SSNZMKONSOUKFJ-WFVSFCRTSA-N	C9H8O4
C1COC2=C(C(=C(C=C21)C=O)O)O	82409248	HABQGQHGZWBJRX-UHFFFAOYSA-N	C9H8O4
C1COC2=C(C=CC(=C2O1)C=O)O	84657220	SPVNUUSPHWCANY-UHFFFAOYSA-N	C9H8O4
COC1=CC=CC2=C1OC(=O)CO2	10397383	VQWMXCPAPLNWFB-UHFFFAOYSA-N	C9H8O4
C1=CC(=CC=C1C=O)OC(=O)CO	87706107	HXQBGQBYJRGBTN-UHFFFAOYSA-N	C9H8O4
C1=CC(=C(C=C1C=O)C(=O)O)CO	91347074	DNRCLVFQCODBEH-UHFFFAOYSA-N	C9H8O4
CC1=C(C=CC(=C1)C(=O)O)C(=O)O	228086	UFMBOFGKHIXOTA-UHFFFAOYSA-N	C9H8O4
C1C(OC2=C1C=CC(=C2)C(=O)O)O	69302175	LCPQWLNKVOYZEI-UHFFFAOYSA-N	C9H8O4
CC1=CC(=CC(=C1)O)C(=O)C(=O)O	117278224	KQJQMYDBFUAPLS-UHFFFAOYSA-N	C9H8O4
COC1=CC=CC(=C1O)C(=O)C=O	88224670	FFTJYCHDHYISIL-UHFFFAOYSA-N	C9H8O4
C#CCC1=C(C(=O)C=C(O1)CO)O	91431424	UUPQPXMEWFEJGE-UHFFFAOYSA-N	C9H8O4
C1=CC(=CC=C1CO)C(=O)C(=O)O	44352993	HHOZBRCFUYNUFU-UHFFFAOYSA-N	C9H8O4
CC1=C2C(=CC=C1)OC(O2)C(=O)O	66981194	KKKIDICSQIFJSG-UHFFFAOYSA-N	C9H8O4
CC(=O)OC1=CC=C(C(=O)C=C1)O	13409945	IITRLSAEDNEUCJ-UHFFFAOYSA-N	C9H8O4
CC1=C(C2=C(C=C1)C(OC2=O)O)O	16748939	FVRBBZNWGJNPLV-UHFFFAOYSA-N	C9H8O4
C1=CC(=CC=C1CC(=O)C=O)OO	141973221	ZYKLMEUJQYMEAD-UHFFFAOYSA-N	C9H8O4
C1CC2=C(C(=O)C1)OC=C2C(=O)O	57229857	VTSQEDYPEANQCY-UHFFFAOYSA-N	C9H8O4
CC1=CC(=C(C=C1C=O)C(=O)O)O	129925097	DTRYKJDSBCSOOJ-UHFFFAOYSA-N	C9H8O4
CC1=CC(=O)C(=CC(=C1C=O)O)O	136759128	KBVWPCXFPMMRFY-UHFFFAOYSA-N	C9H8O4
C1=CC(=C(C=C1C(=O)O)O)C=CO	150484595	HUNOLHDDTINFHW-UHFFFAOYSA-N	C9H8O4
COC1=C(C2=C(C=C1)C(=CO2)O)O	123234995	OZRVJGBUOAVGOM-UHFFFAOYSA-N	C9H8O4
COC1=CC=CC(=C1C(=O)O)C=O	4097567	CFKGGYABZGKDEO-UHFFFAOYSA-N	C9H8O4
CC(=O)OC1=C(C=C(C=C1)O)C=O	88031456	PBYGHRALACCPNN-UHFFFAOYSA-N	C9H8O4
C1C(OC2=CC=CC(=C21)O)C(=O)O	14494068	GIONEURRRSIANW-UHFFFAOYSA-N	C9H8O4
C[C@]12C=C[C@H](O1)[C@H]3[C@@H]2C(=O)OC3=O	71773764	CFLSTTHDYSASGE-OLNRIVSGSA-N	C9H8O4
CC1=C(C=CC=C1C(=O)O)C(=O)O	11446681	AIDLAEPHWROGFI-UHFFFAOYSA-N	C9H8O4
C1C(OC(=O)O1)OC2=CC=CC=C2	11159654	MGQRAZVOQUFLOL-UHFFFAOYSA-N	C9H8O4
CC1=C(C(=C(C(=C1O)O)C#C)O)O	90807268	GPCCCQMQVJTIFK-UHFFFAOYSA-N	C9H8O4
C1=CC=C(C(=C1)C=C(C(=O)O)O)O	69049989	OFAFSNWZWCTJSK-UHFFFAOYSA-N	C9H8O4
C1[C@@H]2[C@H]3C4[C@@H]1[C@@]4([C@@H]2C(=O)O3)C(=O)O	131122961	SFFDQEPVCQWKME-QXBGWZMFSA-N	C9H8O4
C1COC2=C(C(=O)C=CC2=O)OC1	14180570	GQCLAEFIHBRVKO-UHFFFAOYSA-N	C9H8O4
C1C2=CC=CC(=O)C2C(=O)C1=O.O	129719789	LQCRZGAEUCJKPA-UHFFFAOYSA-N	C9H8O4
COC1=C(C=C(C=C1O)C=O)C=O	3756680	MCKJFLUAUQBSEZ-UHFFFAOYSA-N	C9H8O4
C1COC(=O)C2=C1C=CC(=C2O)O	130120627	ZXTQMYFFELQQBC-UHFFFAOYSA-N	C9H8O4
C1=CC=C(C(=C1)C=O)C(C(=O)O)O	20317930	ZNTHJDJBRZASLA-UHFFFAOYSA-N	C9H8O4
C1C(C2=C(C=CC(=C2C1=O)O)O)O	101310443	MYAHEZIQWTVWCR-UHFFFAOYSA-N	C9H8O4
C1=CC=C(C=C1)COC(=O)C(=O)O	561340	VYLDBYOSHBXGNF-UHFFFAOYSA-N	C9H8O4
CC1=CC(=O)C(=CC(=C1)C(=O)O)O	129925095	RIJLEORUGRNMDZ-UHFFFAOYSA-N	C9H8O4
C1=CC=C(C(=C1)O)OC2C3C(O3)O2	141351881	FRGPIYIOGIRNCK-UHFFFAOYSA-N	C9H8O4
C1=C(C=C(C(=C1C=O)O)C=O)CO	131964306	PQKMDWXHBNSKTO-UHFFFAOYSA-N	C9H8O4
COOC(=O)C(=O)C1=CC=CC=C1	53858102	GUOOOYQJNUVBIS-UHFFFAOYSA-N	C9H8O4
C1C2=C(CO1)C(=C(C=C2)O)C(=O)O	84022285	NEKLPRVVBFYYHV-UHFFFAOYSA-N	C9H8O4
C#CCOCC1=C(C=CO1)C(=O)O	15434919	CFEAOFWKZQGVOR-UHFFFAOYSA-N	C9H8O4
COC1=C(C2=C(C=C1)C(=O)CO2)O	601977	DFPDGVAUAHXSFE-UHFFFAOYSA-N	C9H8O4
CC(COC(=O)C#C)OC(=O)C#C	53918735	IIXPDFZZENRRHN-UHFFFAOYSA-N	C9H8O4
C1=CC=C(C(=C1)C(=O)CC(=O)O)O	12381315	NXXULKGZNFWZEY-UHFFFAOYSA-N	C9H8O4
[2H]C1(C(OC2=C(O1)C=CC(=C2)C(=O)O)([2H])[2H])[2H]	153319073	JWZQJTGQFHIRFQ-KHORGVISSA-N	C9H8O4
C1[C@@H]2C(=O)C3C4C3C4C(=O)[C@H]1OO2	101197945	HMUZEOBAWMCWKE-RXODTLQOSA-N	C9H8O4
COC1C2=C(C(=CC=C2)O)C(=O)O1	19927403	JDICZELAXBTHLX-UHFFFAOYSA-N	C9H8O4
C1C(C2=C(O1)C(=CC=C2)O)C(=O)O	84039057	GKWHLRHQRYVIOY-UHFFFAOYSA-N	C9H8O4
C1=CC2=C(C(=C1)O)C(=C(C2O)O)O	141051497	PSPUJOWCRGZZNY-UHFFFAOYSA-N	C9H8O4
CC1=C2COC(=O)C2=C(C=C1O)O	14503052	GXYQICKPCCBIIX-UHFFFAOYSA-N	C9H8O4
C1=CC(=CC(=C1)OCC=O)C(=O)O	54077346	XVJCDBNIJPRALE-UHFFFAOYSA-N	C9H8O4
CC(=O)C1=CC=CC=C1C(=O)OO	88608493	SNSIFEOMRDUJMZ-UHFFFAOYSA-N	C9H8O4
C=CC(=O)OC1=C(C=CC(=C1)O)O	70438751	NZULFWIQQVPRHS-UHFFFAOYSA-N	C9H8O4
C1CC(=O)OC1C2=CC=CC(=O)O2	129835647	JPWDHZMGJIQBDL-UHFFFAOYSA-N	C9H8O4
CC1(OC2=CC=CC=C2O1)C(=O)O	57125545	JDJINEBPMCBXOD-UHFFFAOYSA-N	C9H8O4
COC1=CC(=CC2=C1OCO2)C=O	22016	LOFRBHZYZCIOJO-UHFFFAOYSA-N	C9H8O4
CC(=O)OC1=CC=CC(=C1C=O)O	88594621	AZGAAVUDSNBIGU-UHFFFAOYSA-N	C9H8O4
C=CCC1=C(OC(=C1)C(=O)O)C=O	130473245	ACBZDBWZVDGJDM-UHFFFAOYSA-N	C9H8O4
CC(=O)C(=O)C1=CC(=C(C=C1)O)O	85955115	XZHXAMIGXFXZJL-UHFFFAOYSA-N	C9H8O4
C#CCOC(=O)CC(=O)OCC#C	352499	IOUBOIOOGXSGOJ-UHFFFAOYSA-N	C9H8O4
C1[C@@H](C2=C(O1)C=CC(=C2)C(=O)O)O	124707891	WPJOUHBHNOSJMG-ZETCQYMHSA-N	C9H8O4
C=CC(=O)OOC1=CC=CC=C1O	88760282	WACDHRVIKCAAAK-UHFFFAOYSA-N	C9H8O4
COC1=CC=CC2=C1OC(O2)C=O	56992558	VGOYZTARYHJEEA-UHFFFAOYSA-N	C9H8O4
C1[C@@H]2C=C[C@H]([C@]13CC(=O)OC3=O)O2	131985051	ONPUWAXAUBXFNQ-CCGCGBOQSA-N	C9H8O4
CC1CC2=C(C(=O)C=CC2=O)OO1	20036534	IYJNAEUJXLNCQM-UHFFFAOYSA-N	C9H8O4
C=CC(=O)C=CC(=O)OC(=O)C=C	153707290	CQFPEEGQXNTOLI-UHFFFAOYSA-N	C9H8O4
C1[C@@H](OC2=CC=CC=C2O1)C(=O)O	687062	HMBHAQMOBKLWRX-MRVPVSSYSA-N	C9H8O4
COC1=CC(=CC2=C1C(=O)CO2)O	14427484	OZCXNEVVUVPIQX-UHFFFAOYSA-N	C9H8O4
CC(=O)C1=C(C=C(C=C1)O)C(=O)O	129926592	UBNPGSOTNDWBQA-UHFFFAOYSA-N	C9H8O4
C1CC2C34C(C1O2)C3C(=O)OC4=O	134188199	RDKBNGXAYQHHGY-UHFFFAOYSA-N	C9H8O4
COC1=C(C=CC=C1O)C(=O)C=O	88225300	BQTQJBUYLFZXNC-UHFFFAOYSA-N	C9H8O4
COC1C(=C[CH+]C=C1C(=O)[O-])C=O	139912830	UFJADANWVXTZKD-UHFFFAOYSA-N	C9H8O4
CC(C#C)OC(=O)C(=O)OCC#C	142733162	STKZWLCSJXQYBV-UHFFFAOYSA-N	C9H8O4
C1=CC(=CC=C1C(=O)COC=O)O	53230784	LGXNQWNGTDAXRA-UHFFFAOYSA-N	C9H8O4
C1=C(C=C(C=C1O)O)C=CC(=O)O	193631	MFFCZSWTQMCKFP-UHFFFAOYSA-N	C9H8O4
C1[C@@H](OOC(=O)O1)C2=CC=CC=C2	129389585	ATJLSSMGAYBCGB-MRVPVSSYSA-N	C9H8O4
C1C(O1)COC2=CC(=O)C=CC2=O	150234523	FWFFJKYYBKURGS-UHFFFAOYSA-N	C9H8O4
COC(=O)/C=C\C(=O)C1=CC=CO1	16110154	LUQNGLDRJGMLJO-PLNGDYQASA-N	C9H8O4
C[C@@]12C=C[C@@H](O1)[C@H]3[C@H]2C(=O)OC3=O	124536978	CFLSTTHDYSASGE-OLHMAJIHSA-N	C9H8O4
C1=CC=C(C=C1)C2C(OC(=O)O2)O	130127440	ROJRPQOXZWVHKH-UHFFFAOYSA-N	C9H8O4
C1COCC(=O)C2=COC(=C21)C=O	82409249	WQZQGQACQCRSDX-UHFFFAOYSA-N	C9H8O4
C1=CC=C(C(=C1)CC(=O)C(=O)O)O	5318322	NTBSWACRSMKRRB-UHFFFAOYSA-N	C9H8O4
C1=CC=C(C(=C1)O)OC(=O)CC=O	144531123	DOUZERJAPXXQQI-UHFFFAOYSA-N	C9H8O4
COC1=C(C=CC2=C1C(=O)CO2)O	70607740	LSYYFIQLSFEHQW-UHFFFAOYSA-N	C9H8O4
C[C@@]12CC[C@@H](O1)C3=C2C(=O)OC3=O	55269939	AIXWPYMQYNYHPJ-MOFOKWOHSA-N	C9H8O4
C1=CC(=C(C(=C1)C=O)OCO)C=O	139668892	VVKRNUASEUPQIN-UHFFFAOYSA-N	C9H8O4
CC1=CC=CC=C1C(=O)OOC=O	142949433	RQHFQUBSBCVRIS-UHFFFAOYSA-N	C9H8O4
COC1=C(C=CC2=C1OC(=O)C2)O	118376975	OXMKVFDCHNEEFK-UHFFFAOYSA-N	C9H8O4
COC(=O)C1=C(C(=O)C=CC=C1)O	54697334	NZAGXTGLXYVSLU-UHFFFAOYSA-N	C9H8O4
C1=CC=C(C=C1)OOCC(=O)C=O	152077996	UWCWEKDIJTWUJP-UHFFFAOYSA-N	C9H8O4
COC1=CC=CC2=C1OCOC2=O	141355094	VQFKNHYWWZELLE-UHFFFAOYSA-N	C9H8O4
C=O.C1=CC(=CC=C1C=O)C(=O)O	88447183	YUJJJQSFNIEWDY-UHFFFAOYSA-N	C9H8O4
CC(=O)OC(=O)C1=CC=CCC1=O	87559732	JKIDXLVFAOSKBL-UHFFFAOYSA-N	C9H8O4
C=C1C(=O)/C(=C\2/CCCO2)/C(=O)O1	10442289	NBPJTZQIOVMOFS-VOTSOKGWSA-N	C9H8O4
C1CC2=C(C=C(O2)C(=O)O)C(=O)C1	3471008	BWONXPWAUSMDDH-UHFFFAOYSA-N	C9H8O4
C1=CC(=CC(=C1)C(=O)O)C(=O)CO	23286071	QSGQVESKOSCNCN-UHFFFAOYSA-N	C9H8O4
COC12C=CC=CC1C(=O)OC2=O	154281768	OEFOXALVDVGJDE-UHFFFAOYSA-N	C9H8O4
COC1OC2=C(O1)C=C(C=C2)C=O	586368	OGPWRQLQDNTZJA-UHFFFAOYSA-N	C9H8O4
C1C(C2=C(O1)C=CC(=C2)C(=O)O)O	122199535	WPJOUHBHNOSJMG-UHFFFAOYSA-N	C9H8O4
COC(=O)C(=O)C1=CC(=CC=C1)O	19099743	ZWXMDALGWNTDDR-UHFFFAOYSA-N	C9H8O4
C1C2=CC=CC=C2OC(=O)C1(O)O	91323866	SCOGIYAKFUIWSE-UHFFFAOYSA-N	C9H8O4
C1=CC=C(C=C1)[C@@H](C(=O)OC=O)O	129689844	FZYXTYKAZUNHMF-QMMMGPOBSA-N	C9H8O4
C1CC2=C(C(=O)C1)C(=CO2)C(=O)O	713937	FABBWECRHZNMDQ-UHFFFAOYSA-N	C9H8O4
COC1=CC(=C(C(=C1)C=O)O)C=O	2329491	OVNKSOTVZGNSRK-UHFFFAOYSA-N	C9H8O4
C1C=C2CC1(C(=C2)C(=O)O)C(=O)O	19914416	FHDRJVSMPWPGHG-UHFFFAOYSA-N	C9H8O4
CC1=C(C=CC2=C1OC(=O)O2)OC	11030411	JIGVRFCVRAEVQV-UHFFFAOYSA-N	C9H8O4
C1=CC2=C(C(=C(C=C2)O)O)OC1O	134172595	RDSZCFHPRJCSNK-UHFFFAOYSA-N	C9H8O4
C1[C@H]2C=C[C@H](O2)[C@@H]3[C@@H]1C(=O)OC3=O	98520446	AKVKUKMQHJOCNP-JWXFUTCRSA-N	C9H8O4
C1=CC(=CC=C1C2=COC(O2)O)O	146889082	GSMDKRKIVPDSLX-UHFFFAOYSA-N	C9H8O4
C1=CC=C(C(=C1)O)OCC(=O)C=O	57068470	AHPMBEKTPXUQMQ-UHFFFAOYSA-N	C9H8O4
C1CC2C(C(=C=O)C1)C(=O)OC2=O	88189941	FNIADYMBXCALGV-UHFFFAOYSA-N	C9H8O4
COC1OC2=CC=CC(=C2O1)C=O	88656558	PIPREIKDMLMAAS-UHFFFAOYSA-N	C9H8O4
C1=C(OC=C(C1=O)C#CCO)CO	88878999	XISIDANBNQBWHA-UHFFFAOYSA-N	C9H8O4
C=CC1=C(C=CC(=C1C(=O)O)O)O	154207530	NQBGKYOCDPGGQQ-UHFFFAOYSA-N	C9H8O4
CC1=C(C=C2C(=C1O)COC2=O)O	14824644	QJBPRJDMIUSGLF-UHFFFAOYSA-N	C9H8O4
C1=C(C=C(C=C1C=O)O)CC(=O)O	72215037	JVUJQGPSQGKYPD-UHFFFAOYSA-N	C9H8O4
C1=COC(=C1)C2C(=O)C=CC(O2)O	11105943	ALHLZWLGRUYKSX-UHFFFAOYSA-N	C9H8O4
C1C2C=CC(C13CC(=O)OC3=O)O2	20789742	ONPUWAXAUBXFNQ-UHFFFAOYSA-N	C9H8O4
C1C(O1)C2=CC(=C(C=C2)C(=O)O)O	89206997	ZIEOGAZEQOVQDW-UHFFFAOYSA-N	C9H8O4
CO[14C](=O)C(=O)C1=CC=C(C=C1)O	88920439	ACOFACMTVIGUGM-FOQJRBATSA-N	C9H8O4
CC1=CC(=CC(=C1O)C(=O)O)C=O	80438	AAOLKUONXGOAGA-UHFFFAOYSA-N	C9H8O4
COC(=O)C1=C2C(=CC=C1)OCO2	287065	KRPFJCUXHWEVMS-UHFFFAOYSA-N	C9H8O4
C1C(=CC=CC=C1C(=O)O)C(=O)O	584663	PNWFJKSGFMUYFI-UHFFFAOYSA-N	C9H8O4
C1[C@@H]2C=C[C@H](O2)[C@@H]3[C@@H]1C(=O)OC3=O	98520445	AKVKUKMQHJOCNP-VZFHVOOUSA-N	C9H8O4
COC1=C(C=C2C(=C1)CC(=O)O2)O	67683689	SMYKTKAHJMWRJU-UHFFFAOYSA-N	C9H8O4
COC(=O)C(=O)C1=CC=CC=C1O	182159	YXZAANSFGURKCL-UHFFFAOYSA-N	C9H8O4
C1C2=C(C(=CC=C2)C(=O)O)OCO1	82600455	JIIGTLJGTUHIDV-UHFFFAOYSA-N	C9H8O4
C1=CC(=C(C=C1C(=O)O)C=O)CO	91618976	MPSJPCJIVVOGJQ-UHFFFAOYSA-N	C9H8O4
CC1=C(C2=C(O1)CCC2=O)C(=O)O	53215411	NFQXEHOPHGZPLK-UHFFFAOYSA-N	C9H8O4
C1=CC2=C(C=C1O)OC=C(O2)CO	152851991	TVOAXRORCRATJP-UHFFFAOYSA-N	C9H8O4
CC1=C2C(=CC=C1)OC(C2=O)(O)O	142554633	RCBTUNOTZGHLAX-UHFFFAOYSA-N	C9H8O4
C1=CC(=CC(=C1)O)/C=C(\C(=O)O)/O	90403697	BKXTVGXWGYNFNV-VMPITWQZSA-N	C9H8O4
CC#CCOC(=O)C(=O)OC#CC	90269283	DMVCDMAECJLORQ-UHFFFAOYSA-N	C9H8O4
C1=CC=COC(=C(C=C1)C(=O)O)O	141801134	PTHXCWNUHVWOMH-UHFFFAOYSA-N	C9H8O4
C1C2C3C=CC(C2C(=O)OC1=O)O3	117275033	OISAGPLQODTPMX-UHFFFAOYSA-N	C9H8O4
C1C(C2=C(O1)C=CC(=C2)O)C(=O)O	21466116	DMWHKZARVQHFHM-UHFFFAOYSA-N	C9H8O4
C1C(=O)[C@@H]2C=C3COC[C@@]3(C1=O)O2	12177521	VDYRDPXUICJQQB-IONNQARKSA-N	C9H8O4
C1COC2=C(O1)C=CC=C2OC=O	141047038	FEBFCJMVTHSMMW-UHFFFAOYSA-N	C9H8O4
C=CC(=O)OCC1=CC=C(O1)C=O	57548333	GNCWXSYSRYQMDB-UHFFFAOYSA-N	C9H8O4
COC1=CC(=CC(=O)C=C1)C(=O)O	21461442	MYKDEQDDMIKKJR-UHFFFAOYSA-N	C9H8O4
C1=CC(=CC=C1/C=C(/C(=O)O)\O)O	636708	GQYBCIHRWMPOOF-YVMONPNESA-N	C9H8O4
C1[C@@H]2[C@@H]3[C@H]([C@H]1C4C2O4)C(=O)OC3=O	53465130	UUWMOJSMSOVYSY-ORNPRCEASA-N	C9H8O4
[2H]C([2H])([2H])C(=O)OOC(=O)C1=CC=CC=C1	101050323	PDAVOLCVHOKLEO-FIBGUPNXSA-N	C9H8O4
CC1=CC2=C(CCC(=O)O2)C(=O)O1	21819174	HXLXKZFTCCCBOH-UHFFFAOYSA-N	C9H8O4
CC1=C(C(=CC=C1)C(=O)O)OC=O	141674984	OXNVKYPHGXXNIG-UHFFFAOYSA-N	C9H8O4
C1CC(=O)OC2=CC(=C(C=C21)O)O	14701353	QNHQEUFMIKRNTB-UHFFFAOYSA-N	C9H8O4
C1[C@@H]2[C@@H]3[C@@H]([C@H]1[C@@H]4[C@@H]2O4)C(=O)OC3=O	98116522	UUWMOJSMSOVYSY-IPQSZEQASA-N	C9H8O4
CC1=C2C(=C(O1)C(=O)O)CCC2=O	82376313	ASOLVHCBJBKGHQ-UHFFFAOYSA-N	C9H8O4
C1=CC=C(C(=C1)C(=O)O)OCC=O	20563468	QNSDUGJXBUUMDW-UHFFFAOYSA-N	C9H8O4
C1=CC2=CC(=C(C=C2OC1O)O)O	154524600	DAJDLIXGURQUOO-UHFFFAOYSA-N	C9H8O4
[2H]C1=CC(=C(C(=C1O)O)[2H])/C(=C/C(=O)O)/[2H]	16109948	QAIPRVGONGVQAS-KFHYENHISA-N	C9H8O4
C1C2=C(CO1)C(=CC(=O)C(=C2)O)O	135448996	VCKWCFFGRPFDLH-UHFFFAOYSA-N	C9H8O4
C1=CC=C(C(=C1)C=O)O/C(=C/O)/O	129863994	OEESFFBEDUEQLU-RMKNXTFCSA-N	C9H8O4
C=C(C1=C(C=CC(=C1)O)O)C(=O)O	101637299	PEJHFXHKXBUMBJ-UHFFFAOYSA-N	C9H8O4
CC(=O)OCC#CC#CCOC=O	87346247	IFNSJIVQXAHCKK-UHFFFAOYSA-N	C9H8O4
C=C1CC=CC(=C1C(=O)O)C(=O)O	20401253	MSFVYTIXBDEMGP-UHFFFAOYSA-N	C9H8O4
COC1=CC(=O)C(=CC1=O)OC=C	13170158	JIJNEXATNCNFPJ-UHFFFAOYSA-N	C9H8O4
C1=CC(=CC(=C1)O)C(C=O)C(=O)O	21801742	XQLRFBSVHXOHGJ-UHFFFAOYSA-N	C9H8O4
C1=CC=C(C=C1)C(=O)OCC(=O)O	12647149	GLRLYEVLJAZIFU-UHFFFAOYSA-N	C9H8O4
C1C(O1)OC2=CC3=C(C=C2)OCO3	19610486	ABIXXYKPQSNDAH-UHFFFAOYSA-N	C9H8O4
C1C=CC=C(C(=C1)C(=O)O)C(=O)O	66809562	FVDDHRBTPNOFOT-UHFFFAOYSA-N	C9H8O4
CC(=O)C1=C(C=C(C(=C1)C=O)O)O	14820155	PCKQJTULGHNLAO-UHFFFAOYSA-N	C9H8O4
C1=CC2C3C(C1C2O)C(=O)OC3=O	20677739	QDTXFJMDGQJMCS-UHFFFAOYSA-N	C9H8O4
C1[C@H](C(=O)C2=C(O1)C=C(C=C2)O)O	147662294	GLPDBGACWOZVNL-SSDOTTSWSA-N	C9H8O4
C1C(C2=C(C=C(C=C2)O)OC1=O)O	129792110	LYMZYMJXVQUWLY-UHFFFAOYSA-N	C9H8O4
CCC(C(=O)OC#C)C(=O)OC#C	130209959	SVBQQLOIENHRDD-UHFFFAOYSA-N	C9H8O4
C1CC(=O)C2=C(C(=C(C=C21)O)O)O	129917529	ANWFCLQPNIIAFT-UHFFFAOYSA-N	C9H8O4
CC(=O)OC1=C(C=CC(=O)C=C1)O	86035561	DKCBLXGTUOGWHI-UHFFFAOYSA-N	C9H8O4
C1=CC=C(C=C1)OO/C=C/C(=O)O	101620021	SNNVVJHCAHVNDC-VOTSOKGWSA-N	C9H8O4
C1C(C2=C(O1)C(=CC=C2)C(=O)O)O	118992159	GZDDYUBGNOIKBR-UHFFFAOYSA-N	C9H8O4
C(CC(=O)O)C=C=C=C=CC(=O)O	140389934	SYGPJTIROLCDIJ-UHFFFAOYSA-N	C9H8O4
C1=CC=C(C=C1)C(=O)C(C(=O)O)O	19773429	VRURKJLCRYVJSK-UHFFFAOYSA-N	C9H8O4
C1OC2=C(O1)C=C(C=C2)C(=O)CO	62029699	VQHOFWFZRSMQQT-UHFFFAOYSA-N	C9H8O4
COC1=CC=CC2=C1COC(=O)O2	84768085	CBLBZKLRSGRDEY-UHFFFAOYSA-N	C9H8O4
C1C=C(OC2=CC(=C(C=C21)O)O)O	133064434	WSXDEDMCNBIDRC-UHFFFAOYSA-N	C9H8O4
C1=CC(=C2C(=C1)O2)C(=O)C(CO)O	153527128	FJSRMLYPSSYKHW-UHFFFAOYSA-N	C9H8O4
CC1=C(C(=CC(=C1O)C=O)C=O)O	12533772	PBDGBKWOAPXYHT-UHFFFAOYSA-N	C9H8O4
C1=CC=C(C=C1)[C@@H](C(=O)O)OC=O	92290018	YFRDJVJDAXMXSQ-QMMMGPOBSA-N	C9H8O4
CC(=O)[17O]C1=CC=CC=C1C(=O)O	102100678	BSYNRYMUTXBXSQ-KCKQSJSWSA-N	C9H8O4
C1=CC(=C(C(=C1)O)/C=C/C(=O)O)O	22323399	WFVBGDQDYLTEJX-SNAWJCMRSA-N	C9H8O4
C1=CC=C(C=C1)C(=O)[C@H](C(=O)O)O	129388521	VRURKJLCRYVJSK-MRVPVSSYSA-N	C9H8O4
CC1=C(C(=O)C=C(C1=C)O)C(=O)O	149580939	MSMONGQBXZYRHU-UHFFFAOYSA-N	C9H8O4
C1C2C=C3C1C(C2C(=O)O)OC3=O	153000860	UYDBYPPKUJVCLT-UHFFFAOYSA-N	C9H8O4
C=C1C(C=CC=C1C(=O)O)C(=O)O	68159846	PGDPCUHHVMUIOB-UHFFFAOYSA-N	C9H8O4
CC1C(=O)C2(C1=O)C(=O)C(C2=O)C	122520099	BIOQNCNAOCAJHU-UHFFFAOYSA-N	C9H8O4
C1OC(O1)(C2=CC=CC=C2)C(=O)O	23505217	RTHIAABOZRJEPQ-UHFFFAOYSA-N	C9H8O4
COC1=C(C2=C(COC2=O)C=C1)O	152995	YJYWSBFTOXPGTL-UHFFFAOYSA-N	C9H8O4
COC1=CC=CC(=C1OC=O)C=O	88712542	JODLYMGPKPRIHS-UHFFFAOYSA-N	C9H8O4
CC12CCC(O1)C3=C2C(=O)OC3=O	70701152	AIXWPYMQYNYHPJ-UHFFFAOYSA-N	C9H8O4
C1=CC(=O)C=CC1CC(=O)C(=O)O	90740331	LNEVLSPMSWTMMP-UHFFFAOYSA-N	C9H8O4
CC(=O)C1=C(C(=C(C=C1)O)C=O)O	254154	VSQHFGIPBKUQNR-UHFFFAOYSA-N	C9H8O4
CC(=O)C1=CC(=C2C(=C1)OCO2)O	84039056	BWUOVNBONWJWNY-UHFFFAOYSA-N	C9H8O4
C1=CC=C(C(=C1)C(=O)OCC=O)O	129673722	IGVGHLBDXASOLO-UHFFFAOYSA-N	C9H8O4
C1C=CC=C1/C(=C\C(=O)O)/C(=O)O	67592100	GHAXBDBCIGIJGW-FNORWQNLSA-N	C9H8O4
CC1=CC=CO1.C1=CC(=O)OC1=O	138521171	MYNMRAZRJXVFHC-UHFFFAOYSA-N	C9H8O4
CC(=O)C1=C2C(=CC(=C1)O)OCO2	117278221	YANPRMAUEABCMR-UHFFFAOYSA-N	C9H8O4
C=C[C@@H]1COC(=O)[C@]12C(=O)C=CO2	139093794	HQUQSRMVPRZCNX-HZGVNTEJSA-N	C9H8O4
CC(C)C1=CC(=O)C(=O)C(=O)C1=O	151831991	SEVTYXGTAPMCGS-UHFFFAOYSA-N	C9H8O4
C1[C@@H]2[C@@H]3[C@H]4[C@H]1[C@@H]([C@H]2OC3=O)OC4=O	23231197	VJZJOLDRMXASMW-BWVTUPHNSA-N	C9H8O4
CC#COC1=COC(=CC1=O)CO	140275147	MHZMJDCSGGVKSF-UHFFFAOYSA-N	C9H8O4
C1=CC=C(C(=C1)/C(=C/C(=O)O)/O)O	101364857	NPHQEHNFNZDCTL-YVMONPNESA-N	C9H8O4
C1=CC=C(C=C1)/C(=C(/C(=O)O)\O)/O	54697672	DRBARRGCABOUIE-BQYQJAHWSA-N	C9H8O4
C1C2=CC=CC=C2OC(O1)OC=O	88784105	NLEBOWGIUUPERG-UHFFFAOYSA-N	C9H8O4
C[C@]12C=C[C@@H](O1)[C@@H]3[C@@H]2C(=O)OC3=O	98049504	CFLSTTHDYSASGE-MWKIOEHESA-N	C9H8O4
[2H]OC(=O)C1=CC=CC=C1C(=O)OC	102463002	FNJSWIPFHMKRAT-DYCDLGHISA-N	C9H8O4
CC1=CC(=C(C(=C1C=O)O)C=O)O	601986	URPZJXUEQPBEPM-UHFFFAOYSA-N	C9H8O4
C1=CC(=C(C(=O)C=C1)O)CC(=O)O	12557642	DGLQAXAPAGQJPU-UHFFFAOYSA-N	C9H8O4
CC1=C(C2=C(C=C1)OCO2)C(=O)O	72942621	WZYAARLFRJVVKQ-UHFFFAOYSA-N	C9H8O4
C1CC(=O)OC1C2=CC=COC2=O	151864925	SLMAMARUBDMZHJ-UHFFFAOYSA-N	C9H8O4
C1CC2=C(C(=O)C1C(=O)O)OC=C2	112545305	BZIDRZHBFFEOEI-UHFFFAOYSA-N	C9H8O4
COC1=C(C=CC2=C1C(=O)OC2)O	196075	NLRKUCOJGROPHS-UHFFFAOYSA-N	C9H8O4
C=CC(=O)CCC1=CC(=O)OC1=O	141114201	UAOVIRKMXUPFSC-UHFFFAOYSA-N	C9H8O4
COC1=C(C=CC(=C1)C(=O)O)C=O	18959531	HYBGYWUQRRQICT-UHFFFAOYSA-N	C9H8O4
COC1=CC=CC=C(C1=O)C(=O)O	15064912	HJNQGQCZTRQHLU-UHFFFAOYSA-N	C9H8O4
C1=CC2C=COC2C(=C1)OC(=O)O	23164305	LOZCUFPWSUUJRO-UHFFFAOYSA-N	C9H8O4
COC1=CC2=C(C=C1)C(OC2=O)O	12527055	QLOXKTOMEFCMJX-UHFFFAOYSA-N	C9H8O4
C1C(=CC(=O)CC1(C=O)C=O)C=O	88599811	IAAVUTJVZCRHPY-UHFFFAOYSA-N	C9H8O4
C1CC1C(=O)C2=COC(=C2)C(=O)O	84718334	KSNHPQRGODKPCH-UHFFFAOYSA-N	C9H8O4
C1C=CC2=C(C1=O)OC(C2)C(=O)O	142644988	RNZQLOOHAHMJJU-UHFFFAOYSA-N	C9H8O4
CC1=C2C=C(OC=C2OC1=O)CO	17756373	SRGMWZNDYKNNIX-UHFFFAOYSA-N	C9H8O4
C1COC(=CO1)C(=O)C2=CC=CO2	14685241	ZIOMTQWTUJLBPC-UHFFFAOYSA-N	C9H8O4
C1=CC=C(C(=C1)C(=CC(=O)O)O)O	139676588	NPHQEHNFNZDCTL-UHFFFAOYSA-N	C9H8O4
C1C(=CC=CC1(C#CC(=O)O)O)O	150300160	GJKYVLLUSXKNNA-UHFFFAOYSA-N	C9H8O4
C1=CC(C=C1)OC(=O)/C=C/C(=O)O	153695251	YFXJMOURGXFWDX-AATRIKPKSA-N	C9H8O4
C1=CC=C(C(=C1)/C=C(/C(=O)O)\O)O	115007364	OFAFSNWZWCTJSK-YVMONPNESA-N	C9H8O4
COC(=O)C(=CC=O)C1=COC=C1	90880118	STZQXDISJBLRBJ-UHFFFAOYSA-N	C9H8O4
C1=CC(=CC(=O)C1O)C=CC(=O)O	129662105	LBYBQCPVOWKCFF-UHFFFAOYSA-N	C9H8O4
C1C=COC2=C1C(=C(C(=C2)O)O)O	101029616	CFJNJMFSYFRACZ-UHFFFAOYSA-N	C9H8O4
C1CC1(C(=O)C2=CC=CO2)C(=O)O	153862000	DFPLDIALQWXYMU-UHFFFAOYSA-N	C9H8O4
C=C/C(=C\[CH+]C(=O)O)/C=CC(=O)[O-]	136373297	RGJCRAUIJHSMRL-WWSNNFSYSA-N	C9H8O4
C1=CC(=CC=C1C=O)C(=O)C(O)O	88070702	GUFWSFXJZNLEOO-UHFFFAOYSA-N	C9H8O4
COCC(=O)C1=CC(=O)C=CC1=O	152657591	ZIVVPBWPHYHXNH-UHFFFAOYSA-N	C9H8O4
CC#CC#COC(=O)CCC(=O)O	90079216	XYTJUXZLNACBOA-UHFFFAOYSA-N	C9H8O4
CC1(OC2=CC=CC=C2C(=O)O1)O	85601466	IJYKNJFGJUSYNX-UHFFFAOYSA-N	C9H8O4
CC1=CCC2C(C1=O)C(=O)OC2=O	118913802	DJASJBNBKFUAJK-UHFFFAOYSA-N	C9H8O4
COC1=CC2=C(C=C1)C(=O)OC2O	2752582	KZIXGEBNIHRZHI-UHFFFAOYSA-N	C9H8O4
C1=COC(=C1)[C@H]([C@@H]2C=CC(=O)O2)O	102159682	JOUVONQFOUJCKZ-IONNQARKSA-N	C9H8O4
C1CC2C(=O)C(=O)C(C1)C(=O)C2=O	15786894	RWTWPWOMCYRLGA-UHFFFAOYSA-N	C9H8O4
C=C1CC2(CC(=C)OC2=O)C(=O)O1	12366544	DOJFLJFLJASDKD-UHFFFAOYSA-N	C9H8O4
C1[C@H]2C=C[C@@H](O2)[C@@H]3[C@@H]1C(=O)OC3=O	98520444	AKVKUKMQHJOCNP-GBNDHIKLSA-N	C9H8O4
C[C@@]12C=C[C@@H](O1)[C@H]3[C@@H]2C(=O)OC3=O	124536977	CFLSTTHDYSASGE-HOCYRETQSA-N	C9H8O4
C[C@@H]1C(=O)OC2=C(O1)C=C(C=C2)O	139615101	BLMCNVNSMZXCTG-RXMQYKEDSA-N	C9H8O4
C1C2(C=CC1(C=C2)C(=O)O)C(=O)O	70019551	YRQMIEHCQXLANR-UHFFFAOYSA-N	C9H8O4
C1C(C2=CC=CC=C2OO1)C(=O)O	87254263	NYAFBGJZPDIYPG-UHFFFAOYSA-N	C9H8O4
CC1=CC(=C(C(=O)O1)C(=O)C=C)O	153853862	QOGKEYNBCGVEPT-UHFFFAOYSA-N	C9H8O4
CC1(OC=CO1)C2=CC=C(O2)C=O	141238261	VVAPDOVEISRZGV-UHFFFAOYSA-N	C9H8O4
COC1=C2C(=C(C#C1)OC)OCO2	101096303	PSAVQLRSVDXPBZ-UHFFFAOYSA-N	C9H8O4
C1C2=C(C=CC=C2OCO1)C(=O)O	82600454	OGPDKOIDNRRONH-UHFFFAOYSA-N	C9H8O4
COC1=C(C2=C(C=C1)C(=O)OC2)O	130120755	DXCVVJGBIFJVPB-UHFFFAOYSA-N	C9H8O4
CC1=C(C=CC=C1OC=O)C(=O)O	141674990	PZCDKIOAHOGIIV-UHFFFAOYSA-N	C9H8O4
CC1=C(C=CC(=C1)C(=O)C(=O)O)O	20303217	SBZLJDKAHWMJMJ-UHFFFAOYSA-N	C9H8O4
C1COC(=O)C2=CC=C(C21)C(=O)O	67788217	JTQSGWGSHXVYIK-UHFFFAOYSA-N	C9H8O4
CC(=O)C1=C(C=CC2=C1OCO2)O	84657219	JLYIJZMZNOAZFC-UHFFFAOYSA-N	C9H8O4
C1[C@@H](C(=O)C2=C(O1)C=C(C=C2)O)O	53493060	GLPDBGACWOZVNL-ZETCQYMHSA-N	C9H8O4
C1OC2=CC=CC(=C2O1)CC(=O)O	10058110	NXLXDCHSJLNMGU-UHFFFAOYSA-N	C9H8O4
CO/C=C/1\C(=C/C=C)\C(=O)OC1=O	88247863	SPYKDVKGCSSTFV-YDFGWWAZSA-N	C9H8O4
C1C2=C(C=CC3=C2OCO3)OCO1	154364932	ZAMFJJQPMVTSNF-UHFFFAOYSA-N	C9H8O4
CCCOC(=C=O)C(=C=O)C=C=O	151321033	OGLQEHVFQXBLLJ-UHFFFAOYSA-N	C9H8O4
C1OC2=C(O1)C=C(C=C2)OCC=O	15608486	BECRBVGIXUJKLB-UHFFFAOYSA-N	C9H8O4
C1C=COC1=O.C1=CC(=O)OC=C1	67280319	YGZUZGODBRUXBR-UHFFFAOYSA-N	C9H8O4
CC1=C(C(=C(C=C1)C=O)C(=O)O)O	91623185	FKFVDCBRSHMMSD-UHFFFAOYSA-N	C9H8O4
COC1=C(C=C2C(=C1)COC2=O)O	16637582	GQSURTKWYAXDQL-UHFFFAOYSA-N	C9H8O4
CC1=CC(=C2C(=C1)OCO2)C(=O)O	12257126	FWMBOMHXRPOQNB-UHFFFAOYSA-N	C9H8O4
COC(=O)/C(=C/C=O)/C1=COC=C1	87469658	STZQXDISJBLRBJ-KRXBUXKQSA-N	C9H8O4
CC1=CC=C(O1)C(=O)/C=C/C(=O)O	13565866	QQVPBWWENYKAGU-HWKANZROSA-N	C9H8O4
COC1=C(C=CC(=C1)C=O)OC=O	85816535	NTFUOKPEBQRDTR-UHFFFAOYSA-N	C9H8O4
C1[C@@H](OC2=C1C=CC(=C2)O)C(=O)O	95359622	VOMGDTBLGJJUAA-MRVPVSSYSA-N	C9H8O4
C1C(CC(=O)C2=C1C=CO2)C(=O)O	83914954	IDUZNRRDEPHDEV-UHFFFAOYSA-N	C9H8O4
CC(=O)OC1=CC=CC(=C1)C(=O)O	238669	NGMYCWFGNSXLMP-UHFFFAOYSA-N	C9H8O4
C=CC(=O)C=C(C(=O)C=C)C(=O)O	154521314	OEDZOYMRERRMPV-UHFFFAOYSA-N	C9H8O4
C1=CC(=CC=C1/C=C/C(=O)O)OO	154549632	AAHQEVXHINFZFL-ZZXKWVIFSA-N	C9H8O4
CCC1=C2C(=CC(=O)C1=O)OCO2	85789788	ANNNOKIAZPDYMO-UHFFFAOYSA-N	C9H8O4
COC1=CC=CC2=C1C(=O)OC2O	2752583	URTPDSARMPGSPA-UHFFFAOYSA-N	C9H8O4
CC(=[18O])OOC(=O)C1=CC=CC=C1	101050321	PDAVOLCVHOKLEO-HRVHXUPCSA-N	C9H8O4
CC(=O)C1=C(C=CC(=C1O)C=O)O	71357067	NTZDKIFORSYFNV-UHFFFAOYSA-N	C9H8O4
C1COC2=C1C(=CCC2=O)C(=O)O	70404249	ZAJLADHLBSNHKN-UHFFFAOYSA-N	C9H8O4
COC1=CC(=C2C(=C1)OCO2)C=O	71374831	SADHRUBGJKARDZ-UHFFFAOYSA-N	C9H8O4
CC1(CC(=O)OC1=O)C2=COC=C2	80238515	NSMIEHZYQCSAGG-UHFFFAOYSA-N	C9H8O4
C1=CC(=C(C=C1C=O)COC=O)O	58308852	YFCNFWBRZSBJDM-UHFFFAOYSA-N	C9H8O4
C1C=CC=C1/C(=C/C(=O)O)/C(=O)O	88008081	GHAXBDBCIGIJGW-ALCCZGGFSA-N	C9H8O4
C\1=C\[C@]2(O[C@](C=C2)(/C=C\C1=O)O)O	101439722	OKNHANLGUKUIBT-KHAXVWIQSA-N	C9H8O4
C1=CC(=CC(=C1)C(=O)C(O)O)C=O	140460238	SLMHAFFZPASSPB-UHFFFAOYSA-N	C9H8O4
CC1=CC(=O)C(=CC=C1C(=O)O)O	129926410	YIGRTRIGMBTBIS-UHFFFAOYSA-N	C9H8O4
C=C1C=C(C=CC1C(=O)O)C(=O)O	67317764	OHUUBMZEBCFDOU-UHFFFAOYSA-N	C9H8O4
C1=CC=C2C(=C1)[C@@H]([C@@H](C(=O)O2)O)O	23248828	ILBLEORARSQMLA-YUMQZZPRSA-N	C9H8O4
COC1(C(=O)C2=CC=CC=C2O1)O	145800023	ANCDRRLKZQXNBO-UHFFFAOYSA-N	C9H8O4
C1C2=C(C=CC(=C2O)O)C(=O)CO1	152940437	UMRYZXSNMYCGQQ-UHFFFAOYSA-N	C9H8O4
CC(=O)OC1=CC=CC=C1[14C](=O)O	53699567	BSYNRYMUTXBXSQ-FOQJRBATSA-N	C9H8O4
C1=CC=C(C=C1)[C@H](C(=O)OC=O)O	89600172	FZYXTYKAZUNHMF-MRVPVSSYSA-N	C9H8O4
C=COC(=O)CC(=O)C1=COC=C1	140230330	RAHRWYCYCCGCLJ-UHFFFAOYSA-N	C9H8O4
CCC(=O)OC1=CC(=O)C=CC1=O	141263997	CPJUZVYRUGGXOE-UHFFFAOYSA-N	C9H8O4
C=CC(=O)OC1=CC=CC(=C1O)O	13782862	QBVPTBCMVNLFFT-UHFFFAOYSA-N	C9H8O4
CC(=O)O[18O]C(=[18O])C1=CC=CC=C1	101050319	PDAVOLCVHOKLEO-LPMAMGLRSA-N	C9H8O4
C1[C@@H]2[C@@H]3[C@H]([C@@H]1[C@@H]4[C@@H]2O4)C(=O)OC3=O	98116523	UUWMOJSMSOVYSY-HYBKHIPXSA-N	C9H8O4
C=C(C(=O)O)OC1=CC=C(C=C1)O	118223215	GLGRMNLVWLJZHQ-UHFFFAOYSA-N	C9H8O4
C1CC2=C(C(=C1C2)C(=O)O)C(=O)O	129671633	IYRHEEHNPWHDSV-UHFFFAOYSA-N	C9H8O4
C=C1COC(=O)C2C(=C1)COC2=O	100934985	BTLHGXLQSIAOFC-UHFFFAOYSA-N	C9H8O4
C=COOC1=CC=C(C=C1)C(=O)O	20724350	XZTROPGNTGZTGG-UHFFFAOYSA-N	C9H8O4
CO/C=C\1/CC=C(C2=C1O2)C(=O)O	133681820	FJEFOWXNXAAASJ-PLNGDYQASA-N	C9H8O4
C1=CC(=CC=C1CC(=O)C(=O)O)O	979	KKADPXVIOXHVKN-UHFFFAOYSA-N	C9H8O4
CC(C)(C#CC(=O)O)C#CC(=O)O	5069249	PFDHOKVIRFWEIW-UHFFFAOYSA-N	C9H8O4
C1=CC=C(C(=C1)O)OC=CC(=O)O	57309380	UMHRWUVVQSCGQL-UHFFFAOYSA-N	C9H8O4
C=C(C(=O)O)O.C1=CC2=CC(=C1)O2	89183352	RDWLNQVFZAERSU-UHFFFAOYSA-N	C9H8O4
COC(C1=C(C#CC=C1)C(=O)O)O	146761317	RPMGUAPNWINATA-UHFFFAOYSA-N	C9H8O4
C(C(C=C=O)C=O)/C(=C/C=O)/C=O	88215227	PGGSJDULFORONL-QPIMQUGISA-N	C9H8O4
C1=CC=C2C(=C1)C(=O)C(O2)OCO	129647333	GTTPBGXNXBNXFF-UHFFFAOYSA-N	C9H8O4
C[C@@]12C=C[C@@H](O1)C3C2C(=O)OC3=O	55250397	CFLSTTHDYSASGE-ISAGXQTESA-N	C9H8O4
CC1=C(C=CC(=C1)OC=O)OC=O	148742793	ZMKBFUOHSUGEOQ-UHFFFAOYSA-N	C9H8O4
C1C=CC=C(C1=C=O)OCC(=O)O	22241455	HKDSXHJDGROJEN-UHFFFAOYSA-N	C9H8O4
COC(=O)C=CC(=O)C1=CC=CO1	68488912	LUQNGLDRJGMLJO-UHFFFAOYSA-N	C9H8O4
COC(=O)C(=CC=CC#C)C(=O)O	129808707	KABCKZGUPVXOKW-UHFFFAOYSA-N	C9H8O4
C1=CC(=C(C=C1/C=C\C(=O)O)O)O	1549111	QAIPRVGONGVQAS-RQOWECAXSA-N	C9H8O4
C1C(C2=C(O1)C=C(C=C2)C(=O)O)O	84013952	KUUMLFILDXGNSD-UHFFFAOYSA-N	C9H8O4
COC(=O)C1=CC=CC=C1OC=O	21467823	SFHWOPSBGZIGKU-UHFFFAOYSA-N	C9H8O4
C1=CC=C2C(=C1)C(C(C2=O)(O)O)O	123850027	BECTVJQBJOMMLR-UHFFFAOYSA-N	C9H8O4
C1C=C(C(=O)C=C1/C=C/C(=O)O)O	137472989	GKRLWMCQNATKEV-DUXPYHPUSA-N	C9H8O4
CC(=O)OC1=CC=CC=[13C]1C(=O)O	66995530	BSYNRYMUTXBXSQ-CDYZYAPPSA-N	C9H8O4
C=C1CC(=CC=C1C(=O)O)C(=O)O	53941179	IXWSZOFGKMMCHK-UHFFFAOYSA-N	C9H8O4
C1[C@H](OOC(=O)O1)C2=CC=CC=C2	129389586	ATJLSSMGAYBCGB-QMMMGPOBSA-N	C9H8O4
C1C=CC(C2C1C(=O)OC2=O)C=O	130035438	OQYDWBLZZJHDTB-UHFFFAOYSA-N	C9H8O4
C1=CC=C(C(=C1)O)O/C=C/C(=O)O	87625879	UMHRWUVVQSCGQL-AATRIKPKSA-N	C9H8O4
C1=CC=C(C=C1)C(=O)CC(=O)OO	54531544	YWXNZJJHWDQVHW-UHFFFAOYSA-N	C9H8O4
CC1=CC2[C@@H]3[C@H](C1O2)C(=O)OC3=O	138496081	ABLZFGJUWCADOK-RKXXOXFUSA-N	C9H8O4
CC1=C2C(=C(C=C1)C(=O)O)OCO2	117278220	DDBCKCUFBXXHJD-UHFFFAOYSA-N	C9H8O4
C=COC(=O)C1=C(C(=CC=C1)O)O	129729556	VAWOKVCTPRTNOW-UHFFFAOYSA-N	C9H8O4
CC(=O)C1=C(C2=C(C=C1)OCO2)O	11816210	BCJOWOMWXPBDQF-UHFFFAOYSA-N	C9H8O4
COC1=CC(=CC(=C1O)C=O)C=O	18035	YVNRFQCFZVYDRO-UHFFFAOYSA-N	C9H8O4
CCOC(=O)C1=C2C(=CC=C1)OO2	90032836	GEKUYSINIMYVBL-UHFFFAOYSA-N	C9H8O4
C1=CC(=C(C=C1C=O)OCC=O)O	121363200	RHSODKOUVPRFJH-UHFFFAOYSA-N	C9H8O4
C1=CC(=CC=C1C2C(O2)C(=O)O)O	131832271	UCVOVUPTIUKZET-UHFFFAOYSA-N	C9H8O4
COC1=C(C(=O)C(=CC1=O)O)C=C	144332918	GKIOCQBUBIMWAK-UHFFFAOYSA-N	C9H8O4
C1=CC(=O)C(=CC1=O)CCC(=O)O	11206129	RLCGGBWWECMATN-UHFFFAOYSA-N	C9H8O4
C1=CC=C(C=C1)C(=O)OOCC=O	153728098	XTEACPSJBSORDW-UHFFFAOYSA-N	C9H8O4
C1=CC(C(C(=C1)C=O)(C=O)O)C=O	152390727	XHIPPNOZOOMAHH-UHFFFAOYSA-N	C9H8O4
COC1=C(C=CC(=C1C=O)C=O)O	20468676	ROJQHLQRJKVRBS-UHFFFAOYSA-N	C9H8O4
CC(=O)C1OC2=CC=CC(=C2O1)O	67188083	ZGXMKMJTUATKJA-UHFFFAOYSA-N	C9H8O4
CC(=O)C(=O)CC(=O)C(=O)C([CH])[CH]	58108386	UMJKIVVYAKJUSM-UHFFFAOYSA-N	C9H8O4
C1C(C(=O)OC12C=CC(=O)C=C2)O	12238189	IWIYRXZXQRKBQF-UHFFFAOYSA-N	C9H8O4
C1=CC=C(C=C1)[C@@H](C(=O)C(=O)O)O	71581094	ZHLWCBHWYUISFY-ZETCQYMHSA-N	C9H8O4
C1[C@H](OC2=C1C=CC=C2O)C(=O)O	124487808	MOURMQDVOIWGOG-ZETCQYMHSA-N	C9H8O4
CC(=O)C1=C(C=C(C=C1)OC=O)O	9179197	CRVBSMIQHOUPJI-UHFFFAOYSA-N	C9H8O4
C1=CC=C(C=C1)C(=O)OCC2OO2	141155688	RUTULHREFFESQY-UHFFFAOYSA-N	C9H8O4
C1=CC(=CC=C1C=O)C(C(=O)O)O	143063988	VZRJLWJATBOSKQ-UHFFFAOYSA-N	C9H8O4
C1=CC=C(C=C1)C(OC=O)OC=O	13839413	PBJPPZNYFHRNEA-UHFFFAOYSA-N	C9H8O4
C1C(C2=C(C1=O)C=CO2)CC(=O)O	84049410	LXPUHAWPOFNCTB-UHFFFAOYSA-N	C9H8O4
C1C2=C(COO1)C(=CC=C2)C(=O)O	138738548	HHDFPPJZHOTZCO-UHFFFAOYSA-N	C9H8O4
COC1=C(C(=C(C=C1)C=O)C=O)O	129637045	WZDQUMGHHOQLTB-UHFFFAOYSA-N	C9H8O4
COC1C2=C(C=CC(=C2)O)C(=O)O1	129851054	WBKUDKBIVYACKY-UHFFFAOYSA-N	C9H8O4
C1C=CC=C1C2C(C(=O)OC2=O)O	88435634	DLHWABUUCIUVES-UHFFFAOYSA-N	C9H8O4
C1C(OO1)(C(=O)C2=CC=CC=C2)O	141151846	JVGGUZUNSZTGJE-UHFFFAOYSA-N	C9H8O4
C1C=CC=CC(=C1OC=O)C(=O)O	143563334	QQYFQWOQFMWVAI-UHFFFAOYSA-N	C9H8O4
[2H]C1=C(C(=C(C(=C1[2H])C(=O)O)C(=O)OC)[2H])[2H]	71750650	FNJSWIPFHMKRAT-QFFDRWTDSA-N	C9H8O4
CC1=CC2=C(C=C(O2)CO)C(=O)O1	602013	VCTINQYQXSQILW-UHFFFAOYSA-N	C9H8O4
COC1=C(C=C(C(=C1)O)C=O)C=O	12412931	YJCFMHXITWJFGQ-UHFFFAOYSA-N	C9H8O4
C1C(C2=COC=C2CC1=O)C(=O)O	129927496	IABKDSNFOHHZFP-UHFFFAOYSA-N	C9H8O4
C1CC2=C(C(=O)C1O)OC(=C2)C=O	82600456	BLMTULPYXZSXHF-UHFFFAOYSA-N	C9H8O4
C1[C@@H]2C=C[C@H]([C@@]13CC(=O)OC3=O)O2	131985046	ONPUWAXAUBXFNQ-MYINAIGISA-N	C9H8O4
CC(=O)OC(=O)C1=CC=CC=C1O	10149042	UQJRAOCVSMOMNW-UHFFFAOYSA-N	C9H8O4
C1C(O1)C(=O)C2=CC(=C(C=C2)O)O	89206224	YWBANLKSGKPZDA-UHFFFAOYSA-N	C9H8O4
C1C23COC(=O)C=C2C=CC(O1)O3	153675048	ZGWVFTCTRYHCCC-UHFFFAOYSA-N	C9H8O4
C1=CC=C(C(=C1)C=CC(=O)O)OO	53811661	FPMOBRQEEQJJSE-UHFFFAOYSA-N	C9H8O4
CC1=CC(=CC2=C1OCO2)C(=O)O	84039055	IZYNHPBBWJAZJC-UHFFFAOYSA-N	C9H8O4
[2H]C1OC2=C(O1)C=C(C=C2)CC(=O)O	151308065	ODVLMCWNGKLROU-UICOGKGYSA-N	C9H8O4
COC1=C(C=C(C=C1)C=O)OC=O	23052221	PWBHNCSJFBDICA-UHFFFAOYSA-N	C9H8O4
CC(C)C1=CC2=C(C3=C1OO3)OO2	141018995	MAGKUURIXAZFIH-UHFFFAOYSA-N	C9H8O4
C1COC2=C(O1)C=C(C(=C2)O)C=O	14142821	HLGVEQBXIXMISA-UHFFFAOYSA-N	C9H8O4
C1C=CC(=C(C1=O)O)C=CC(=O)O	69728522	UEQMWGVEPZEZQV-UHFFFAOYSA-N	C9H8O4
C1=CC=C(C=C1)C(=O)[C@@H](C(=O)O)O	129388522	VRURKJLCRYVJSK-QMMMGPOBSA-N	C9H8O4
C/C(=C\C(=O)C1=CC=CO1)/C(=O)O	87903930	DALITNRYPOXSIU-AATRIKPKSA-N	C9H8O4
C1=CC(=C(C=C1O)/C=C\C(=O)O)O	97114385	JXIPYOZBOMUUCA-RJRFIUFISA-N	C9H8O4
CC1=C(C2=C(C=C1)OC(=C2O)O)O	57028444	IKVUGTQMAILKSY-UHFFFAOYSA-N	C9H8O4
CC1=CC(=C(C=C1C(=O)O)O)C=O	144529429	YOLQPYYHHBPHNH-UHFFFAOYSA-N	C9H8O4
CC(=O)C(=O)OC1=CC=CCC1=O	66896465	WXBDHPGFCWKHDY-UHFFFAOYSA-N	C9H8O4
C[C@@]12[C@H]3C=C[C@@H]([C@@H]1C(=O)OC2=O)O3	101993861	FNIAXDJIKKQOQL-BKIHBWCSSA-N	C9H8O4
C1CC2(CCC(=O)C2=O)C(=O)C1=O	19810829	IZBATWZJDOIADM-UHFFFAOYSA-N	C9H8O4
C=O.C1=CC=C(C=C1)C(=O)C(=O)O	117703141	GNWFOLUJIXNXMB-UHFFFAOYSA-N	C9H8O4
C1C2=C(C=CC(=C2)C=O)OC1(O)O	143595721	RQXJJFAPXWTCOV-UHFFFAOYSA-N	C9H8O4
COC1=CC2=C(C=C1)OC(C2=O)O	101876281	FNHBKLITBWMIRB-UHFFFAOYSA-N	C9H8O4
C1=CC(=C(C=C1O)O)/C=C/C(=O)O	446611	HGEFWFBFQKWVMY-DUXPYHPUSA-N	C9H8O4
C1[C@@H]2[C@H]3C4[C@@H]1C4([C@@H]2C(=O)O3)C(=O)O	130848082	SFFDQEPVCQWKME-BVWQYFMJSA-N	C9H8O4
CC1=C2C=C(OC=C2OC1=O)OC	153925367	RNDAXGZLWDDUAV-UHFFFAOYSA-N	C9H8O4
C1CC2C3C(C1C2=O)C(=O)OC3=O	141316301	ABKXBQXCWKAQOM-UHFFFAOYSA-N	C9H8O4
C1C2C=CC1(C3C2C(=O)OC3=O)O	153868046	HERRCQHKWZUZCB-UHFFFAOYSA-N	C9H8O4
C1CC2=C(C=C(O2)C=O)C(=O)C1O	82600457	SIVCDOIKFBFRJJ-UHFFFAOYSA-N	C9H8O4
C1[C@@H]([C@@H]1C(=O)O)C2=CC=C(O2)C=O	146201512	AVBGFBLVAMCCFY-NKWVEPMBSA-N	C9H8O4
C1=CC2(C=C1)C(=O)C(C(C2=O)O)O	68796740	WGKSQQKVCZIRHW-UHFFFAOYSA-N	C9H8O4
C1CC23CC1C=C2C(=O)OOC3=O	141751554	HSYLHEVXMBEQFA-UHFFFAOYSA-N	C9H8O4
C1=CC=C(C=C1)OC(=O)C(=O)CO	57474126	YZMIENOGMRSCFT-UHFFFAOYSA-N	C9H8O4
C=CC(=O)C1=C(C=C(C=C1O)O)O	67808375	ULIDDLFTSSNYRW-UHFFFAOYSA-N	C9H8O4
CC1=CC(=C2C(=C1O)COC2=O)O	130034235	BRYFYZHWJZZLIS-UHFFFAOYSA-N	C9H8O4
C1C=COC2=C1C=CC(O2)C(=O)O	19873310	JIMUVUMCXQSEOG-UHFFFAOYSA-N	C9H8O4
CC1=CC(=CC(=C1)OC=O)OC=O	90444088	WXFBMPGORSBSOJ-UHFFFAOYSA-N	C9H8O4
COC(=O)C1=CC=C(C=C1)OC=O	18695884	STYBJMRVHMIPGE-UHFFFAOYSA-N	C9H8O4
C1=CC=C(C=C1)C(C(=O)O)C(=O)O	75791	WWYDYZMNFQIYPT-UHFFFAOYSA-N	C9H8O4
C1C=CC=CC12OC(=O)CC(=O)O2	153958766	RSYPITBZOMNQDV-UHFFFAOYSA-N	C9H8O4
CC1=C2C(=C(C=C1O)O)C(=O)CO2	14282792	ZKCHMSIFNQQWBH-UHFFFAOYSA-N	C9H8O4
CC(=O)OC(=O)OC1=CC=CC=C1	20335922	YKRBGOYHKUOUOV-UHFFFAOYSA-N	C9H8O4
C1C=CC(=O)O1.C1=CC(=O)OC=C1	129116491	GFBQCLXHMQIFSS-UHFFFAOYSA-N	C9H8O4
C1C2C3C(C1C4C2O4)C(=O)OC3=O	271773	UUWMOJSMSOVYSY-UHFFFAOYSA-N	C9H8O4
COC1=CC=CC2=C1C(OC2=O)O	12527054	DAOVSXMJHQYNPT-UHFFFAOYSA-N	C9H8O4
CC1=C(C(=C(C=C1)C(=O)O)C=O)O	142728689	ANBRTJSSWLACBA-UHFFFAOYSA-N	C9H8O4
C1=CC(C=C1)OC(=O)/C=C\C(=O)O	153835175	YFXJMOURGXFWDX-WAYWQWQTSA-N	C9H8O4
C1COC2=CC(=CC(=C2C1=O)O)O	25094514	NDDUBDUPYJZIAK-UHFFFAOYSA-N	C9H8O4
COCOC(=O)OC1=C=C=CC=C1	149115326	QYGKEDMJLMUQTG-UHFFFAOYSA-N	C9H8O4
CC(=O)OC1=CC=CC=C1[13C](=O)O	71309054	BSYNRYMUTXBXSQ-QBZHADDCSA-N	C9H8O4
CC1=C(C(=CC(=C1C=O)O)O)C=O	129671098	YLHKHUFUHNRPMY-UHFFFAOYSA-N	C9H8O4
COC1=C(C=CC2=C1OC=C2O)O	54288866	RWBXRVWMNTXXPZ-UHFFFAOYSA-N	C9H8O4
C1[C@H](C2=C(O1)C=CC(=C2)C(=O)O)O	124707681	WPJOUHBHNOSJMG-SSDOTTSWSA-N	C9H8O4
C1C(=O)COC2=CC(=CC(=C21)O)O	123532392	CAXDCJQKYZLAKR-UHFFFAOYSA-N	C9H8O4
CC1=C(C=CC(=C1O)C=O)C(=O)O	118952920	PQYVFHUKOGLJCN-UHFFFAOYSA-N	C9H8O4
CC1=CC(=CC=C1)C(=O)OOC=O	141205049	KGIXNGYHSNOJJQ-UHFFFAOYSA-N	C9H8O4
C1C=C2C(=CC=CC2(O)O)OC1=O	150470787	HRTFDFIUIVJUEZ-UHFFFAOYSA-N	C9H8O4
C=C(C1=CC(=C(C=C1)O)O)C(=O)O	14845485	MFAISHWFCBRFBO-UHFFFAOYSA-N	C9H8O4
COC(=O)C1C2C=CC(C1=C=O)O2	150813997	KIMDVLXDLJHRQU-UHFFFAOYSA-N	C9H8O4
C1=CC(=C(C=C1O)/C=C/C(=O)O)O	6442618	JXIPYOZBOMUUCA-DAFODLJHSA-N	C9H8O4
CC1=CC2=C(O1)C(=O)C=C(O2)CO	130124523	WWTOMQCLUMRLDE-UHFFFAOYSA-N	C9H8O4
CC1=CC(=C(C=C1)OC=O)OC=O	89316190	CZQNUZCJCLFFIN-UHFFFAOYSA-N	C9H8O4
C1C(CC(=C=O)CC1=C=O)C(=O)O	141493435	PWISICQENYMLCX-UHFFFAOYSA-N	C9H8O4
C1=CC=C(C(=C1)C(=CO)C(=O)O)O	129850934	SXZPXEHMYQXSGD-UHFFFAOYSA-N	C9H8O4
C1=C(C#CC(=C1O)CCC(=O)O)O	147442471	DWMHVZMSLVVBJG-UHFFFAOYSA-N	C9H8O4
COC1=CC(=O)C2=C(C1=O)CCO2	10943051	CRWTXBNPBLZKHR-UHFFFAOYSA-N	C9H8O4
C1C2=CC(=C(C=C2CO1)O)C(=O)O	84022284	SXPRJDMIVHRHAD-UHFFFAOYSA-N	C9H8O4
C1COC2=C1C=CC(=C2C(=O)O)O	102200571	WLRQCELKXXPMNT-UHFFFAOYSA-N	C9H8O4
C1=CC=C(C=C1)OC(=O)OCC=O	142964390	ZITMIVOSPAXNGB-UHFFFAOYSA-N	C9H8O4
C1=CC(=C(C=C1C=O)O)CC(=O)O	20081638	XUZCUIJEDNEUIT-UHFFFAOYSA-N	C9H8O4
C1CC2=C(C(=O)C1)OC(=C2)C(=O)O	84013951	HTFQCNHVZWHPQQ-UHFFFAOYSA-N	C9H8O4
C1C2=CC=CC=C2C(=O)OOCO1	147044350	BABNGYBWUTUATB-UHFFFAOYSA-N	C9H8O4
CC(=O)OC1=CC2=C(C=C1)OCO2	67591	QNJMUNKUQDDPCI-UHFFFAOYSA-N	C9H8O4
C1[C@@H]2[C@@H]3[C@@H]4[C@@H]1[C@@H]([C@@H]2OC3=O)OC4=O	98067746	VJZJOLDRMXASMW-VXGWJHEQSA-N	C9H8O4
C1CC2=C(C1)C(=O)OC=C2C(=O)O	132008529	UZYLWWMTDQVYGY-UHFFFAOYSA-N	C9H8O4
COC1=C(C=C(C=C1)OC=O)C=O	142285714	IGBCMWYLPOWXEB-UHFFFAOYSA-N	C9H8O4
C=C(/C(=C/C(=O)C1=CC=CO1)/O)O	143980916	MLGAAZXJJWBIRZ-ALCCZGGFSA-N	C9H8O4
C1[C@@H](OC2=C1C=C(C=C2)O)C(=O)O	86332067	UELXHTVYZOVMKN-MRVPVSSYSA-N	C9H8O4
C1[C@@H](OC2=C1C=CC=C2O)C(=O)O	124487809	MOURMQDVOIWGOG-SSDOTTSWSA-N	C9H8O4
C1=CC(=C(C=C1O)O)/C=C\C(=O)O	23633162	HGEFWFBFQKWVMY-RQOWECAXSA-N	C9H8O4
COC(=O)C1=C(C=CC(=C1)C=O)O	14363598	XJKWVPNWHOCFBR-UHFFFAOYSA-N	C9H8O4
[2H]CC(=O)OC1=CC=CC=C1C(=O)O	59850305	BSYNRYMUTXBXSQ-MICDWDOJSA-N	C9H8O4
C1=CC=C(C=C1)C(=O)OC(=O)CO	19937011	NODZYVXWUQRZRH-UHFFFAOYSA-N	C9H8O4
C1=CC2(C1C3C2C(=O)OC3=O)CO	148036351	JDPARWKSSPIHHZ-UHFFFAOYSA-N	C9H8O4
COC1=CC2=C(C=C1)[C@H](OC2=O)O	92852528	QLOXKTOMEFCMJX-QMMMGPOBSA-N	C9H8O4
C1C(C2=C(C=CC=C2O1)O)C(=O)O	55276920	NSEJXWWNCDAOFP-UHFFFAOYSA-N	C9H8O4
C1[C@H]2CC(=O)[C@@H]1[C@@H]3[C@@H]2C(=O)OC3=O	98116526	ZCXGUBDTAVCGOT-ZXMNWKEDSA-N	C9H8O4
COC1(C2=CC=CC=C2OC1=O)O	56620697	ZWXFZYMNILSPJR-UHFFFAOYSA-N	C9H8O4
C1CC23CC1C4C2(O3)C(=O)OC4=O	139984171	HAHLPDWHYAYHFR-UHFFFAOYSA-N	C9H8O4
C1=C[13C](=CC(=C1O)O)/[13CH]=[13CH]/C(=O)O	11458067	QAIPRVGONGVQAS-VFZOZPDXSA-N	C9H8O4
[2H]C1=[13CH]C(=[13CH]C(=C1C([2H])([2H])C(=O)C(=O)O)[2H])O	135027218	KKADPXVIOXHVKN-XILFYGJHSA-N	C9H8O4
CC1=CC2(C=C(OC2=O)C)C(=O)O1	101850196	MBIQOKXODSVKKU-UHFFFAOYSA-N	C9H8O4
CC1(OC2=CC(=O)C(=O)C=C2O1)C	60145765	APMOFXXGWBVCJJ-UHFFFAOYSA-N	C9H8O4
C1C2=C(C=CC=C2OC1(C=O)O)O	149663549	ALQQYDCEQKNMMH-UHFFFAOYSA-N	C9H8O4
C[C@]12[C@@H]3C=C[C@H]([C@H]1C(=O)OC2=O)O3	11019449	FNIAXDJIKKQOQL-OLHMAJIHSA-N	C9H8O4
C1C(C2=CC=CC=C2O1)(C(=O)O)O	83906415	CPBZSYBDMJGPRM-UHFFFAOYSA-N	C9H8O4
COC1=CC(=C(C=C1)C=O)C(=O)O	7176205	LMWSIQGMRIVDCJ-UHFFFAOYSA-N	C9H8O4
COC(=O)/C=C/C(=O)C1=CC=CO1	11298296	LUQNGLDRJGMLJO-SNAWJCMRSA-N	C9H8O4
C1C(=CC2=C(C=C(C=C2O1)O)O)O	21480298	AXCTYSMDDFYXRL-UHFFFAOYSA-N	C9H8O4
CC1=CC2=C(C=C1C(=O)O)OCO2	2752031	GHJXEUAYEHDQSZ-UHFFFAOYSA-N	C9H8O4
CCOC1=C2C=C3C(OC1=C3O2)O	129164209	QPBYOQOIXNAGAN-UHFFFAOYSA-N	C9H8O4
[13CH]1=[13CH][13C](=[13C]([13CH]=[13C]1/C=C/C(=O)O)O)O	76973924	QAIPRVGONGVQAS-GGQAKDPHSA-N	C9H8O4
C1=CC(=CC=C1O)OC2C3C(O3)O2	140983380	OWJGVRJZKHAGNL-UHFFFAOYSA-N	C9H8O4
C1=CC(=C(C=C1CC(=O)O)C=O)O	22556979	DHQGIFDPNSEZBM-UHFFFAOYSA-N	C9H8O4
C1=CC(=CC(=C1)O/C=C/C(=O)O)O	101410204	UVELHNCBLUSXCC-SNAWJCMRSA-N	C9H8O4
CC(=O)OC1=C(C=CC(=C1)O)C=O	17861420	CRUCMYPIWLLFLJ-UHFFFAOYSA-N	C9H8O4
C1=CC(=CC=C1/C=C(\C(=O)O)/O)O	444783	GQYBCIHRWMPOOF-VMPITWQZSA-N	C9H8O4
CC(=C)C(=O)OC1=CC(=O)OC=C1	152227801	WAQQHHGUTITQMI-UHFFFAOYSA-N	C9H8O4
COC1=CC=CC2=C1C(=C(O2)O)O	129712058	PJQYVPZKXQJPAP-UHFFFAOYSA-N	C9H8O4
COC(=O)C1=CC=C(O1)C=CC=O	79331712	DSDOVXKXEOSCST-UHFFFAOYSA-N	C9H8O4
C1=CC=C2C(=C1)C(C(O2)C(=O)O)O	90844177	HOZVHRPIDJRALS-UHFFFAOYSA-N	C9H8O4
C1=CC=C(C=C1)OC(=CO)C(=O)O	149437153	QUIQZDLDPTVYCU-UHFFFAOYSA-N	C9H8O4
C1=CC=C(C=C1)OCC(=O)OC=O	53662625	AUJFCLRRKWWWOU-UHFFFAOYSA-N	C9H8O4
C1=CC(=C(C(=C1)O)O)C=CC(=O)O	193669	SIUKXCMDYPYCLH-UHFFFAOYSA-N	C9H8O4
CC12C(C3CC=C1O3)C(=O)OC2=O	129768060	JHSBPFSITXPWPV-UHFFFAOYSA-N	C9H8O4
COC1=C(C=CC2=C1COC2=O)O	130120747	IKAWBEYHZVJQIH-UHFFFAOYSA-N	C9H8O4
C1=CC=C(C=C1)C=C(C(=O)O)OO	53826579	FZMVSJSKZADZJS-UHFFFAOYSA-N	C9H8O4
CCOC1=C(C(=O)C1=O)OCC#C	71393225	RTMKLWSWJIJHMS-UHFFFAOYSA-N	C9H8O4
C1=C(C=C(C=C1C=O)C(=O)O)CO	130971848	KNATXUTYSRCJIP-UHFFFAOYSA-N	C9H8O4
C1=CC2=C(C=CC(O2)(O)O)C=C1O	101681785	JNEAWAJKXCLSEX-UHFFFAOYSA-N	C9H8O4
C1=CC=C(C(=C1)COC=O)C(=O)O	88765826	BVHKPBSDLUJDDQ-UHFFFAOYSA-N	C9H8O4
C1=C(C=C(C(=C1CO)O)C=O)C=O	130025632	RKJJMSKVRBSXPD-UHFFFAOYSA-N	C9H8O4
CC(=O)C1OC2=CC=CC=C2OO1	87302331	VJOQERFEYIOHCO-UHFFFAOYSA-N	C9H8O4
CC1=C(C(=CC=C1)O)C(=O)OC=O	153393726	QJQQBHNOUMMTGS-UHFFFAOYSA-N	C9H8O4
CC1=C2C(=O)OCC23C=COC3O1	15311860	DDDBBGBKIUQCOY-UHFFFAOYSA-N	C9H8O4
C1C2C=CC(=O)OC2=CC(=C1O)O	89231123	DVHRJBDONRFUCD-UHFFFAOYSA-N	C9H8O4
C[13C](=O)C1=CC(=C(C=C1)O)C(=O)O	100995986	NZRDKNBIPVLNHA-HOSYLAQJSA-N	C9H8O4
C1=C/C(=C/O)/C(=C\O)/C=C1C(=O)O	88218039	CAWGUJUDHUBZMP-IUNAMMOKSA-N	C9H8O4
C1=CC(=C(C=C1[13CH]=[13CH][13C](=O)O)O)O	71434158	QAIPRVGONGVQAS-CTEGUFHBSA-N	C9H8O4
C\1=CC(=O)C(=C/C1=C/C=C\OO)O	136183607	VRZVAFYEOPHZSY-HRRFYUOKSA-N	C9H8O4
C1=CC(=CC=C1C(=O)O)O/C=C/O	147700774	GSUMRTYWSGYWCD-AATRIKPKSA-N	C9H8O4
C1COC2=C(C=CC(=C21)C(=O)O)O	117272740	JGUABSVBHKOXMV-UHFFFAOYSA-N	C9H8O4
C1[C@@H]2[C@H]3[C@@H]4[C@H]1[C@H]([C@H]2OC3=O)OC4=O	92228102	VJZJOLDRMXASMW-IFGBLCKLSA-N	C9H8O4
C1=CC=C(C=C1)C=C(C(=O)OO)O	129847542	FVNPTZHMOFEFFW-UHFFFAOYSA-N	C9H8O4
C1C=C(C=CC1=C=O)OCC(=O)O	141124327	JDZMGDSFMKPMLE-UHFFFAOYSA-N	C9H8O4
CC1=C2C(=C(C=C1O)O)COC2=O	82409250	KAYBFHNMXLIIGC-UHFFFAOYSA-N	C9H8O4
COC(=O)C#C[C@@H](C1=CC=CO1)O	130636192	AZTBAVJTVXOJCZ-ZETCQYMHSA-N	C9H8O4
CC(=O)C1=C(C=C(C=C1)C(=O)O)O	10654947	MKTAASUBWXZBNB-UHFFFAOYSA-N	C9H8O4
C1=CC=C(C=C1)[C@H](C(=O)O)OC=O	12834137	YFRDJVJDAXMXSQ-MRVPVSSYSA-N	C9H8O4
CC(=O)OC1=CC=CC=C1C(=[17O])[17OH]	102100677	BSYNRYMUTXBXSQ-ALQHTKJJSA-N	C9H8O4
COC1=CC=CC2=C1OC(=O)OC2	23469254	CEQYXHZLVJVNEU-UHFFFAOYSA-N	C9H8O4
CC(=O)OC1=CC=CC=C1C(=O)O	2244	BSYNRYMUTXBXSQ-UHFFFAOYSA-N	C9H8O4
COC(=O)C(C#C)(C#C)C(=O)OC	12171515	BKZRYDYYLDNAMX-UHFFFAOYSA-N	C9H8O4
COC1=C(C=C2COC(=O)C2=C1)O	18415048	SBRSQZDGPDFDNI-UHFFFAOYSA-N	C9H8O4
C1=CC=C(C=C1)C(C(=O)OC=O)O	129689847	FZYXTYKAZUNHMF-UHFFFAOYSA-N	C9H8O4
C1=CC(=C(C=C1C(=O)/C=C/O)O)O	87481505	HRVIUHGUGQQKGW-ONEGZZNKSA-N	C9H8O4
C1CC2=C(C(=O)C1)C(=CC(=O)O2)O	54710007	UJHANGLXDWJMTJ-UHFFFAOYSA-N	C9H8O4
CC(=O)C(=O)OC1=CC=C(C=C1)O	22601056	RREBWXYAUAGEPU-UHFFFAOYSA-N	C9H8O4
C1=CC=C(C(=C1)C2C(O2)C(=O)O)O	131837799	JZBJPZFGODGBFM-UHFFFAOYSA-N	C9H8O4
CC(=O)CC(=O)C1=CC=COC1=O	150283632	GGCMPVOIMTYAFS-UHFFFAOYSA-N	C9H8O4
C=C(C1=CC(=CC(=C1)O)C(=O)O)O	129312776	GXLSAHHZHZTFGG-UHFFFAOYSA-N	C9H8O4
C1=CC=CC(C=C1)(C(=O)O)C(=O)O	153847628	DNBQHBRZCQVONO-UHFFFAOYSA-N	C9H8O4
C1COC2=CC(=CC(=C21)O)C(=O)O	105438518	UFXRSXWXKXJJNF-UHFFFAOYSA-N	C9H8O4
C/C(=C\C1=CC=C(O1)C=O)/C(=O)O	87383841	LQQZTWKYYILKIK-GQCTYLIASA-N	C9H8O4
C1=CC(=C(C(=C1)C=O)O)CC(=O)O	141408302	FTXKGINZCPCRHK-UHFFFAOYSA-N	C9H8O4
CO/C=C/1\CC=C(C2=C1O2)C(=O)O	91621257	FJEFOWXNXAAASJ-SNAWJCMRSA-N	C9H8O4
C1=CC(=CC=C1C(=O)CC=O)OO	149674495	ANWFSDULDDAYSX-UHFFFAOYSA-N	C9H8O4
C1C=CC(=C(C=C1)C(=O)O)C(=O)O	66809407	CIISBAYLSKWHKP-UHFFFAOYSA-N	C9H8O4
C1=C(C=C(C(=C1O)O)O)/C=C/C=O	87901250	CKEGBXUKXJTCET-OWOJBTEDSA-N	C9H8O4
COC(=O)C1=C(C=C(C=C1)C=O)O	21626741	QHYZSTPHHGRZIS-UHFFFAOYSA-N	C9H8O4
COC1=CC2=C(C(=C1)O)OCC2=O	129969870	QHUFVEAPPLFUSX-UHFFFAOYSA-N	C9H8O4
CC1=C(OC2=C1C(=O)CC2)C(=O)O	82378226	OMQOLNUNUIIEGY-UHFFFAOYSA-N	C9H8O4
C1=CC(C=CC1=O)(/C=C/C(=O)O)O	132353264	ORHLCMSLZMWBER-ZZXKWVIFSA-N	C9H8O4
[2H]C1=C(C(=C(C(=C1[2H])[2H])C(=O)OOC(=O)C([2H])([2H])[2H])[2H])[2H]	101050316	PDAVOLCVHOKLEO-JGUCLWPXSA-N	C9H8O4
CCOC(=O)C#CC#CC(=O)OC	87457534	MGNNTFLWWMQZJY-UHFFFAOYSA-N	C9H8O4
C1=CC=C(C(=C1)O)OCC23C(O2)O3	87201839	IIBJORGHUXBYKU-UHFFFAOYSA-N	C9H8O4
C1CC(=O)OC2=C1CC=C(C2=O)O	149194984	FJCXLNHYJFMSEA-UHFFFAOYSA-N	C9H8O4
C1=COC(=C1)[C@H]([C@H]2C=CC(=O)O2)O	54752270	JOUVONQFOUJCKZ-VXNVDRBHSA-N	C9H8O4
C1=CC=C(C=C1)CC(=O)OC(=O)O	154082906	ZRMGXBYNPXFEOO-UHFFFAOYSA-N	C9H8O4
C1=CC(=C(C=C1CC(=O)O)O)C=O	86616953	JCBPFUHDZYKENV-UHFFFAOYSA-N	C9H8O4
CC(=O)C1=C2C(=C(C=C1)O)OCO2	67188081	POZTXSCXRXGHJV-UHFFFAOYSA-N	C9H8O4
C1=CC(=C(C=C1C(=O)O)CO)C=O	89514366	DJWYTUKEDAFIKQ-UHFFFAOYSA-N	C9H8O4
C1C(O1)C(=O)OC2=CC=C(C=C2)O	90917340	KHKROMXGVBZFFL-UHFFFAOYSA-N	C9H8O4
C1C(=O)C2=CC=CC=C2OC1(O)O	87443671	YIKURLYHZNZXAB-UHFFFAOYSA-N	C9H8O4
CC1=C(C=CC2=C1OCO2)C(=O)O	18989160	UOVBAZLLBRLOTA-UHFFFAOYSA-N	C9H8O4
C1=CC(=O)C(C1=O)CCC(=O)C=O	58862636	XTNWSRZGZVNUMK-UHFFFAOYSA-N	C9H8O4
C#CCC(CC#C)(C(=O)O)C(=O)O	12686700	JXPHYRUGMBAGFY-UHFFFAOYSA-N	C9H8O4
CC1OC2=CC=CC(=C2O1)C(=O)O	85738874	LAFUCBITHXTTLK-UHFFFAOYSA-N	C9H8O4
COC1=C2C(=C(C=C1)O)COC2=O	13418726	QAKVQUXFEGWVQJ-UHFFFAOYSA-N	C9H8O4
[CH]OC1=CC=CC=C1OCC(=O)O	59180663	VGBMCSACYUYGRF-UHFFFAOYSA-N	C9H8O4
CC1=CC(=CC(=C1)OC=O)C(=O)O	88577637	HZNOICKKRPPQLH-UHFFFAOYSA-N	C9H8O4
C1=CC(=C(C=C1C=O)C(O)O)C=O	131994322	INERBAIPAABBBB-UHFFFAOYSA-N	C9H8O4
C(C(=CC=O)C=O)C(=CC=O)C=O	59975254	AYODOWYZTLCIEH-UHFFFAOYSA-N	C9H8O4
C1=CC(=C(C=C1C(=O)CC=O)O)O	91604744	XJFZUZVRCVGPJM-UHFFFAOYSA-N	C9H8O4
C1=CC(=C(C=C1O)CC(=O)O)C=O	54256286	RAHNZXSNZHCCBN-UHFFFAOYSA-N	C9H8O4
C1=CC=C(C=C1)OC=C(C(=O)O)O	68927602	BDPNJTJORLNNJR-UHFFFAOYSA-N	C9H8O4
C[O+]=C1CC(=CC=C1C(=O)[O-])C=O	154043420	OFWAKCOQWSPOQX-UHFFFAOYSA-N	C9H8O4
C1=C(C=C(C=C1O)O)/C=C/C(=O)O	6443769	MFFCZSWTQMCKFP-OWOJBTEDSA-N	C9H8O4
C1COC(=O)C2=C1C=C(C=C2O)O	129687066	WFTSLHDGAISQQG-UHFFFAOYSA-N	C9H8O4
C1=CC=C(C(=C1)O)OC(C=O)C=O	20468670	SDHGJNXQRQOTNC-UHFFFAOYSA-N	C9H8O4
C1=CC(=CC=C1C(C=O)C(=O)O)O	20491688	UUAOXJZNRQDRGG-UHFFFAOYSA-N	C9H8O4
CCOC(=O)C1=CC(=O)C=CC1=O	10888514	PNGIHAPOVNBFSZ-UHFFFAOYSA-N	C9H8O4
CC(=O)C1=CC(=CC(=C1)O)C(=O)O	72214861	XWOWNOZOLOFGLZ-UHFFFAOYSA-N	C9H8O4
C#CCOC1=COC(=CC1=O)CO	79869702	YPBJMNCVGLZZSD-UHFFFAOYSA-N	C9H8O4
CC(=O)OOC(=[18O])C1=CC=CC=C1	101050318	PDAVOLCVHOKLEO-OZUIXNLOSA-N	C9H8O4
[2H]C1=C(C2=C(C(=C1C([2H])([2H])C(=O)O[2H])[2H])OC(O2)([2H])[2H])[2H]	57614588	ODVLMCWNGKLROU-LOMHNBJJSA-N	C9H8O4
COC(=O)OC1=CC=CC=C1C=O	87274068	CJVHHQFFITZLKX-UHFFFAOYSA-N	C9H8O4
CC1=CC(=O)C(C(=O)C1=O)C(=O)C	20544340	SPZBSVGJWMRWDT-UHFFFAOYSA-N	C9H8O4
C1=CC(=O)C2C1C=C2OCC(=O)O	129994823	GXXLSABLAWQKLD-UHFFFAOYSA-N	C9H8O4
C1OC(C2=CC=CC=C2O1)C(=O)O	3164621	DFYLPMQKLAEHPJ-UHFFFAOYSA-N	C9H8O4
C1C(COC1=O)C(=O)C2=CC=CO2	9989833	QTMIKHRSSLJARP-UHFFFAOYSA-N	C9H8O4
COC1=C(C=CC2=C1OCO2)C=O	10197946	OOUVEYDKXFXWDO-UHFFFAOYSA-N	C9H8O4
C1=CC=C(C(=C1)C=O)OCC(=O)O	46533	ANWMNLAAFDCKMT-UHFFFAOYSA-N	C9H8O4
COC1=C(C(=C(C=C1)C=O)O)C=O	86133613	XJPXDWJXACTQDW-UHFFFAOYSA-N	C9H8O4
C1=CC(=CC(=O)C(=C1)O)CC(=O)O	586047	FLJRRBFSWWPQFQ-UHFFFAOYSA-N	C9H8O4
C1=CC(=C(C=C1CO)C(=O)O)C=O	130898392	SOEBTCDVNIHECA-UHFFFAOYSA-N	C9H8O4
C1C=C2C3(C4C1O4)C(O3)C5C(O5)O2	87298382	PGYIUNBOAWLVDS-UHFFFAOYSA-N	C9H8O4
CC(=O)OOC1=CC=CC(=C1)C=O	87645137	HEBVYKNARBCHIB-UHFFFAOYSA-N	C9H8O4
COC1=CC2=C(COC2=O)C(=C1)O	44511567	NNNAWHQMILAGGL-UHFFFAOYSA-N	C9H8O4
C1=CC(=CC=C1C=O)OCC(=O)O	89177	OYNIIKHNXNPSAG-UHFFFAOYSA-N	C9H8O4
CC1=C(C(=CC=C1)C(=O)O)C(=O)O	35357	IBFJDBNISOJRCW-UHFFFAOYSA-N	C9H8O4
COC(=O)C1=CC=C(O1)C#CCO	132250803	BCRVOHNPNWRORP-UHFFFAOYSA-N	C9H8O4
CC1=C(C=C(C=C1)OC=O)C(=O)O	58253299	PKAJRCOZYDYISG-UHFFFAOYSA-N	C9H8O4
COC(=O)C(=O)OC1=CC=CC=C1	10856067	LJCNULUFLCOAKC-UHFFFAOYSA-N	C9H8O4
C1C(OC2=C1C=CC=C2O)C(=O)O	54776104	MOURMQDVOIWGOG-UHFFFAOYSA-N	C9H8O4
COC1=C2C(=C(C=C1)C=O)OCO2	10219675	ITXZSZKZYYMQCQ-UHFFFAOYSA-N	C9H8O4
C1=CC(=C([13CH]=C1C=CC(=O)O)O)O	90769002	QAIPRVGONGVQAS-HOSYLAQJSA-N	C9H8O4
C1C=CC2C3C(C1O2)C(=O)OC3=O	13433683	FLKAYUYOJZWTJA-UHFFFAOYSA-N	C9H8O4
C1C(OC2=CC=CC(=C2C1=O)O)O	54302739	SFJMPMHMKPKFLE-UHFFFAOYSA-N	C9H8O4
COC1=CC(=C(C(=C1)O)C=O)C=O	88968789	FNWQIXYDRBJDLW-UHFFFAOYSA-N	C9H8O4
C1C2=C(COO1)C=C(C=C2)C(=O)O	117713549	BLVMJGDKLFDALW-UHFFFAOYSA-N	C9H8O4
CC(=O)C(=O)OC1=CC=CC(=C1)O	22361380	WMSXDNWBIRUCJG-UHFFFAOYSA-N	C9H8O4
CC1=C(C(=CC2=C1OCO2)C=O)O	10678924	BLOUTYQUGHUFFJ-UHFFFAOYSA-N	C9H8O4
C1OC2=CC(=CC(=C2O1)C=O)CO	142988713	ASQFQEVASJPVGX-UHFFFAOYSA-N	C9H8O4
C1C(C2=C(C(=CC=C2)O)C(=O)O1)O	57490392	INGBGFANHQTXIZ-UHFFFAOYSA-N	C9H8O4
C1=CC=C(C=C1)OC(C=O)C(=O)O	23117925	GVBZLXVDJWWAJT-UHFFFAOYSA-N	C9H8O4
C1C2C3CC1(O3)C4C2C(=O)OC4=O	146812608	SALJWNUNLQDHLJ-UHFFFAOYSA-N	C9H8O4
CC1(C2=CC=CC=C2C(=O)O1)OO	146131	UFQRCNSLWOCOQC-UHFFFAOYSA-N	C9H8O4
COC(=O)C#C[C@H](C1=CC=CO1)O	102087738	AZTBAVJTVXOJCZ-SSDOTTSWSA-N	C9H8O4
C1=C(C=C(C(=C1O)O)O)C=CC=O	131863937	CKEGBXUKXJTCET-UHFFFAOYSA-N	C9H8O4
COC1=CC2=C(C=C1)C(=O)O[C@H]2O	7055501	KZIXGEBNIHRZHI-SECBINFHSA-N	C9H8O4
COC(=O)C1=CC=C(C(=O)C=C1)O	102239355	RPVXLTICJLDZQH-UHFFFAOYSA-N	C9H8O4
C[C@]12CC[C@@H](O1)C3=C2C(=O)OC3=O	98048311	AIXWPYMQYNYHPJ-ALFREKQPSA-N	C9H8O4
C1=CC=C2C(=C1)C(C(O2)(C=O)O)O	152544523	YMEWZPOBTIKVGA-UHFFFAOYSA-N	C9H8O4
C1=CC=C(C=C1)[C@H](C(=O)C(=O)O)O	129664270	ZHLWCBHWYUISFY-SSDOTTSWSA-N	C9H8O4
C1=CC=C(C=C1)CC(=O)C(=O)OO	87093925	GSNBMFCJLOUYHS-UHFFFAOYSA-N	C9H8O4
COC1=CC2=C(C=C1)C(=O)C(O2)O	14213537	WPUGHMOAMZSJBB-UHFFFAOYSA-N	C9H8O4
C1C[C@@]2([C@@H]3[C@@H](O3)C=CC2=O)OC1=O	11298297	DSCAWAXGKQGIMT-WLGLDCGKSA-N	C9H8O4
CC(=O)C1=CC=C(O1)/C=C\C(=O)O	1555483	HPGYWVBLRIJUIB-HYXAFXHYSA-N	C9H8O4
C1C=CC=C2C1C(=O)C(C2=O)(O)O	89877597	MLFMHPOMOLKHBB-UHFFFAOYSA-N	C9H8O4
C1=CC(=CC(=C1)O)C(=O)CC(=O)O	18434039	NKTDWBJTFZOEDF-UHFFFAOYSA-N	C9H8O4
COC(=O)C=CC1=CC=C(O1)C=O	71330535	FFLWSNRTEOHONR-UHFFFAOYSA-N	C9H8O4
CC1=CC(=C(C=C1O)C(=O)O)C=O	151029599	LZTRHSHLVJYONT-UHFFFAOYSA-N	C9H8O4
C1C2C1(C=CC(=C2)C(=O)O)C(=O)O	140975664	WMPZNSTWINVMOQ-UHFFFAOYSA-N	C9H8O4
C#CCOC(=O)C(=O)OC1CC=C1	151275142	NXEUOCNHEWYCOC-UHFFFAOYSA-N	C9H8O4
CC(=O)OC1=C(C=CC(=C1)C=O)O	262344	NWOCBYONMYMWGV-UHFFFAOYSA-N	C9H8O4
C1=CC=C(C(=C1)C=O)[C@H](C(=O)O)O	57240650	ZNTHJDJBRZASLA-MRVPVSSYSA-N	C9H8O4
COC1=CC2=C(C=C1)[C@@H](OC2=O)O	92852529	QLOXKTOMEFCMJX-MRVPVSSYSA-N	C9H8O4
C1[C@H]2CC(=O)[C@@H]1[C@@H]3[C@H]2C(=O)OC3=O	131882511	ZCXGUBDTAVCGOT-VYFZPWGTSA-N	C9H8O4
CC1=CC(=C(C(=C1)C(=O)O)O)C=O	13026931	CNLMEVZLTPWXQO-UHFFFAOYSA-N	C9H8O4
CC1=CC(=C(C2=C1C(=O)OC2)O)O	146681456	JDIMLJKRRSXPAQ-UHFFFAOYSA-N	C9H8O4
C1C(=CC12CC(=C2)C(=O)O)C(=O)O	99988895	GWJZNSDTKWTCQU-UHFFFAOYSA-N	C9H8O4
C1=CC(=CC=C1C(C=O)OC=O)O	53686415	YKVDMHRACHKWTG-UHFFFAOYSA-N	C9H8O4
C1COC2=C(C=C(C=C2O1)C=O)O	144816965	KBWPXCVSVJBKOY-UHFFFAOYSA-N	C9H8O4
C1COC2=C(O1)C=CC(=C2)OC=O	45091256	RCRSXIPOWVEBGN-UHFFFAOYSA-N	C9H8O4
COC(=O)OC1=CC=C(C=C1)C=O	90429	GQYLKKWTYKNXIC-UHFFFAOYSA-N	C9H8O4
C1OC2=C(O1)C=C(C=C2)CC(=O)O	76115	ODVLMCWNGKLROU-UHFFFAOYSA-N	C9H8O4
CCOC(=O)C1=CC2=C(O1)C=CO2	152283864	WLXFOMOVMRCIQW-UHFFFAOYSA-N	C9H8O4
C#CC(=O)OCCCOC(=O)C#C	13177826	IQRPAJOMBZNNMJ-UHFFFAOYSA-N	C9H8O4
C1=CC=C2C(=C1)C=CO2.C(=O)(O)O	69718585	HZAMCZARDOMFGL-UHFFFAOYSA-N	C9H8O4
[2H]C1=C(C(=C(C(=C1[2H])C(=O)O)OC(=O)C)[2H])[2H]	46780045	BSYNRYMUTXBXSQ-QFFDRWTDSA-N	C9H8O4
C1=CC=C(C=C1)C(=O)O.C(=O)C=O	87349705	FTBDMECVXJVBPN-UHFFFAOYSA-N	C9H8O4
CC1=CC(=CC(=C1)C(=O)O)C(=O)O	68137	PMZBHPUNQNKBOA-UHFFFAOYSA-N	C9H8O4
CC1=C2C(OC(=O)C2=C(C=C1)O)O	16748835	CIQAVURSJHIRTI-UHFFFAOYSA-N	C9H8O4
C#CCOCC1=CC=C(O1)C(=O)O	33788522	JNVZHARCEQUXPL-UHFFFAOYSA-N	C9H8O4
C1C2=C(C=C(C=C2)C(=O)O)OCO1	55255017	QKKXFBLELSLNJI-UHFFFAOYSA-N	C9H8O4
C1COC2=CC3=C(C=C2O1)OCO3	13805574	AHJFXKVVKNBFPS-UHFFFAOYSA-N	C9H8O4
COC(=O)C1=CC(=C(C=C1)O)C=O	212595	ADSJCWKOKYOJSZ-UHFFFAOYSA-N	C9H8O4
C1COC2=C(C=CC=C2O1)C(=O)O	78184	VCLSWKVAHAJSFL-UHFFFAOYSA-N	C9H8O4
CCOC(=O)C1=CC(=O)C(=O)C=C1	85683454	QEQHIEKTOQOHSC-UHFFFAOYSA-N	C9H8O4
C1=CC=C(C=C1)O.C1=COC(=O)O1	67256108	BWNNDEVJEPVEBG-UHFFFAOYSA-N	C9H8O4
C1=CC(C=C1)/C(=C\C(=O)O)/C(=O)O	154489762	LHYDRZHFVROWJA-FNORWQNLSA-N	C9H8O4
C=CC(=O)C1=C(C(=C(C=C1)O)O)O	154356111	NCXJWOOBAAJSID-UHFFFAOYSA-N	C9H8O4
C[C@@]12C=C[C@@H](O1)[C@@H]3[C@H]2C(=O)OC3=O	11062990	CFLSTTHDYSASGE-SPPFEBNGSA-N	C9H8O4
CC1=CC=CC(=O)C(=C1C(=O)O)O	54703622	QZALPHQQEHZCSA-UHFFFAOYSA-N	C9H8O4
C1C2=CC=CC=C2C(=O)OC1(O)O	129698477	WTIYTNNLVBZGLH-UHFFFAOYSA-N	C9H8O4
C1=CC(=O)C(C=C1/C=C/C(=O)O)O	148907212	FMHYNZGKKSSTOJ-DUXPYHPUSA-N	C9H8O4
CC1=C(C=C(C=C1)C(=O)C(=O)O)O	117278225	GRYYVKYHEVLYKU-UHFFFAOYSA-N	C9H8O4
CC(=O)C(=O)CC(=O)C1=CC=CO1	90805943	RPXMMJMTVLTGOL-UHFFFAOYSA-N	C9H8O4
[2H]C([2H])([2H])OC1=CC(=CC2=C1OCO2)C=O	23635590	LOFRBHZYZCIOJO-FIBGUPNXSA-N	C9H8O4
C=COC(=O)C1(C=CC(=O)C=C1)O	137549649	HBYOVTSRMCLOJC-UHFFFAOYSA-N	C9H8O4
C1=CC=C(C=C1)OCOC(=O)C=O	154488393	GLQZUZAGMGBHES-UHFFFAOYSA-N	C9H8O4
CC(=O)OC1=CC=CC=C1OC=O	90758019	VLFPVUMAZIMTNT-UHFFFAOYSA-N	C9H8O4
C1[C@@H]2CC(=O)[C@H]1[C@@H]3[C@@H]2C(=O)OC3=O	98116527	ZCXGUBDTAVCGOT-GFKUXRSRSA-N	C9H8O4
C1C(OOC2=CC=CC=C21)C(=O)O	21268055	IFYMKWCJXSFDPM-UHFFFAOYSA-N	C9H8O4
C=CC=[O+]C(=O)C(=C)C=CC(=O)[O-]	136084611	HGFPPAOEEOEALV-UHFFFAOYSA-N	C9H8O4
C1C(C2=C(C=CC=C2O1)C=O)(O)O	145116001	FREHSSDQWDLLGK-UHFFFAOYSA-N	C9H8O4
C1CC2C34CC3(C1O2)C(=O)OC4=O	3065930	LYHNUBGRBFVDSE-UHFFFAOYSA-N	C9H8O4
CC1=CC2(C=C(C(=O)O2)C)OC1=O	19881498	ZQQQMVHWYVICJX-UHFFFAOYSA-N	C9H8O4
C1=CC=C(C(=C1)C(=O)C(C=O)O)O	90731287	AVANNWMHMJFUHE-UHFFFAOYSA-N	C9H8O4
CC(=O)[18O][18O]C(=O)C1=CC=CC=C1	101050324	PDAVOLCVHOKLEO-SURNXMRXSA-N	C9H8O4
CC1=C(C=CC(=C1O)C(=O)O)C=O	139806790	ATICGUNIKPTOEE-UHFFFAOYSA-N	C9H8O4
CC1=C(OC=C1)/C=C/C(=O)C(=O)O	103200245	XCIATORYMJJOLL-NSCUHMNNSA-N	C9H8O4
COCC1=C2C=COC=C2OC1=O	17756365	QJVHRKOUHZDSLL-UHFFFAOYSA-N	C9H8O4
C\1=C\OC2=C(/C=C\OC1O)OC=C2	133666686	MYVTXEUFHHDKGQ-SXUARNTMSA-N	C9H8O4
CC1C(=O)OC2(O1)C=CC(=O)C=C2	12413635	CHLWIDZVRSPSGQ-UHFFFAOYSA-N	C9H8O4
C1=CC(OC=C1)C2=CC(OC2=O)O	67884438	YJFABSZFCNVPBM-UHFFFAOYSA-N	C9H8O4
C1C(C(=O)C2=C(O1)C=C(C=C2)O)O	76046575	GLPDBGACWOZVNL-UHFFFAOYSA-N	C9H8O4
C1=CC(=C(C=C1C(=O)O)CC=O)O	130113656	QEVPBHJKXXWVHC-UHFFFAOYSA-N	C9H8O4
C1=CC=C2C(=C1)C(OC2=O)C(O)O	70233206	LSGGUYYBIPQMGU-UHFFFAOYSA-N	C9H8O4
C1=CC=C(C=C1)/C(=C(\C(=O)O)/O)/O	54720724	DRBARRGCABOUIE-FPLPWBNLSA-N	C9H8O4
CC(=O)C(=C)OC(=O)C1=CC=CO1	101847768	DCVDLATUISNKGE-UHFFFAOYSA-N	C9H8O4
C1=CC(=CC(=C1)C(=O)O)C(C=O)O	54161088	QWJRFOJHAADOEL-UHFFFAOYSA-N	C9H8O4
CC1=CC=CC=C1OC(=O)C(=O)O	19599332	SXAAKGRBYUUBFV-UHFFFAOYSA-N	C9H8O4
C1=CC=C(C=C1)C(=O)C(=O)OCO	187058	XZOTYDBWEAKMLT-UHFFFAOYSA-N	C9H8O4
C1=CC(=C(C=C1C=O)CC(=O)O)O	91902671	KWEDJHLBEHVILV-UHFFFAOYSA-N	C9H8O4
C1COC2=CC(=CC(=C21)C(=O)O)O	122600374	QPKFNNZRNHOSSU-UHFFFAOYSA-N	C9H8O4
CC(=O)OC1=C(C=C(C=C1)C=O)O	45091303	JNMXGGJQWFEHFN-UHFFFAOYSA-N	C9H8O4
C=CC(=O)O.C1=CC(=O)C=CC1=O	67642756	CZVVYQGSYVSQHS-UHFFFAOYSA-N	C9H8O4
C1C2CC(=O)C1C3C2C(=O)OC3=O	274448	ZCXGUBDTAVCGOT-UHFFFAOYSA-N	C9H8O4
C1[C@@H]2[C@@]34C5C6C5C6[C@]3(C1OO2)OO4	101197946	FBONEKXYQHEPJO-YMBBCOBLSA-N	C9H8O4
C1[C@H]2CC(=O)[C@H]1[C@@H]3[C@@H]2C(=O)OC3=O	98116528	ZCXGUBDTAVCGOT-VEVTUDRCSA-N	C9H8O4
COC1=CC2=C(C=C1)OCOC2=O	141355090	QTCXJTGAJAPBCV-UHFFFAOYSA-N	C9H8O4
C=C(C(=O)OC1=CC=C(C=C1)O)O	20497446	HFRMJGYZGIYMAS-UHFFFAOYSA-N	C9H8O4
C#CCCC#CC(C(=O)O)C(=O)O	87099177	AMOIGRCPIZTJDS-UHFFFAOYSA-N	C9H8O4
C=COC(=O)/C=C\C(=O)OCC#C	151394807	OVFIMXZDMZHQMN-WAYWQWQTSA-N	C9H8O4
COC(=O)C(=O)C1=CC=C(C=C1)O	3084696	ACOFACMTVIGUGM-UHFFFAOYSA-N	C9H8O4
CC1=CC(=C(C=C1)C(=O)C(=O)O)O	117278223	SDAXXARDKDHKQB-UHFFFAOYSA-N	C9H8O4
COC(=O)C1=CC(=C(C=C1)C=O)O	14395860	OMCTZIDLDSYPOA-UHFFFAOYSA-N	C9H8O4
[2H]C(C1=CC=C(C=C1)O)C(=O)C(=O)O	154037010	KKADPXVIOXHVKN-UICOGKGYSA-N	C9H8O4
CC1=C/C(=C\2/C=COC2O)/C(=O)O1	148733499	OBLBWTKNLGETPS-VOTSOKGWSA-N	C9H8O4
CC1=C2C(=C(C(=O)O2)O)CCC1=O	101066227	BWXPKXKDDWIXIV-UHFFFAOYSA-N	C9H8O4
C1C=CC=C2C1=COC(O2)C(=O)O	21163196	AGEBUCWUJKRMRL-UHFFFAOYSA-N	C9H8O4
COC(=O)C1=CC(=CC(=C1)C=O)O	14995206	OWJANEXMLJLRAG-UHFFFAOYSA-N	C9H8O4
C1C(=O)CC2=C(OC=C21)CC(=O)O	149616911	ACHKKFGXUFKKEM-UHFFFAOYSA-N	C9H8O4
C1=CC(=C(C=C1O)O)C=CC(=O)O	3359493	HGEFWFBFQKWVMY-UHFFFAOYSA-N	C9H8O4
CC1=C(C(=C(C=C1)O)C(=O)O)C=O	91623186	CYGCAAIKWTWPGJ-UHFFFAOYSA-N	C9H8O4
CC1=C(C=CC(=C1)OC=O)C(=O)O	20818082	MSVSIBGFESRLMH-UHFFFAOYSA-N	C9H8O4
CC(=O)OC1=C(C=CC=C1O)C=O	21797577	YLSHFPGQELRRCU-UHFFFAOYSA-N	C9H8O4
C1=CC(=CC(=C1)OC2C3C(O3)O2)O	141076932	ALWXDDNCZORLFM-UHFFFAOYSA-N	C9H8O4
COC1=CC=C(C=C1)C(=O)OC=O	13662582	LTCUTENDGVUWHN-UHFFFAOYSA-N	C9H8O4
C1=CC=C(C=C1)/C=C(\C(=O)O)/OO	88009946	FZMVSJSKZADZJS-SOFGYWHQSA-N	C9H8O4
C=C(C(=O)O)OC1=CC=CC=C1O	13164284	PXUVHRMOFVSGBU-UHFFFAOYSA-N	C9H8O4
C1=CC(=CC=C1C(C=O)O)C(=O)O	54368005	BCLYLULAJPJKIW-UHFFFAOYSA-N	C9H8O4
C1C=COC2C1=CC=C(O2)C(=O)O	67904989	YUEHXYVLAKVNEP-UHFFFAOYSA-N	C9H8O4
C1=CC(=CC(=C1)C(=O)O)CC(=O)O	268227	QNUWEXSGZVBMDV-UHFFFAOYSA-N	C9H8O4
C=CC(=O)OC1=CC(=CC(=C1)O)O	142710532	VQTFFUQMXRFBDW-UHFFFAOYSA-N	C9H8O4
C1C=CC=C1C(=CC(=O)O)C(=O)O	69820645	GHAXBDBCIGIJGW-UHFFFAOYSA-N	C9H8O4
COC1=CC2=C(C=C1)OCC(=O)O2	149948896	CQUNKSUALNWHOI-UHFFFAOYSA-N	C9H8O4
COC(=O)C1=CC=CC(=C1)C(=O)O	601880	WMZNGTSLFSJHMZ-UHFFFAOYSA-N	C9H8O4
C1=CC(=CC(=C1)O)CC(=O)C(=O)O	5318321	PNYWALDMLUDDTA-UHFFFAOYSA-N	C9H8O4
C1=COC(=C1)C(=O)CC=CC(=O)O	57119034	IHZLOTSUVWVPTP-UHFFFAOYSA-N	C9H8O4
C[C@@]12C=C[C@H](O1)[C@@H]3[C@@H]2C(=O)OC3=O	98049505	CFLSTTHDYSASGE-VODXULPGSA-N	C9H8O4
COC1=C(C=C(C(=C1)C=O)C=O)O	15340174	PEIDEGHXMCQNOI-UHFFFAOYSA-N	C9H8O4
C#CCCOC1=CC=C(O1)C(=O)O	106794694	MVIKVRDXJCHRGD-UHFFFAOYSA-N	C9H8O4
C=C(C(=O)C1=C(C=C(C=C1)O)O)O	67808376	XNYJIYMAXUJMCW-UHFFFAOYSA-N	C9H8O4
COC(=O)CC1=CC(=O)C=CC1=O	13790505	YWFCMQBNJDOGHG-UHFFFAOYSA-N	C9H8O4
COC1=C(C=C2C(=O)COC2=C1)O	601976	UTVBOPVLGPAQGV-UHFFFAOYSA-N	C9H8O4
CC(=O)C1=C(C=CC(=C1)C(=O)O)O	9179245	FPBXWXGOFQSROI-UHFFFAOYSA-N	C9H8O4
C1CC(=O)OC1C(=O)C2=CC=CO2	20201472	MMOVFACRVYRMEI-UHFFFAOYSA-N	C9H8O4
CC1=CC(=C(C(=C1)O)C=O)C(=O)O	129927700	BCGWAKRIUPCCDS-UHFFFAOYSA-N	C9H8O4
COC(=O)C1=CC2=C(C=C1)OOC2	88819118	VWMUEWNNGLNKJD-UHFFFAOYSA-N	C9H8O4
CC1=C2C=COC(=C2OC1=O)CO	46873589	VDHHUSDJJBSERX-UHFFFAOYSA-N	C9H8O4
C1[C@H]2[C@H]3C=C[C@@H]([C@H]2OC1=O)OC3=O	101067753	NSXJLEQPNDYICA-LKXGYXEUSA-N	C9H8O4
C1=CC(=CC=C1C(=O)CO)C(=O)O	57437499	SQJCXLFFVLEUNV-UHFFFAOYSA-N	C9H8O4
C1C(OC2=CC=CC(=C2O1)C=O)O	152555663	YOKTZKWHJHSWKJ-UHFFFAOYSA-N	C9H8O4
C1=CC=C2C(=C1)C(=O)C(C(O2)O)O	54394703	VJCQAMUJJWJLHY-UHFFFAOYSA-N	C9H8O4
C1=CC(=CC=C1CC(=O)[14C](=O)O)O	153707515	KKADPXVIOXHVKN-FOQJRBATSA-N	C9H8O4
C1COC2=C1C=CC=C2OC(=O)O	68571699	PLAKRBTUQUVASD-UHFFFAOYSA-N	C9H8O4
CC(=CC(=O)C1=CC=CO1)C(=O)O	69594014	DALITNRYPOXSIU-UHFFFAOYSA-N	C9H8O4
C=CC(=O)C1=CC(=C(C(=C1)O)O)O	123605341	ZMKVWXAMLOBISP-UHFFFAOYSA-N	C9H8O4
COC1=CC(=O)OC(=C1)/C=C/C=O	139591340	QSHKTJIBMQTAFE-NSCUHMNNSA-N	C9H8O4
C1C2C3C4C1C(C2OC3=O)OC4=O	424762	VJZJOLDRMXASMW-UHFFFAOYSA-N	C9H8O4
C[C@]12C=C[C@H](O1)[C@@H]3[C@@H]2C(=O)OC3=O	98049506	CFLSTTHDYSASGE-BKIHBWCSSA-N	C9H8O4
CC(=O)C1=CC(=C(C=C1)C(=O)O)O	15764027	MBBAIOHGDCOFGT-UHFFFAOYSA-N	C9H8O4
C1C(=C=O)C=CC=C1OCC(=O)O	87950542	MTGZEQBGMTWZMT-UHFFFAOYSA-N	C9H8O4
C1=CC(=O)C(=O)C=C1CCC(=O)O	13760329	AEFCXEUJWYQCLS-UHFFFAOYSA-N	C9H8O4
COC1=CC(=C(C=C1)C(=O)O)C=O	16215210	WUCJEQDCOQYQHH-UHFFFAOYSA-N	C9H8O4
C1COC2=C(O1)C=CC(=C2)C(=O)O	2758833	JWZQJTGQFHIRFQ-UHFFFAOYSA-N	C9H8O4
CC(=O)C1=COC(=C1C(=O)C)C=O	146020749	AENSORHRMDDELV-UHFFFAOYSA-N	C9H8O4
CC1COC2=C(O1)C(=O)C=CC2=O	53734549	CQGLUCOMLHGZFH-UHFFFAOYSA-N	C9H8O4
C=C[C@]1(COC(=O)O1)C2=CC=CO2	125492290	ORFRZOJYRJUDKZ-VIFPVBQESA-N	C9H8O4
[2H]C1=C(C(=C(C(=C1[2H])C(=O)O)OC(=O)C([2H])([2H])[2H])[2H])[2H]	76973140	BSYNRYMUTXBXSQ-AAYPNNLASA-N	C9H8O4
C1C(CC(=O)OC1=O)C2=CC=CO2	82125262	VQGRAZDUMMKOKM-UHFFFAOYSA-N	C9H8O4
C=CC(=O)OC1=CC(=C(C=C1)O)O	90789268	QBQHCMOJUOFMJV-UHFFFAOYSA-N	C9H8O4
COC(=O)C1=CC2=C(C=C1)OCO2	67590	QCHGUEIECOASJU-UHFFFAOYSA-N	C9H8O4
COC1=C(C=C(C=C1)C(=O)O)C=O	19039969	LAQPQIRPQCMEHG-UHFFFAOYSA-N	C9H8O4
C=COC(=O)[C@H]1[C@H]2[C@@H]1C(=O)[C@H]3[C@@H]2O3	59712931	RLZNVIFJICEDGN-KNEGGSTBSA-N	C9H8O4
COC1=CC=CC2=C1C(=O)O[C@@H]2O	7055504	URTPDSARMPGSPA-QMMMGPOBSA-N	C9H8O4
COC(=O)C1=CC(=O)C(=CC=C1)O	3756684	DACKNJOJYDZJOQ-UHFFFAOYSA-N	C9H8O4
COC1=CC(=CC2=C1CO2)C(=O)O	142642742	TVJMFXGXJCACPF-UHFFFAOYSA-N	C9H8O4
[2H]C1=C(C(=C(C(=C1C(=O)O)[2H])[2H])C(=O)OC)[2H]	76973314	REIDAMBAPLIATC-QFFDRWTDSA-N	C9H8O4
C1C=C(C=CC1=O)CC(=O)C(=O)O	70538234	DDNKTWDQURYTPB-UHFFFAOYSA-N	C9H8O4
COC1=C2COC(=O)C2=C(C=C1)O	18415052	VBVSGUYGUBBWFG-UHFFFAOYSA-N	C9H8O4
C1[C@@H]2C=C[C@H]1[C@@]3([C@H]2OC(=O)O3)C=O	130754487	JYZSBGUVCXBTHD-VOQBNFLRSA-N	C9H8O4
COC1=C(C=C2C(=C1)OC=C2O)O	123757219	ZDOVOTLLMVRVQB-UHFFFAOYSA-N	C9H8O4
C1CC2=C(OC=C2C(=O)C1)C(=O)O	84022283	BQIOKPHYCCVEOE-UHFFFAOYSA-N	C9H8O4
C(/C(=C/C=O)/C=O)/C(=C/C=O)/C=O	20709111	AYODOWYZTLCIEH-IYWGWSLMSA-N	C9H8O4
C1COC2=CC(=C(C=C21)C(=O)O)O	83875303	NUMCVMKKACKUNS-UHFFFAOYSA-N	C9H8O4
CC1=CC=C(C=C1)OC(=O)C(=O)O	53650026	ALZXCEFCQLFPBI-UHFFFAOYSA-N	C9H8O4
C1C2C=CC(O2)C3C1C(=O)OC3=O	285932	AKVKUKMQHJOCNP-UHFFFAOYSA-N	C9H8O4
COC1=C2C=CC(=C1)COC(=O)O2	23469280	VSITZKYXFXIJED-UHFFFAOYSA-N	C9H8O4
CC1=C(C(=O)C(=O)C2=C1COC2)O	134967214	QZLXWTIIJADAPS-UHFFFAOYSA-N	C9H8O4
C1C(OC2=CC=CC(=C21)C(=O)O)O	57702244	CALQBFDGBXFGRA-UHFFFAOYSA-N	C9H8O4
CC(=O)OOC1=CC=C(C=C1)C=O	23111518	WMIXOJUNXJZANX-UHFFFAOYSA-N	C9H8O4
COC1=CC=CC=C1C(=O)C(=O)O	3431101	RGOJMRLSECAMJM-UHFFFAOYSA-N	C9H8O4
C=C(C(=O)OC1=CC=CC(=C1)O)O	20497412	HYFQRZWIKSNCHD-UHFFFAOYSA-N	C9H8O4
C1C2C=CC1(C(=C2)C(=O)O)C(=O)O	89107053	KIYCXOSVBNBFJQ-UHFFFAOYSA-N	C9H8O4
C1=CC=C(C(=C1)COC(=O)O)C=O	150149011	FEWBSBKSPFNFKE-UHFFFAOYSA-N	C9H8O4
COC(=O)C1OC2=CC=CC=C2O1	578017	YXXQQTKETXOUEX-UHFFFAOYSA-N	C9H8O4
COC1=C(C=C2C(=C1)C(=O)CO2)O	129415875	SVCATTYFEASMRE-UHFFFAOYSA-N	C9H8O4
C1C2=CC=CC=C2OC(=O)C1=O.O	141012814	YTHQEVUSVBSAQR-UHFFFAOYSA-N	C9H8O4
CC(=O)C1=C(C(=CC(=C1)C=O)O)O	126729856	HBKZGUAVELTSBI-UHFFFAOYSA-N	C9H8O4
C1=CC(=CC(=O)C1C=CC(=O)O)O	152220256	VZDCWWRKPLUHPV-UHFFFAOYSA-N	C9H8O4
C1=CC(=C(C(=C1)O)C=O)COC=O	86173566	ZQLOGGFKEUYKJR-UHFFFAOYSA-N	C9H8O4
CC(=O)C1=CC(=C(C=C1)O)C(=O)O	83151	NZRDKNBIPVLNHA-UHFFFAOYSA-N	C9H8O4
COC1=C(C=CC2=C1OCC2=O)O	21856576	YFAPWVHCUFTIMX-UHFFFAOYSA-N	C9H8O4
C1C(OC=CC1=O)C2=CC(=O)OC2	15765571	FVXFGBPFNVIXLW-UHFFFAOYSA-N	C9H8O4
CC(=O)OC1=CC(=C(C=C1)O)C=O	11412716	XZXJHZBKVPHYSE-UHFFFAOYSA-N	C9H8O4
C1[C@@H]2C=C[C@H]1C(=C2C(=O)O)C(=O)O	12709471	NRIMHVFWRMABGJ-SYDPRGILSA-N	C9H8O4
C1C2C(O2)C34C15C(O5)C(C=C3)OO4	57577695	DRZFZBVCAIFZAB-UHFFFAOYSA-N	C9H8O4
C1COC2=CC(=C(C=C2C1=O)O)O	23244452	HNDQGSFKMIIAHJ-UHFFFAOYSA-N	C9H8O4
COC(=O)C1=CC=CC=C1C(=O)O	20392	FNJSWIPFHMKRAT-UHFFFAOYSA-N	C9H8O4
CC1=C(C=CC=C1O)C(=O)C(=O)O	117278222	ABMLOSBPKITYNK-UHFFFAOYSA-N	C9H8O4
C1CC(=O)C2=CC(=C(C(=C21)O)O)O	55297309	BYGOWPSWFZLLFI-UHFFFAOYSA-N	C9H8O4
C1[C@@H]2C=C[C@@H]1C(=C2C(=O)O)C(=O)O	98045464	NRIMHVFWRMABGJ-WHFBIAKZSA-N	C9H8O4
C1[C@@H]2[C@H]3[C@H]4[C@H]1[C@H]([C@H]2OC3=O)OC4=O	98067747	VJZJOLDRMXASMW-BEOVHNCFSA-N	C9H8O4
COC(=O)C1=C(C=C(C=C1)O)C=O	121552961	DJJFRPQSYDJWQP-UHFFFAOYSA-N	C9H8O4
COC(=O)C1=CC=CC(=C1O)C=O	345559	KIGMFKZMNIHLSU-UHFFFAOYSA-N	C9H8O4
COC(=O)C#CC(C1=CC=CO1)O	11542871	AZTBAVJTVXOJCZ-UHFFFAOYSA-N	C9H8O4
CC(=O)C1=CC(=O)C(=CC1=O)OC	13220217	RIARCRSKJRYRIM-UHFFFAOYSA-N	C9H8O4
COC1=C2CC=CC=C2C(=O)OO1	148363235	KDMYRZABKHIUJP-UHFFFAOYSA-N	C9H8O4
[13CH]1=[13CH][13C](=[13C]([13CH]=[13C]1/[13CH]=[13CH]/[13C](=O)O)O)O	71309625	QAIPRVGONGVQAS-RJKLISAOSA-N	C9H8O4
CC(=O)C1=CC(=O)OC(=C1)C(=O)C	20695346	NAPQMSXKPPWGGI-UHFFFAOYSA-N	C9H8O4
C1C(=C(C2=C(O1)C=C(C=C2)O)O)O	22239675	SVPZKWYAUAKVPH-UHFFFAOYSA-N	C9H8O4
C1=CC(=C(CC(=O)C(=O)O)O)C=C1	496989	MCNZGAQEAHAMKJ-UHFFFAOYSA-N	C9H8O4
C1=CC(=CC=C1/C(=C/O)/C(=O)O)O	141069155	WXUKPLASOURZPB-YVMONPNESA-N	C9H8O4
C1COC2=C(C1=O)C=C(C=C2O)O	129917183	COLFGLPVZVJLRO-UHFFFAOYSA-N	C9H8O4
C1C[C@@]2([C@H]3[C@H](O3)C=CC2=O)OC1=O	101270673	DSCAWAXGKQGIMT-JISRMSBWSA-N	C9H8O4
CC1=CC2=C(C=C1OC=O)OCO2	88274211	BTYJAQPIAUPQHA-UHFFFAOYSA-N	C9H8O4
COC1=C(C=C(C=C1)C(=O)C=O)O	129835229	KUPRTNMQDCULGR-UHFFFAOYSA-N	C9H8O4
C1=CC(C(=C=O)C=C1)OCC(=O)O	87939183	XSWFIFNDEPETPZ-UHFFFAOYSA-N	C9H8O4
C=CC(=O)OOOC1=CC=CC=C1	117713919	AHXZFSVQIRMQTL-UHFFFAOYSA-N	C9H8O4
CC(=O)[O+]=C1C=CCC(=C[O-])C1=O	136421472	WQKOGKIHZFEUGT-UHFFFAOYSA-N	C9H8O4
[2H]C1=C(C(=C(C(=C1[2H])[2H])C(=O)OOC(=O)C)[2H])[2H]	101050317	PDAVOLCVHOKLEO-VIQYUKPQSA-N	C9H8O4
C1=CC(=C(C=C1C=CC(=O)O)O)O	2518	QAIPRVGONGVQAS-UHFFFAOYSA-N	C9H8O4
COC1=CC(=C2C(=O)COC2=C1)O	14586648	GJWUTAJGAYLDEA-UHFFFAOYSA-N	C9H8O4
C=CC(=O)C12C=CC(C=C1O2)(O)O	152265169	WIDXRWOTPBTKQX-UHFFFAOYSA-N	C9H8O4
C1CC2=C(C=C(C(=O)O2)O)C(=O)C1	15836485	TYCKMPSBOYGTCI-UHFFFAOYSA-N	C9H8O4
CC(=O)OC1=CC=CC(=C1O)C=O	11805341	ODCGBUMUKBQFKA-UHFFFAOYSA-N	C9H8O4
C1C(OC(=O)C2=C1C(=CC=C2)O)O	57702241	LUIQJMHTZLZMIT-UHFFFAOYSA-N	C9H8O4
CC(=O)C1=C(C(=C(C=C1)C=O)O)O	138649330	CXTXNNYHYQCIME-UHFFFAOYSA-N	C9H8O4
C1C(OOC(=O)O1)C2=CC=CC=C2	87932183	ATJLSSMGAYBCGB-UHFFFAOYSA-N	C9H8O4
C=C1C(=O)CC(C1=O)C(=C)C(=O)O	118469531	PXEAJEJXFMVDMR-UHFFFAOYSA-N	C9H8O4
C[C@@]12CC[C@H](O1)C3=C2C(=O)OC3=O	98048312	AIXWPYMQYNYHPJ-IGJIYHIXSA-N	C9H8O4
C1=CC=C(C=C1)O/C=C(/C(=O)O)\O	23498286	BDPNJTJORLNNJR-VURMDHGXSA-N	C9H8O4
[2H]C1=C(C(=C(C=C1/C(=C/C(=O)O)/[2H])O)O)[2H]	101215182	QAIPRVGONGVQAS-WJFYNJOOSA-N	C9H8O4
CC(=O)OC1=CC=C(C=C1)OC=O	54376328	MHCPXVRSXWILHB-UHFFFAOYSA-N	C9H8O4
C1C(CC(=O)C2=C1OC=C2)C(=O)O	112489348	KFCMGNNEHSXEJS-UHFFFAOYSA-N	C9H8O4
C1C(=COC2=CC(=CC(=C21)O)O)O	19006752	ULBHZIMKSRXEAV-UHFFFAOYSA-N	C9H8O4
C1COC2=C(O1)C=CC(=C2C=O)O	11805342	UKSCFPMGORNPMF-UHFFFAOYSA-N	C9H8O4
C1=CC=C(C=C1)OCC(=O)C(=O)O	18994126	RSUOYCBRWUTZAO-UHFFFAOYSA-N	C9H8O4
C1CC1C(=O)C2=CC=C(O2)C(=O)O	84718335	OYSTVRNYOODUKX-UHFFFAOYSA-N	C9H8O4
CC(=O)C1=CC2=C(C=C1O)OCO2	11745219	FFTMFTKIHAFVGZ-UHFFFAOYSA-N	C9H8O4
C1=CC(=C(C=C1O)C=CC(=O)O)O	181581	JXIPYOZBOMUUCA-UHFFFAOYSA-N	C9H8O4
COC1=C(C=CC(=C1)C=O)C(=O)O	21254664	QAYQOARPTBPKMR-UHFFFAOYSA-N	C9H8O4
C1=CC2=C(C=C1O)OC(C=C2O)O	149699342	ASUAJEJMYRYTBY-UHFFFAOYSA-N	C9H8O4
COC(=O)OC(=O)C1=CC=CC=C1	13182953	PDOIKXUEXBIUOI-UHFFFAOYSA-N	C9H8O4
C1=CC=C(C=C1)C=O.C(=O)C(=O)O	129690400	YPEUKBDJGVUEPL-UHFFFAOYSA-N	C9H8O4
C1C=CC=C2C1C(=O)O[C@@H]2OC=O	146851123	SIRLIWTYCFFAIZ-HSOSERFQSA-N	C9H8O4
C1O[C@H](C2=CC=CC=C2O1)C(=O)O	7264092	DFYLPMQKLAEHPJ-MRVPVSSYSA-N	C9H8O4
C1COC2=C1C=C(C=C2)OC(=O)O	17902912	SPWYRRJMBIIULQ-UHFFFAOYSA-N	C9H8O4
C=COC(=O)C1=C(C=CC(=C1)O)O	142730367	JGYKYNIGNPKMGG-UHFFFAOYSA-N	C9H8O4
C1=C(C=C(C=C1O)O)/C=C\C(=O)O	131751262	MFFCZSWTQMCKFP-UPHRSURJSA-N	C9H8O4
C1=CC(=C(C(=C1)O)C=CC(=O)O)O	66851299	WFVBGDQDYLTEJX-UHFFFAOYSA-N	C9H8O4
CC1=C(C=C(C=C1)C(=O)O)OC=O	141674981	PKKHXRIUTXGVLA-UHFFFAOYSA-N	C9H8O4
C1[C@@H]2[C@@H]3[C@H]4[C@H]1[C@H]([C@H]2OC3=O)OC4=O	124763112	VJZJOLDRMXASMW-LXTYMGNCSA-N	C9H8O4
C1C(=O)C2C=C3COCC3(C1=O)O2	21576838	VDYRDPXUICJQQB-UHFFFAOYSA-N	C9H8O4
[2H]C(C1=CC=CC=C1)(C(=O)O)C(=O)O	11206880	WWYDYZMNFQIYPT-WHRKIXHSSA-N	C9H8O4
C=C(C1=C(C(=CC=C1)O)O)C(=O)O	69728524	BZLGUGQFUBEKLC-UHFFFAOYSA-N	C9H8O4
[2H]CC(=O)OC(=O)C1=CC=CC=C1O	129733669	UQJRAOCVSMOMNW-MICDWDOJSA-N	C9H8O4
C1OC(OO1)C2=CC=CC=C2C=O	134986331	YCUNCKMXZZMYJX-UHFFFAOYSA-N	C9H8O4
COC(=O)C1=C(C=CC=C1O)C=O	346008	WDYYLHVXCSRDRG-UHFFFAOYSA-N	C9H8O4
C1=CC(=C(C=C1O)CC23C(O2)O3)O	22625380	RDPAGFWQMJCWTL-UHFFFAOYSA-N	C9H8O4
COC1=C(C=C2CC(=O)OC2=C1)O	20228395	MRNIEXXLEVXSSP-UHFFFAOYSA-N	C9H8O4
CC(=[18O])[18O]OC(=O)C1=CC=CC=C1	101050322	PDAVOLCVHOKLEO-FUJLXYBQSA-N	C9H8O4
C1=CC=C(C(=C1)C=O)OC(=O)CO	87706137	YSESQCJQXAJRKX-UHFFFAOYSA-N	C9H8O4
C1C=CC=C2C1C(=O)C(=O)C2=O.O	141223252	JLXHTOBFHVXWAQ-UHFFFAOYSA-N	C9H8O4
CC12C=CC(O1)C3C2C(=O)OC3=O	277499	CFLSTTHDYSASGE-UHFFFAOYSA-N	C9H8O4
CC(=O)C1=C(C=CC=C1O)C(=O)O	57797217	YGXBEUBXWJOUAQ-UHFFFAOYSA-N	C9H8O4
COC(=O)/C=C/C1=CC=C(O1)C=O	10726051	FFLWSNRTEOHONR-SNAWJCMRSA-N	C9H8O4
C1C(OC2=C1C=CC(=C2)O)C(=O)O	54776085	VOMGDTBLGJJUAA-UHFFFAOYSA-N	C9H8O4
CC(=O)C1=CC=C(O1)C=CC(=O)O	670994	HPGYWVBLRIJUIB-UHFFFAOYSA-N	C9H8O4
C1=CC(=CC=C1O)OC=CC(=O)O	66624055	GLEFJPIHZABYMQ-UHFFFAOYSA-N	C9H8O4
C1=CC(=CC(=C1)O)/C=C(/C(=O)O)\O	15938906	BKXTVGXWGYNFNV-YVMONPNESA-N	C9H8O4
C=CCOC(=O)C1=CC=C(O1)C=O	118020316	GJBIALALQKRARJ-UHFFFAOYSA-N	C9H8O4
COC1=CC=CC(=C1)C(=O)C(=O)O	12613727	CGXXIWFTHWCOPO-UHFFFAOYSA-N	C9H8O4
C1[C@@H]2[C@@H]3[C@@H]4[C@H]1[C@H]([C@H]2OC3=O)OC4=O	11008519	VJZJOLDRMXASMW-ZJWGJRCSSA-N	C9H8O4
C=C[C@@]1(COC(=O)O1)C2=CC=CO2	125492289	ORFRZOJYRJUDKZ-SECBINFHSA-N	C9H8O4
C1=CC=C(C(=C1)CC(=O)O)OC=O	19066993	ABYUETNPSPFOLE-UHFFFAOYSA-N	C9H8O4
C1=CC(=O)[C@H]2[C@H]1C=C2OCC(=O)O	131115198	GXXLSABLAWQKLD-MLUIRONXSA-N	C9H8O4
COC1=C(C=CC(=C1)C(=O)C=O)O	15664684	HYBBVTSLESCGCG-UHFFFAOYSA-N	C9H8O4
C(CC#CC(=O)O)CC#CC(=O)O	17789713	JBDORKAYXDXDND-UHFFFAOYSA-N	C9H8O4
C1C2=C(C=CC(=C2)COO)C(=O)O1	18716111	FVWACFLMUGZFSS-UHFFFAOYSA-N	C9H8O4
COC1=CC(C(=C=O)C=C1)C(=O)O	141126317	MEWBEMYGIJFHNI-UHFFFAOYSA-N	C9H8O4
C1COC2=C(C=C(C=C2O1)O)C=O	85675497	WPFZWCSRILFYKT-UHFFFAOYSA-N	C9H8O4
C1C(O1)CC2=CC(=C3C(=C2O)O3)O	88189829	LMDPJQORTUZPKD-UHFFFAOYSA-N	C9H8O4
CC(=C)C(=O)OC(=O)C1=CC=CO1	87977398	XAXWCMBGXQPEOR-UHFFFAOYSA-N	C9H8O4
C1C2=CC=CC=C2OC(O1)C(=O)O	13076894	ICDZRZKGMHSATO-UHFFFAOYSA-N	C9H8O4
COC(=O)C1(C=C2C=CC=C2O1)O	140328089	AFKNKZISUQEJDL-UHFFFAOYSA-N	C9H8O4
C#CC(C(C=O)C=O)C(C=O)C=O	12415118	ZXWAVVZFVSFESC-UHFFFAOYSA-N	C9H8O4
C1=CC(=CC=C1/C=C/C(=O)OO)O	88310463	UXWUFJMWYJQRLM-ZZXKWVIFSA-N	C9H8O4
C=CC1(COC(=O)O1)C2=CC=CO2	154719285	ORFRZOJYRJUDKZ-UHFFFAOYSA-N	C9H8O4
COC1=CC(=CC2=C1OCC2=O)O	129984414	PUMUWEDXLQZANH-UHFFFAOYSA-N	C9H8O4
CC(=O)OOC(=O)C1=CC=CC=C1	12568	PDAVOLCVHOKLEO-UHFFFAOYSA-N	C9H8O4
C1COC1.C(=C=O)C(=C=O)C=C=O	87494799	ZPSODWNMXIOTBU-UHFFFAOYSA-N	C9H8O4
CC(=O)OC(=O)O.C1=CC2=C1C=C2	87443805	GRBXNHFTXHJEQJ-UHFFFAOYSA-N	C9H8O4
COC1=C(C=CC=C1C(=O)O)C=O	12168433	YBSAMWVRKAEQLT-UHFFFAOYSA-N	C9H8O4
C1CC(=O)C2=C(C1C(=O)O)C=CO2	117272741	DOCJAUTZQUECCP-UHFFFAOYSA-N	C9H8O4
COC1=CC(=C=O)C(C=C1)C(=O)O	88132158	FSEYXISDVYJWSP-UHFFFAOYSA-N	C9H8O4
CC1=C2CC(=O)OC2=C(C=C1O)O	141343955	SDVYGGZTBGRMHS-UHFFFAOYSA-N	C9H8O4
CC(=O)C1=C(C=CC(=C1)O)C(=O)O	21248703	WUPKCWVBUFESCU-UHFFFAOYSA-N	C9H8O4
C=COC1=C(C=C(C=C1)O)C(=O)O	152163482	VNSFDSNPOXVFBG-UHFFFAOYSA-N	C9H8O4
COC1=CC=C(C=C1)C(=O)C(=O)O	584714	IDTFANFXLFNLMC-UHFFFAOYSA-N	C9H8O4
CC1=CC(=C(C=C1)C(=O)O)C(=O)O	20310	CWJJAFQCTXFSTA-UHFFFAOYSA-N	C9H8O4
C1C2=CC=CC=C2C(C1=O)(O)OO	138972579	JGFNIEOCRDYBSB-UHFFFAOYSA-N	C9H8O4
CC1=CC(=O)C(=C(C1=O)OC)C=O	88718144	FXDAWZSWUGOGHQ-UHFFFAOYSA-N	C9H8O4
CC(=O)C1=CC=C(O1)/C=C/C(=O)O	2063488	HPGYWVBLRIJUIB-HWKANZROSA-N	C9H8O4
CC1=CC(=CC(=O)C1=O)COC=O	89393771	JYIVAVPCCMOPOL-UHFFFAOYSA-N	C9H8O4
CC(=O)OC(=O)C1=CC=C(C=C1)O	20263729	KSXVCBFIVYMOIP-UHFFFAOYSA-N	C9H8O4
C1=CC(=CC=C1COC=O)C(=O)O	22380555	BBAFFPRYEAWBSY-UHFFFAOYSA-N	C9H8O4
C1COC2=C(C1=O)C=CC(=C2O)O	11769130	ZLJGVZCNHVBEKJ-UHFFFAOYSA-N	C9H8O4
C1=COC(=C1)C2=CC(C(=O)O2)CO	141323858	AMJMBMIIYHXYAQ-UHFFFAOYSA-N	C9H8O4
C[C@@]12C=C[C@@H](O1)[C@@H]3[C@@H]2C(=O)OC3=O	98049503	CFLSTTHDYSASGE-JEMLMZEFSA-N	C9H8O4
CC1=CC(=O)C2=C(O1)CCC(=O)O2	135638842	KPTNNLCZWYVXDW-UHFFFAOYSA-N	C9H8O4
COC1=C(C=C2C(=C1)C(=O)O2)OC	19868681	LLJGJFVCTWLFFZ-UHFFFAOYSA-N	C9H8O4
C1CC2(C=CC(=O)[C@H]3[C@@H]2O3)OC1=O	102019442	OQGPOZAKLWFZNH-JVIMKECRSA-N	C9H8O4
C1O[C@@H](C2=CC=CC=C2O1)C(=O)O	7264095	DFYLPMQKLAEHPJ-QMMMGPOBSA-N	C9H8O4
CC(=O)C1=CC(=O)C=C(O1)C(=O)C	21035579	PUNPAOBRBLTSJI-UHFFFAOYSA-N	C9H8O4
CC1=C(C=CC=C1O)C(=O)OC=O	147969819	IRCQTOWVGYFPQW-UHFFFAOYSA-N	C9H8O4
C1=CC=C2C(=C1)C=C(C(O2)(O)O)O	151385014	OTFLBFDXXCQKLA-UHFFFAOYSA-N	C9H8O4
C1COC2=C(O1)C=CC(=C2O)C=O	15613477	BXMATSGGNPBLON-UHFFFAOYSA-N	C9H8O4
C1=CC=C2C(=C1)C(OC2=O)COO	88886561	NXZGGSOMWVUKHR-UHFFFAOYSA-N	C9H8O4
C1CC(=O)OC2=CC(=CC(=C21)O)O	13803351	GBJZXVVSCXXEQK-UHFFFAOYSA-N	C9H8O4
C1OC2=CC=CC(=C2O1)COC=O	140236714	DSISJIKRAYSXKP-UHFFFAOYSA-N	C9H8O4
C1C(C(=O)OC2=C1C=CC(=C2)O)O	134612973	UOFQPXZAJGFGND-UHFFFAOYSA-N	C9H8O4
C=COC(=O)CC(=O)C1=CC=CO1	140230410	AEFXNBXIVVASIA-UHFFFAOYSA-N	C9H8O4
C1=CC=C(C=C1)C(=C(O)O)C(=O)O	130730729	GIXCMZWQKGWLSG-UHFFFAOYSA-N	C9H8O4
CC1=CC(=CC(=O)C1=O)CC(=O)O	134405235	OLDRRPRSMPDPNN-UHFFFAOYSA-N	C9H8O4
C1C2C1C3C4C(C2O3)C(=O)OC4=O	13842837	VWVSRSIWQPTVAE-UHFFFAOYSA-N	C9H8O4
COC1=CC(=C(C=C1C=O)O)C=O	85725196	JXMCOMYAZWZPGE-UHFFFAOYSA-N	C9H8O4
C1[C@@H]2[C@H]3[C@@H]4[C@@H]1[C@@H]([C@@H]2OC3=O)OC4=O	98067749	VJZJOLDRMXASMW-JIOKVTTDSA-N	C9H8O4
CC1=C(C(=C(C=C1)C(=O)O)O)C=O	88312944	MVKYABWMUNPXGG-UHFFFAOYSA-N	C9H8O4
[2H]/C(=C\C1=CC(=C(C=C1)O)O)/C(=O)O	100923614	QAIPRVGONGVQAS-FUZZBSDGSA-N	C9H8O4
CC1=C(C(=O)C2=C(C1=O)OCO2)C	12488903	SSNZMKONSOUKFJ-UHFFFAOYSA-N	C9H8O4
C1C2C=CC1C(=C2C(=O)O)C(=O)O	139991	NRIMHVFWRMABGJ-UHFFFAOYSA-N	C9H8O4
C1C=CC=C1C(=O)CC(=O)C(=O)O	91930367	MWOMZIFZPCEEAU-UHFFFAOYSA-N	C9H8O4
CC(C#C)OC1=CC=C(O1)C(=O)O	106794631	LQFUFCFYMRTWKP-UHFFFAOYSA-N	C9H8O4
C1=CC=C(C=C1)C(=C(C(=O)O)O)O	66595634	DRBARRGCABOUIE-UHFFFAOYSA-N	C9H8O4
C1COC2=C1C=C(C=C2O)C(=O)O	129981804	NOYVAYGFQLQMJI-UHFFFAOYSA-N	C9H8O4
CC(=O)[18O][18O]C(=[18O])C1=CC=CC=C1	101050320	PDAVOLCVHOKLEO-QDVCZZNFSA-N	C9H8O4
CC1=CC2=C(C3=C1OCO3)OCO2	90367486	VKIHVDYOSGCTCA-UHFFFAOYSA-N	C9H8O4
C1[C@@H]2[C@H]3[C@@H]([C@H]1C4C2O4)C(=O)OC3=O	152983654	UUWMOJSMSOVYSY-UIHVAESESA-N	C9H8O4
C1CC(=C=O)CC2C1C(=O)OC2=O	88188868	KZKKFWNLZKJTHI-UHFFFAOYSA-N	C9H8O4
C1=CC(=C(C=C1CC(=O)C=O)O)O	91339203	JRPSPGXSMYHSOL-UHFFFAOYSA-N	C9H8O4
CC(=O)OC1=CC=C(C=C1)C(=O)O	16865	GDBUZIKSJGRBJP-UHFFFAOYSA-N	C9H8O4
C1C=C2C=CC(C=C2OC1=O)(O)O	150146334	FEIJIXLIINXJFO-UHFFFAOYSA-N	C9H8O4
COC1=CC=CC=C1C(=O)OC=O	53943724	ZFQGNGVPCGWVNS-UHFFFAOYSA-N	C9H8O4
CC(=O)OC1=CC=CC2=C1OCO2	19353319	DKVSKTKTDLSVSF-UHFFFAOYSA-N	C9H8O4
CC1(C2=C(C(=CC=C2)O)C(=O)O1)O	19927426	ZVGJYEGLUIXSBS-UHFFFAOYSA-N	C9H8O4
COC1=CC(=CC2=C1C(=O)OC2)O	85787716	REIYIBBWPMFGGE-UHFFFAOYSA-N	C9H8O4
C1=CC=C(C(=C1)/C=C/C(=O)OO)O	140042132	IBBKXHCZFOUYKN-AATRIKPKSA-N	C9H8O4
C1=CC=C(C(=C1)C(C=O)C(=O)O)O	54232429	UWPLQXQYEIKPHG-UHFFFAOYSA-N	C9H8O4
C1=CC(=C(C(=C1)O)O)/C=C/C(=O)O	5282146	SIUKXCMDYPYCLH-SNAWJCMRSA-N	C9H8O4
C1C2=C(O1)C=CC(=C2)OCC(=O)O	143501416	URLPPYNKFDVKSA-UHFFFAOYSA-N	C9H8O4
COC1=C(C=C(C=C1)C=O)C(=O)O	3926683	TTZPGMWNBQKNKX-UHFFFAOYSA-N	C9H8O4
C(C=O)C(=CC(=CC=O)C=O)C=O	91271880	KUAZLRLAWVLWDD-UHFFFAOYSA-N	C9H8O4
CC1=CC2C3C(C1O2)C(=O)OC3=O	55297451	ABLZFGJUWCADOK-UHFFFAOYSA-N	C9H8O4
C1=C[C@H]2[C@@H]3[C@H]([C@@H]1C2O)C(=O)OC3=O	132516043	QDTXFJMDGQJMCS-OKHTVQBWSA-N	C9H8O4
C1=CC(=C(C=C1/[13CH]=[13CH]/[13C](=O)O)O)O	46780148	QAIPRVGONGVQAS-JDWYZSDHSA-N	C9H8O4
C1=CC=C(C=C1)C(=O)OCOC=O	54518558	DCXFKDNEDPRHKA-UHFFFAOYSA-N	C9H8O4
C1C2=C(O1)C=CC(=C2)C(C(=O)O)O	139668314	MSVYASUTPGRYPH-UHFFFAOYSA-N	C9H8O4
CC(=O)OC(=O)C1=CCC(=O)C=C1	17978931	SIMNDFQQEXACJJ-UHFFFAOYSA-N	C9H8O4
C=C(C1=C(C=C(C=C1)O)O)C(=O)O	152246962	WENHCCZBGTXFIY-UHFFFAOYSA-N	C9H8O4
CC(=O)C(=O)O.C1=CC(=C2C1=C2)O	66848934	JDLNXYRFALJUSV-UHFFFAOYSA-N	C9H8O4
COC1=CC2=C(C=C1)C(=O)O[C@@H]2O	7055502	KZIXGEBNIHRZHI-VIFPVBQESA-N	C9H8O4
C1=CC=C2C(=C1)C(C(=C(O2)O)O)O	20027627	RSQLWGCDBGXPKY-UHFFFAOYSA-N	C9H8O4
C1C2C(=CO1)C=CC(C2=O)C(=O)O	67260493	YVTLAGVFNQAMOL-UHFFFAOYSA-N	C9H8O4
COC1=CC=CC2=C1[C@H](OC2=O)O	135372257	DAOVSXMJHQYNPT-VIFPVBQESA-N	C9H8O4
CC(=O)CC(=O)C(=O)C1=CC=CO1	153880109	ORULWMKPSWJRPP-UHFFFAOYSA-N	C9H8O4
C1=CC=C(C(=O)C=C1)OCC(=O)O	129925150	FCGVNRIZMBBVFP-UHFFFAOYSA-N	C9H8O4
C1=CC(=CC=C1/C(=C/C(=O)O)/O)O	70140766	RRZGPZPQGGABGZ-YVMONPNESA-N	C9H8O4
COC1=CC2=C(C=C1C=O)OCO2	601861	NCIYDDIPUGCVKX-UHFFFAOYSA-N	C9H8O4
COC(=O)OC1=CC=CC(=C1)C=O	3564522	IRFKLBYPVDGELO-UHFFFAOYSA-N	C9H8O4
CC1=CC2=C(C=C1)OC(O2)C(=O)O	23312097	ZQLQXKPBYKFXPY-UHFFFAOYSA-N	C9H8O4
COC1=CC2=C(C=C1)C(=O)OCO2	85827225	XDQFWRBTZMCUKN-UHFFFAOYSA-N	C9H8O4
C1=CC=C(C=C1)OC(=O)CC(=O)O	3015801	FQCRIFDLUQGBHF-UHFFFAOYSA-N	C9H8O4
C1=CC(=CC(=C1)C(=O)O)COC=O	88122885	GEMNPYCYJKHYCJ-UHFFFAOYSA-N	C9H8O4
C1C=CC(O1)C(=O)C2C=COC2=O	141054976	WMFXLFRYBHANHG-UHFFFAOYSA-N	C9H8O4
[2H]C([2H])([2H])C(=O)OC1=CC=CC=C1C(=O)O	12280114	BSYNRYMUTXBXSQ-FIBGUPNXSA-N	C9H8O4
CC(=O)C1C(=O)C=CC=C1C(=O)O	151122482	MSMCTMIYLXGJSJ-UHFFFAOYSA-N	C9H8O4
C[C@]12CC[C@H](O1)C3=C2C(=O)OC3=O	98048313	AIXWPYMQYNYHPJ-AJAUBTJJSA-N	C9H8O4
C1C(OC2=CC=CC=C21)OC(=O)O	70514763	BVLUKTNJDDXADI-UHFFFAOYSA-N	C9H8O4
C1=CC(C=C1)/C(=C/C(=O)O)/C(=O)O	153937423	LHYDRZHFVROWJA-ALCCZGGFSA-N	C9H8O4
C1=CC=C(C=C1)C(C(=O)O)OC=O	119863	YFRDJVJDAXMXSQ-UHFFFAOYSA-N	C9H8O4
C1=CC=C2C(=C1)OC(O2)CC(=O)O	22923666	WJLQOIYJPDPVDK-UHFFFAOYSA-N	C9H8O4
CC1=CC=C(O1)C2C(=O)COC2=O	53804502	FKSIBUUPPQEFJL-UHFFFAOYSA-N	C9H8O4
CC(=O)OCC1=CC(=O)C=CC1=O	148390	PPDXWBLLORUJMO-UHFFFAOYSA-N	C9H8O4
CC(=O)O.C1=CC(=C2C=C1O2)C=O	87839741	JCWRJNAGQCTAED-UHFFFAOYSA-N	C9H8O4
C1=CC(=CC=C1COC=O)OC=O	54233227	OTFJEOXDGHRMHQ-UHFFFAOYSA-N	C9H8O4
COC1=CC=CC2=C1C(=O)O[C@H]2O	7055503	URTPDSARMPGSPA-MRVPVSSYSA-N	C9H8O4
[13CH]1=[13CH][13C](=[13C]([13CH]=[13C]1[13CH]=[13CH][13C](=O)O)O)O	131866465	QAIPRVGONGVQAS-RIQGLZQJSA-N	C9H8O4
COC1=CC2=C(C(=C1)O)C(=O)OC2	181107	DQVAVEZQPWBKEW-UHFFFAOYSA-N	C9H8O4
C1C[C@@]2(C=CC(=O)C3C2O3)OC1=O	102019443	OQGPOZAKLWFZNH-AMDVSUOASA-N	C9H8O4
C1=CC(=CC=C1C=C(C(=O)O)O)O	440642	GQYBCIHRWMPOOF-UHFFFAOYSA-N	C9H8O4
C1=COC(=C1)C(=O)C/C=C/C(=O)O	20529977	IHZLOTSUVWVPTP-ORCRQEGFSA-N	C9H8O4
CC(=O)OC1=CC=CC=C1[11C](=O)O	450661	BSYNRYMUTXBXSQ-RVRFMXCPSA-N	C9H8O4
C1=CC=C2C(=C1)[C@H]([C@H](C(=O)O2)O)O	11480804	ILBLEORARSQMLA-HTQZYQBOSA-N	C9H8O4
CC(=[17O])OC1=CC=CC=C1C(=O)O	102100679	BSYNRYMUTXBXSQ-DETAZLGJSA-N	C9H8O4
CC1=C(C(=C(C=C1)O)C=O)C(=O)O	20341693	RLMJTYFLBMHIDS-UHFFFAOYSA-N	C9H8O4
CC1=C(CC(=O)C(=C1)C(=O)O)C=O	90318900	LMYCUOZFRXNQHQ-UHFFFAOYSA-N	C9H8O4
COC1=CC(=CC2=C1OC(=O)C2)O	71393705	ZMABQYFLBKFVEM-UHFFFAOYSA-N	C9H8O4
CC(=O)C1=C(C(=CC=C1)O)C(=O)O	57504832	YBVXZNFDIGCFBH-UHFFFAOYSA-N	C9H8O4
C1=CC(=CC=C1C(=O)CC(=O)O)O	14496584	HRXAQVGNCWFWTL-UHFFFAOYSA-N	C9H8O4
CC1CC(=O)C2=C(O1)C=C(O2)C=O	82409247	RQXYIPIRTUHAPL-UHFFFAOYSA-N	C9H8O4
C1=CC=C2C(=C1)C(=CC(=O)O2)O.O	129654999	NOGVLRFOUYRZFZ-UHFFFAOYSA-N	C9H8O4
C1=CC(=CC=C1CC(=O)O)C(=O)O	220005	DMEDOWYXHVUPMO-UHFFFAOYSA-N	C9H8O4
C1=CC=C(C(=C1)CC(=O)O)C(=O)O	66643	ZHQLTKAVLJKSKR-UHFFFAOYSA-N	C9H8O4
CC1C(=O)C2=C(C=C(C=C2O1)O)O	23253005	LCCVGOHYMQMBDP-UHFFFAOYSA-N	C9H8O4
COOC1C2=CC=CC=C2C(=O)O1	59137715	CCQKLVLKNRQRAS-UHFFFAOYSA-N	C9H8O4
CC(=O)OC1=CC=CC(=C1)OC=O	89315149	BWDVDESNSHVFJD-UHFFFAOYSA-N	C9H8O4
C1C2=C(C=C(C=C2)CC(=O)O)OO1	53776019	DRYWPWLLLOSGLS-UHFFFAOYSA-N	C9H8O4
C=C(C1=C(C(=CC=C1)C(=O)O)O)O	153381625	PLZMZWBSYVNVNG-UHFFFAOYSA-N	C9H8O4
COC1=CC=C(C#C1)C(C(=O)O)O	153671639	WPVXIHGYBRLBJL-UHFFFAOYSA-N	C9H8O4
C1C2=C(C=CC(=C2)CC(=O)O)OO1	88819218	FHGMDANRHGSJEI-UHFFFAOYSA-N	C9H8O4
C(/C=C/C=C=C=CC(=O)O)C(=O)O	18920461	BDPGJBWQLKRECF-VEOUEILCSA-N	C9H8O4
C1=CC=C(C(=C1)CO)C(=O)C(=O)O	14117279	XLBJHBFWZZQMDW-UHFFFAOYSA-N	C9H8O4
CC1=C(C=C(C(=C1O)C=O)C=O)O	101282014	CVXRFXBUWVROPP-UHFFFAOYSA-N	C9H8O4
C1=CC2C3C(C1O2)C4C(O4)OC3=O	147358307	DGSZYPDEJHBYRA-UHFFFAOYSA-N	C9H8O4
COC1=CC(=CC2=C1C(=CO2)O)O	54040936	LMHCMZKMZXRTPZ-UHFFFAOYSA-N	C9H8O4
CC#COC(=O)CC(=O)OC#CC	57011851	MGYNGEFPWNPLNZ-UHFFFAOYSA-N	C9H8O4
C1=CC=C(C=C1)C(C(=O)C(=O)O)O	19688953	ZHLWCBHWYUISFY-UHFFFAOYSA-N	C9H8O4
C1=CC=C(C(=C1)/C=C/C(=O)O)OO	22107361	FPMOBRQEEQJJSE-AATRIKPKSA-N	C9H8O4
C1C(C2=C(C1=O)OC=C2)CC(=O)O	84049409	WZWZWAQHFNWSQP-UHFFFAOYSA-N	C9H8O4
C1OC2C(O1)(O2)OC3=CC=CC=C3	149663313	ALPQPTCVGFOZTG-UHFFFAOYSA-N	C9H8O4
C1[C@H](OC2=CC=CC=C2O1)C(=O)O	687061	HMBHAQMOBKLWRX-QMMMGPOBSA-N	C9H8O4
C1[C@H](OC2=C1C=C(C=C2)O)C(=O)O	86332069	UELXHTVYZOVMKN-QMMMGPOBSA-N	C9H8O4
C1C2C3C4C(C1OC3=O)C2OC4=O	21675141	BUCUZBZWTHROBW-UHFFFAOYSA-N	C9H8O4
CC1(CC=CO1)C2=CC(=O)OC2=O	154160026	ITZTUPJMZFISSL-UHFFFAOYSA-N	C9H8O4
C=C1C=CC=C(C1C(=O)O)C(=O)O	141748158	WWNLUJWAUPVKDJ-UHFFFAOYSA-N	C9H8O4
C1=CC=C(C(C=C1)C(=O)O)C(=O)O	66809354	JFNNEZNICOWGCD-UHFFFAOYSA-N	C9H8O4
CC(=O)C1=C(C(=O)C=CC1=O)OC	15272809	ZGQIVUKNSBXDFR-UHFFFAOYSA-N	C9H8O4
C1C(OC2=CC=CC=C2O1)C(=O)O	2735450	HMBHAQMOBKLWRX-UHFFFAOYSA-N	C9H8O4
CC(=O)/C(=C/C1=CC=CO1)/C(=O)O	18595236	LYMMEIUHDXJTKN-YVMONPNESA-N	C9H8O4
C1=COC(=C1)[C@@H]([C@H]2C=CC(=O)O2)O	102159681	JOUVONQFOUJCKZ-APPZFPTMSA-N	C9H8O4
CC(=O)OC1OC2=CC=CC=C2O1	70499371	MZBAJCZBPRZMBQ-UHFFFAOYSA-N	C9H8O4
COC1=C=C=C(C(=C1)O)C(=O)OC	147194687	CCCXJTFBCFZDKW-UHFFFAOYSA-N	C9H8O4
C1=CC(=CC=C1C(=O)O)OCC=O	21192164	CHWWVJPABQNMFR-UHFFFAOYSA-N	C9H8O4
CC1OC2=C(O1)C=C3C(=C2)OCO3	148266715	KSSFTVKBQNKKJH-UHFFFAOYSA-N	C9H8O4
CC(=O)C1=C(C(=CC=C1)C(=O)O)O	10899264	TVYRJQXMQNZLNO-UHFFFAOYSA-N	C9H8O4
C=CC(=O)OOC1=CC=C(C=C1)O	87079700	UTBAELIVTFAJNI-UHFFFAOYSA-N	C9H8O4
CC1=CC(=CC(=C1O)C=O)C(=O)O	86599490	ZCLRACWELYCDDI-UHFFFAOYSA-N	C9H8O4
CC(=O)C(=O)OC1=CC=CC=C1O	22024023	IWCDGEOICIJTMR-UHFFFAOYSA-N	C9H8O4
C1CC1C(=O)C2=CC(=CO2)C(=O)O	130640239	VVCJNZWCENBIDP-UHFFFAOYSA-N	C9H8O4
C1COC2=CC(=C(C=C21)O)C(=O)O	22159429	CYSADFPMTFVOFV-UHFFFAOYSA-N	C9H8O4
C1=CC=C(C=C1)COC(=O)OC=O	57010531	CJRNHHITPHRYMP-UHFFFAOYSA-N	C9H8O4
C1COC(C2=C1C(=O)C=CC2=O)O	23356041	VCXTYCFQUNOPBZ-UHFFFAOYSA-N	C9H8O4
CC(=O)C1=CC=CC(C1=O)C(=O)O	150355005	GUNKXGANUSHRKT-UHFFFAOYSA-N	C9H8O4
C1COC2=C1C(=CC=C2)OC(=O)O	90000682	QQMKQLBTKSXEMC-UHFFFAOYSA-N	C9H8O4
C1=CC(=C(C(=C1)O)CC(=O)O)C=O	57447731	DMBULVGXPRMQJZ-UHFFFAOYSA-N	C9H8O4
C1[C@@H]2[C@@H]3[C@@H]4[C@H]1[C@@H]([C@H]2OC3=O)OC4=O	11229131	VJZJOLDRMXASMW-OPTWKVKHSA-N	C9H8O4
C1C(OC(=O)C2=CC=CC=C21)OO	19760474	LKJYODULJBQDAN-UHFFFAOYSA-N	C9H8O4
C=CC(=O)OC1=C(C=CC=C1O)O	18938710	AAFUKYNHOMTQRH-UHFFFAOYSA-N	C9H8O4
COC1=CC=CC(=C1C=O)C(=O)O	12730356	YIZSVEAVNICESG-UHFFFAOYSA-N	C9H8O4
C1[C@H]2C=C[C@H]1C(=C2C(=O)O)C(=O)O	98045467	NRIMHVFWRMABGJ-RFZPGFLSSA-N	C9H8O4
