C[C@@H]1[C@H]([C@H](C[C@@H](O1)O[C@@H]2[C@H](O[C@H](C[C@@H]2O)O[C@H]3[C@H](C[C@@H](OC3C)O[C@H]4CC[C@]5([C@@H](C4)CC[C@@H]6[C@@H]5CC[C@]7([C@@]6(CC[C@@H]7C8=CC(=O)OC8)O)C)C)O)C)O)O	153166600	WDJUZGPOPHTGOT-KHZYJBMFSA-N	C41H64O13
C[C@H]1[C@@H]([C@H]([C@H]([C@@H](O1)O[C@@H]2[C@H]([C@H](CO[C@H]2O[C@H]3CC[C@]4(C(C3(C)C)CC[C@@]5(C4C[C@@H](C6=C7[C@]([C@@]8(CC[C@@]7(CC[C@]65C)C(=O)O8)C)(C)O)O)C)C)O)O)O)O)O	154812505	SJXTZRXLMREHNE-BERUVVNUSA-N	C41H64O13
CC1[C@@H]([C@@H](C[C@@H](O1)O[C@@H]2[C@@H](C[C@@H](OC2C)O[C@@H]3[C@@H](C[C@@H](OC3C)O[C@H]4CCC5([C@H](C4)CC[C@@H]6C5CCC7(C6(CC[C@@H]7C8=CC(=O)OC8)O)C)C)O)O)O)O	57616988	WDJUZGPOPHTGOT-CWQDXOJVSA-N	C41H64O13
CC1[C@H]([C@@H](CC(O1)O[C@H]2[C@@H](CC(OC2C)O[C@H]3[C@@H](CC(OC3C)O[C@H]4CCC5([C@H](C4)CC[C@@H]6C5CCC7([C@@]6(CC[C@@H]7C8=CC(=O)OC8)O)C)C)O)O)O)O	121432041	WDJUZGPOPHTGOT-APQLEUNBSA-N	C41H64O13
CCCCCCCC(=O)O[C@H]1C(=CC(=O)OC)C[C@H]2CC(OC(=O)C[C@@H](C[C@@H]3CCCC(O3)CC4CC(O[C@@H](O4)C=CC([C@@]1(O2)O)(C)C)CC=C)O)CO	123562363	GFSMWTKAOHWHFA-BUNDERMRSA-N	C41H64O13
C[C@]12CC[C@@H](C([C@@H]1CC[C@@]3([C@@H]2CC=C4[C@]3(C[C@H]([C@]56[C@H]4CC([C@H](C5)OC6=O)(C)C)O)C)C)(C)C)O[C@H]7[C@@H]([C@H]([C@@H]([C@H](O7)CO)O)O)O[C@H]8[C@@H]([C@H]([C@H](CO8)O)O)O	102446076	KIIAWZXATGZUIR-ULLOZDIZSA-N	C41H64O13
C[C@H]1[C@H]([C@H](C[C@@H](O1)O[C@@H]2[C@@H](O[C@H](C[C@H]2O)O[C@@H]3[C@H](O[C@H](C[C@H]3O)O[C@H]4CC[C@]5([C@@H](C4)CC[C@@H]6[C@@H]5CC[C@]7([C@@]6(CC[C@@H]7C8=CC(=O)OC8)O)C)C)C)C)O)O	125037225	WDJUZGPOPHTGOT-KKDSRXLHSA-N	C41H64O13
C[C@]12CC[C@@H](C([C@@H]1CC[C@@]3([C@@H]2CC=C4[C@]3(CC[C@@]5([C@H]4[C@](C(=C)CC5)(C)O)C(=O)O[C@H]6[C@@H]([C@H]([C@@H]([C@H](O6)CO)O)O)O)C)C)(C)C)O[C@H]7[C@@H]([C@H]([C@@H](CO7)O)O)O	16216646	KZGZUWRLLUWUNP-MQMWEIQBSA-N	C41H64O13
C[C@@H]1[C@H]([C@H](C[C@@H](O1)O[C@H]2[C@H](O[C@H](O[C@@H]2O)O[C@@H]3[C@H](O[C@H](C[C@@H]3O)O[C@H]4CC[C@]5([C@@H](C4)CC[C@H]6[C@@H]5CC[C@]7([C@@]6(CC[C@@H]7C8=CC(=C)OC8)O)C)C)C)C)O)O	124094015	KTRKQABWFDFEHH-ZBZBTDFMSA-N	C41H64O13
C[C@]12CC[C@@H](C([C@@H]1CC[C@@]3([C@@H]2CC=C4[C@]3(CC[C@@]5([C@H]4CC(CC5)(C)C)C(=O)O)C)C)(C)C)O[C@H]6[C@@H]([C@H]([C@@H]([C@H](O6)C(=O)O)O)O[C@H]7[C@@H]([C@H]([C@H](CO7)O)O)O)O	44202126	HWYBGIDROCYPOE-UDXSKONJSA-N	C41H64O13
CC1[C@H]([C@@H](C[C@@H](O1)O[C@H]2[C@@H](C[C@@H](OC2C)O[C@H]3[C@@H](C[C@@H](OC3C)O[C@H]4CC[C@]5([C@@H](C4)CC[C@@H]6[C@@H]5CC[C@]7([C@@]6(CC[C@@H]7C8=CC(=O)OC8)O)C)C)O)O)O)O	46783411	WDJUZGPOPHTGOT-NJHFADPQSA-N	C41H64O13
C[C@H](C#C[C@]12[C@](O1)(C[C@H](CC2(C)C)O[C@H]3[C@@H]([C@H]([C@@H]([C@H](O3)COC(=O)C(C)(C)C)OC(=O)C(C)(C)C)OC(=O)C(C)(C)C)OC(=O)C(C)(C)C)C)OC(=O)C	11040007	NXKFYFNZPKLDLH-BRFKZJSGSA-N	C41H64O13
CC1C(CCC(O1)OC2C(OC(CC2O)OC3C(OC(CC3O)OC4CCC5(C(C4)CCC6C5CC(C7(C6(CCC7C8=CC(=O)OC8)O)C)O)C)C)C)O	89434982	OLUNZOMPWSBPDW-UHFFFAOYSA-N	C41H64O13
CC1[C@@H](C(C[C@@H](O1)O[C@H]2C(O[C@H](CC2O)O[C@H]3C(O[C@@H](CC3O)OC4CC[C@@]5([C@@H](C4)CCC6C5CC[C@]7([C@]6(CCC7C8=CC(=O)OC8)O)C)C)C)C)O)O	16757665	WDJUZGPOPHTGOT-OEMKLGCTSA-N	C41H64O13
CC1C(C(CC(O1)OC2C(OC(CC2O)OC3C(OC(CC3O)OC4CCC5(C(C4)CCC6C5CCC7(C6(CCC7C8=CC(=O)OC8)O)C)C)C)C)O)O	3061	WDJUZGPOPHTGOT-UHFFFAOYSA-N	C41H64O13
C[C@H](CC[C@@]1(CC[C@@]2(C(=C1)C=C[C@H]3[C@]2(CC[C@@H]4[C@@]3(CC[C@@H](C4(C)C)O)C)C)C)C(=O)O[C@H]5[C@@H]([C@H]([C@@H]([C@H](O5)CO[C@H]6[C@@H]([C@H]([C@@H](CO6)O)O)O)O)O)O)C(=O)C	15659984	KXRVYYQQFWMOLM-RVOWVWPNSA-N	C41H64O13
C[C@H]1[C@H]([C@H](C[C@@H](O1)O[C@@H]2[C@H](O[C@H](C[C@H]2O)O[C@@H]3[C@H](O[C@H](C[C@H]3O)O[C@H]4CC[C@]5([C@@H](C4)CC[C@@H]6[C@@H]5CC[C@]7([C@@]6(CC[C@@H]7C8=CC(=O)OC8)O)C)C)C)C)O)O	125037226	WDJUZGPOPHTGOT-XTPWFVAISA-N	C41H64O13
CCCCC[C@@H](CCCCCCCCCC(=O)OC)O[C@H]1[C@@H]([C@@H]2[C@H]([C@H](O1)C)OC(O2)(C)C)O[C@H]3[C@@H]([C@H]([C@H]4[C@H](O3)CO[C@H](O4)C5=CC=CC=C5)OC(=O)C)O	10842853	MZTPEZMYXZEHKF-AMNHCIGMSA-N	C41H64O13
C[C@H]1[C@@H]([C@@H](C[C@H](O1)O[C@@H]2[C@H](O[C@H](C[C@@H]2O)O[C@H]3[C@@H](OC(C[C@H]3O)O[C@H]4CC[C@]5([C@@H](C4)CCC6C5CC[C@]7([C@@]6(CC[C@@H]7C8=CCOC8=O)O)C)C)C)C)O)O	10078872	LNRUAKBAPHEWFX-MGUSAWGHSA-N	C41H64O13
CC1[C@H]([C@@H](C[C@@H](O1)O[C@H]2[C@@H](C[C@@H](OC2C)O[C@H]3[C@@H](C[C@@H](OC3C)O[C@H]4CC[C@]5(C(C4)CCC6C5CC[C@]7([C@@]6(CC[C@@H]7C8=CC(=O)OC8)O)C)C)O)O)O)O	89742267	WDJUZGPOPHTGOT-JTHNZBIESA-N	C41H64O13
C[C@H]1[C@H]([C@@H](C[C@@H](O1)O[C@@H]2[C@@H](O[C@H](C[C@H]2O)O[C@@H]3[C@H](O[C@H](C[C@H]3O)O[C@H]4CC[C@]5([C@@H](C4)CC[C@@H]6[C@@H]5CC[C@]7([C@@]6(CC[C@@H]7C8=CC(=O)OC8)O)C)C)C)C)O)O	124516877	WDJUZGPOPHTGOT-UAKHFSNGSA-N	C41H64O13
CCCCCCCC(=O)O[C@H]1/C(=C/C(=O)OC)/C[C@H]2C[C@@H](OC(=O)C[C@@H](CC3CCC[C@@H](O3)C[C@@H]4C[C@@H](O[C@@H](O4)/C=C/C([C@@]1(O2)O)(C)C)CC=C)O)CO	89659030	GFSMWTKAOHWHFA-AQEHAFJCSA-N	C41H64O13
C[C@@H]1[C@H]([C@H](C[C@@H](O1)O[C@@H]2[C@H](O[C@H](C[C@@H]2O)O[C@H]3CC[C@@]4([C@H]5C[C@H]([C@@]6([C@@](CC[C@@]6([C@@]5(CC=C4C3)O)O)(C(=O)C)O)C)OC(=O)/C=C(\C)/C(C)C)C)C)OC)O	145970458	MLLPVUCVZHUKDX-LKZSZHQLSA-N	C41H64O13
C[C@H]1[C@H]([C@@H](C[C@@H](O1)O[C@@H]2[C@@H](O[C@H](C[C@H]2O)O[C@@H]3[C@@H](O[C@H](C[C@H]3O)O[C@H]4CC[C@]5([C@@H](C4)CC[C@@H]6[C@@H]5CC[C@]7([C@@]6(CC[C@@H]7C8=CC(=O)OC8)O)C)C)C)C)O)O	71677386	WDJUZGPOPHTGOT-GZYAZKMMSA-N	C41H64O13
C[C@H](CCC(=O)C(=C)C)C1CCC2([C@@]1(CCC3=C2CCC4[C@@]3(CC[C@@H](C4(C)C)O[C@H]5C(C([C@H](CO5)O)O)O[C@H]6C(C([C@H](C(O6)CO)O)O)O)C)C)C(=O)O	22833286	VKMJXAJBUVITHN-XNWXWKQCSA-N	C41H64O13
C[C@@H]1CC[C@@]2([C@H]([C@H]3[C@@H](O2)C[C@@H]4[C@@]3(CC[C@H]5[C@H]4CC=C6[C@@]5(CC[C@@H](C6)O[C@H]7[C@@H]([C@H]([C@@H]([C@H](O7)COC(=O)C)O)O)O[C@H]8[C@@H]([C@@H]([C@H]([C@@H](O8)C)O)O)O)C)C)C)OC1	11093913	ASIKDPMUBWNLKF-BHFKKCPVSA-N	C41H64O13
C[C@H]1[C@@H]([C@H]([C@H]([C@@H](O1)O[C@@H]2[C@H]([C@H](CO[C@H]2O[C@H]3CC[C@]4(C(C3(C)C)CC[C@@]5(C4CC(C6=C7[C@]([C@@]8(CC[C@@]7(CC[C@]65C)C(=O)O8)C)(C)O)O)C)C)O)O)O)O)O	154814087	SJXTZRXLMREHNE-CASZVQILSA-N	C41H64O13
CC1CCC2(C(C3C(O2)CC4C3(CCC5C4CC=C6C5(C(CC(C6)O)OC7C(C(C(C(O7)C)O)O)OC8C(C(C(C(O8)C)O)OC(=O)C)O)C)C)C)OC1	75144749	KSIVGTKSVYIZEB-UHFFFAOYSA-N	C41H64O13
CCCCCCCC(=O)O[C@H]1C(=CC(=O)OC)C[C@H]2C[C@@H](OC(=O)C[C@@H](C[C@@H]3CCC[C@@H](O3)CC4C[C@@H](O[C@@H](O4)C=CC([C@@]1(O2)O)(C)C)CC=C)O)CO	90827503	GFSMWTKAOHWHFA-SQLDMMMMSA-N	C41H64O13
C[C@@H]1[C@H]([C@H](C[C@@H](O1)O[C@@H]2[C@H](O[C@H](C[C@@H]2O)O[C@H]3CC[C@@]4([C@H]5C[C@H]([C@@]6([C@](CC[C@@]6([C@@]5(CC=C4C3)O)O)(C(=O)C)O)C)OC(=O)/C=C(/C)\C(C)C)C)C)OC)O	102100454	MLLPVUCVZHUKDX-GZOPFBMDSA-N	C41H64O13
CC1C(C(=O)C=C2C1(CCC3(C2CC(CC3)(C)C(=O)O)C)C)C4(CCC(C(C4C)(C)C)OC5C(C(C(C(O5)C(=O)C)O)O)OC6C(C(CO6)(CO)O)O)C	53260766	HWXJVXJNWRZBHS-UHFFFAOYSA-N	C41H64O13
C[C@@]12CC[C@@H](C(C1CC[C@]3([C@@H]2CC=C4[C@]3(CC[C@@]5([C@H]4CC(CC5)(C)C)C(=O)O)C)C)(C)C)O[C@@H]6[C@@H]([C@@H]([C@@H]([C@H](O6)C(=O)O)O)O[C@@H]7[C@@H]([C@@H]([C@@H](CO7)O)O)O)O	138107455	HWYBGIDROCYPOE-GWXHSKEGSA-N	C41H64O13
C[C@@H]1CC[C@@]2([C@H]([C@H]3[C@@H](O2)C[C@@H]4[C@@]3(CC[C@H]5[C@H]4CC=C6[C@@]5(CC[C@@H](C6)O[C@H]7[C@@H]([C@H]([C@@H]([C@H](O7)CO[C@H]8[C@@H]([C@@H]([C@H]([C@@H](O8)C)OC(=O)C)O)O)O)O)O)C)C)C)OC1	44429640	FVZRMAXZONDPLV-FWWKGZHUSA-N	C41H64O13
C[C@]1(CC[C@@]2(CC[C@@]3(C(=CC[C@H]4[C@]3(CC[C@@H]5[C@@]4(CC[C@@H](C5(C)C)O[C@H]6[C@@H]([C@H]([C@@H](CO6)O)O)O)C)C)[C@@H]2C1)C)C(=O)OC)C(=O)O[C@H]7[C@@H]([C@H]([C@@H](CO7)O)O)O	10652744	LPVRJLMITOSONQ-FWVHPNTMSA-N	C41H64O13
C[C@]12CC[C@@H](C([C@@H]1CC[C@@]3([C@@H]2CC=C4[C@]3(C[C@H]([C@]56[C@H]4CC([C@H](C5)OC6=O)(C)C)O)C)C)(C)C)O[C@H]7[C@@H]([C@H]([C@@H]([C@H](O7)CO[C@H]8[C@@H]([C@H]([C@H](CO8)O)O)O)O)O)O	101700562	YMNUAVJTBGUEFW-ULLOZDIZSA-N	C41H64O13
CC(=C)[C@@H]1CC[C@H]2[C@H]1[C@H]3CC[C@@H]4[C@]5(CCC(C([C@@H]5CC([C@]4([C@@]3(CC2)C)C)C(=O)O)(C)C)O[C@@H]6[C@H]([C@@H]([C@H](O[C@H]6O)C(=O)O)O)O[C@H]7[C@@H]([C@H]([C@@H](CO7)O)O)O)C	70072435	QZZKJPOPIQHDJQ-AJHVCQKASA-N	C41H64O13
C[C@@H]1CCC2([C@H](C3C(O2)CC4[C@@]3(CCC5C4CC=C6[C@@]5([C@@H](C[C@@H](C6)O)O[C@H]7[C@@H]([C@H]([C@H]([C@H](O7)C)O)O)O[C@H]8[C@@H]([C@@H]([C@H]([C@@H](O8)C)O)OC(=O)C)O)C)C)C)OC1	9962236	KSIVGTKSVYIZEB-RKXOYACWSA-N	C41H64O13
C[C@]12CCC(C(C1CC[C@@]3(C2CC=C4[C@]3(CC[C@@]5(C4CC(CC5)(C)C)C(=O)O)C)C)(C)C)OC6C(C(C(C(O6)C(=O)O)O)OC7C(C(C(CO7)O)O)O)O	146160302	HWYBGIDROCYPOE-CPTYKNTJSA-N	C41H64O13
C[C@]12CC[C@@H](C([C@H]1CC[C@@]3([C@H]2CC=C4[C@]3(CC[C@@]5([C@@H]4CC(CC5)(C)C)C(=O)O)C)C)(C)C)O[C@H]6[C@@H]([C@H]([C@@H]([C@H](O6)C(=O)O)O)O[C@H]7[C@@H]([C@H]([C@@H](CO7)O)O)O)O	131705794	HWYBGIDROCYPOE-XDUHMLLGSA-N	C41H64O13
C[C@@H]1[C@H]([C@H](CC(O1)O[C@@H]2[C@H](OC(C[C@@H]2O)O[C@H]3[C@@H](O[C@H](C[C@@H]3O)O[C@H]4CC[C@]5([C@@H](C4)CCC6C5CC[C@]7([C@@]6(CC[C@@H]7C8=CC(=O)OC8)O)C)C)C)C)O)O	58559689	WDJUZGPOPHTGOT-CHXGMELGSA-N	C41H64O13
C[C@@H]1CC[C@@]2([C@H]([C@H]3[C@@H](O2)C[C@@H]4[C@@]3(CC[C@H]5[C@H]4CC=C6[C@@]5(CC[C@@H](C6)O[C@H]7[C@@H]([C@H]([C@@H]([C@H](O7)CO)O[C@H]8[C@@H]([C@@H]([C@H]([C@@H](O8)C)OC(=O)C)O)O)O)O)C)C)C)OC1	21604057	LJVPVLDIYGZASM-UANGKALUSA-N	C41H64O13
CC(=C)CCC([C@]1([C@H]2CC[C@@]3([C@@]2(CC[C@H]4C3=CC[C@@H]5[C@@]4(CC[C@@H](C5(C)C)O[C@H]6[C@@H]([C@H]([C@@H](CO6)O)O)O[C@H]7[C@@H]([C@H]([C@@H]([C@H](O7)CO)O)O)O)C)C(=O)O1)C)C)O	137635990	RCTIYVXRHIOALD-CQIRVACKSA-N	C41H64O13
C[C@@H]1[C@@H]([C@@H](C[C@@H](O1)O[C@H]2[C@H](O[C@@H](C[C@H]2O)O[C@H]3[C@H](O[C@@H](C[C@H]3O)O[C@H]4CC[C@]5([C@H](C4)CC[C@H]6[C@H]5CC[C@]7([C@@]6(CC[C@H]7C8=CC(=O)OC8)O)C)C)C)C)O)O	124924719	WDJUZGPOPHTGOT-UHEXPZBISA-N	C41H64O13
CCCCCCCC(=O)O[C@H]1/C(=C\C(=O)OC)/C[C@H]2CC(OC(=O)C[C@@H](C[C@@H]3CCC[C@@H](O3)CC4C[C@@H](O[C@@H](O4)/C=C/C([C@@]1(O2)O)(C)C)CC=C)O)CO	59683354	GFSMWTKAOHWHFA-FKZDDXKDSA-N	C41H64O13
C[C@]12CC[C@@H](C([C@@H]1CC[C@@]3([C@@H]2CC=C4[C@]3(CC[C@@]5(C4[C@](C(=C)CC5)(C)O)C(=O)O[C@H]6[C@@H]([C@H]([C@@H]([C@H](O6)CO)O)O)O)C)C)(C)C)O[C@H]7[C@@H]([C@H]([C@@H](CO7)O)O)O	76330498	KZGZUWRLLUWUNP-LFHUUDKLSA-N	C41H64O13
C[C@@H]1[C@H]([C@H](C[C@@H](O1)O[C@@H]2[C@H](O[C@H](C[C@@H]2O)O[C@@H]3[C@H](O[C@H](C[C@@H]3O)O[C@H]4CC[C@]5([C@@H](C4)CCC6C5CC[C@]7([C@@]6(CC[C@@H]7C8=CC(=O)OC8)O)C)C)C)C)O)O	5702041	WDJUZGPOPHTGOT-KSVSUYAUSA-N	C41H64O13
C[C@@]12CC[C@]3(CCC(C=C3[C@H]1CC[C@H]4[C@]2(CC[C@@H]5[C@@]4(CC[C@@H](C5(C)C)O[C@H]6[C@@H]([C@H]([C@@H]([C@H](O6)C(=O)O)O)O[C@H]7[C@@H]([C@H]([C@@H](CO7)O)O)O)O)C)C)(C)C)C(=O)O	10676622	VFFGPYVWPKDJMB-FIHLVUFWSA-N	C41H64O13
CCCCCCCC(=O)O[C@H]1/C(=C/C(=O)OC)/C[C@H]2C[C@@H](OC(=O)C[C@@H](CC3CCC[C@@H](O3)CC4C[C@@H](O[C@@H](O4)/C=C/C([C@@]1(O2)O)(C)C)CC=C)O)CO	121445456	GFSMWTKAOHWHFA-XCRKBMADSA-N	C41H64O13
C[C@]12CC[C@@H](C([C@@H]1CC[C@@]3([C@@H]2CC=C4[C@]3(CC[C@@]5([C@H]4CC(CC5)(C)C)C(=O)O)C)C)(C)C)O[C@H]6[C@@H]([C@H]([C@@H]([C@H](O6)C(=O)O)O)O[C@H]7[C@@H]([C@H]([C@@H](CO7)O)O)O)O	176596	HWYBGIDROCYPOE-WEAQAMGWSA-N	C41H64O13
C[C@H]1[C@H]([C@@H](C[C@H](O1)O[C@H]2[C@H](O[C@H](C[C@H]2O)O[C@H]3[C@H](O[C@H](C[C@H]3O)O[C@@H]4CC[C@@]5([C@@H](C4)CC[C@@H]6[C@@H]5CC[C@]7([C@]6(CC[C@H]7C8=CC(=O)OC8)O)C)C)C)C)O)O	124904056	WDJUZGPOPHTGOT-JPAPTHEBSA-N	C41H64O13
C[C@@H]1C[C@H](C[C@@H](O1)O[C@@H]2[C@H](O[C@H](C[C@@H]2O)O[C@@H]3[C@H](O[C@H](C[C@@H]3O)O[C@H]4CC[C@]5([C@@H](C4)CC[C@@H]6[C@@H]5C[C@H]([C@]7([C@@]6(CC[C@@H]7C8=CC(=O)OC8)O)C)O)C)C)C)O	130324315	XBXRDOXMAGPMGM-RMUYIZLJSA-N	C41H64O13
C[C@H]1[C@H]([C@H](C[C@@H](O1)O[C@@H]2[C@H](O[C@H](C[C@@H]2O)O[C@@H]3[C@H](O[C@H](C[C@@H]3O)O[C@H]4CC[C@]5([C@@H](C4)CCC6[C@@H]5CC[C@]7([C@@]6(CC[C@@H]7C8=CC(=O)OC8)O)C)C)C)C)O)O	124094052	WDJUZGPOPHTGOT-BZGXBTRSSA-N	C41H64O13
CC1C(C(CC(O1)OC2C(OC(CC2O)OC3C(OC(CC3O)OC4CC[C@]5(C(C4)CCC6C5CC[C@]7([C@@]6(CCC7C8=CC(=O)OC8)O)C)C)C)C)O)O	146159575	WDJUZGPOPHTGOT-YKSWRAGNSA-N	C41H64O13
C[C@H]1[C@@H]([C@@H](C[C@H](O1)O[C@@H]2[C@H](O[C@H](C[C@@H]2O)O[C@@H]3[C@H](O[C@H](C[C@@H]3O)O[C@H]4CC[C@]5([C@@H](C4)CCC6C5CC[C@]7([C@@]6(CC[C@@H]7C8=CC(=O)OC8)O)C)C)C)C)O)O	58572343	WDJUZGPOPHTGOT-LNDBHLOQSA-N	C41H64O13
C[C@@H]1C[C@@H](O[C@@H](C1=C)C)CC[C@H]2C(=C)C[C@@H](O2)CCC(=O)CC3[C@@H](C4[C@@H](O3)[C@H]([C@@H]5[C@@H](O4)CC[C@@H](O5)CC(=O)C[C@H]6[C@@H](O[C@@H]([C@@H]6OC)C[C@@H](CO)O)C)O)O	89575759	BWRYXGFOEUSHML-SLIKIHJASA-N	C41H64O13
C[C@@H]1[C@H]([C@H](C[C@@H](O1)O[C@@H]2[C@H](O[C@H](C[C@@H]2O)O[C@@H]3[C@H](O[C@H](C[C@@H]3O)O[C@H]4CC[C@]5([C@@H](C4)CC[C@@H]6[C@@H]5CC[C@]7([C@@]6(CCC7C8=CC(=O)OC8)O)C)C)C)C)O)O	129212370	WDJUZGPOPHTGOT-BKOHHZOYSA-N	C41H64O13
CCCCCCCC(=O)O[C@H]1C(=CC(=O)OC)C[C@H]2C[C@@H](OC(=O)C[C@@H](C[C@@H]3CCC[C@@H](O3)C[C@@H]4CC(O[C@@H](O4)C=CC([C@@]1(O2)O)(C)C)CC=C)O)CO	123923678	GFSMWTKAOHWHFA-OORUCMRWSA-N	C41H64O13
C[C@@H]1[C@H]([C@H](C[C@@H](O1)O[C@@H]2[C@H](OC(C[C@@H]2O)O[C@@H]3[C@H](O[C@H](C[C@@H]3O)O[C@H]4CC[C@]5([C@@H](C4)CC[C@@H]6[C@@H]5CC[C@]7([C@@]6(CC[C@@H]7C8=CC(=O)OC8)O)C)C)C)C)O)O	45073399	WDJUZGPOPHTGOT-HXLIEOQGSA-N	C41H64O13
CC1C(C(CC(O1)OC2C(OC(CC2O)OC3C(OC(CC3O)O[C@@H]4CC[C@@]5([C@H](C4)CC[C@H]6[C@H]5CC[C@@]7([C@]6(CC[C@H]7C8=CC(=O)OC8)O)C)C)C)C)O)O	133688111	WDJUZGPOPHTGOT-VPIXGVKGSA-N	C41H64O13
C[C@H](CCC(=O)C(=C)C)[C@H]1CC[C@@]2([C@@]1(CCC3=C2CC[C@@H]4[C@@]3(CC[C@@H](C4(C)C)O[C@H]5[C@@H]([C@H]([C@H](CO5)O)O)O[C@H]6[C@@H]([C@H]([C@H]([C@H](O6)CO)O)O)O)C)C)C(=O)O	16109766	VKMJXAJBUVITHN-MKYDSGFUSA-N	C41H64O13
CCCCCCCC(=O)O[C@H]1/C(=C/C(=O)OC)/CC2C[C@@H](OC(=O)C[C@@H](C[C@@H]3CCC[C@@H](O3)C[C@@H]4C[C@@H](O[C@@H](O4)/C=C/C([C@@]1(O2)O)(C)C)CC=C)O)CO	42602432	GFSMWTKAOHWHFA-WVVIOYLJSA-N	C41H64O13
C[C@H]1[C@H]([C@H](C[C@H](O1)O[C@H]2[C@H](O[C@H](C[C@H]2O)O[C@H]3[C@H](O[C@H](C[C@H]3O)O[C@@H]4CC[C@@]5([C@@H](C4)CC[C@@H]6[C@@H]5CC[C@]7([C@]6(CC[C@H]7C8=CC(=O)OC8)O)C)C)C)C)O)O	124904057	WDJUZGPOPHTGOT-KHZPZOMVSA-N	C41H64O13
CC1(CCC2(CCC3(C(=CCC4C3(CCC5C4(CCC(C5(C)C)OC6C(C(C(C(O6)C(=O)O)O)OC7C(C(C(CO7)O)O)O)O)C)C)C2C1)C)C(=O)O)C	14162549	HWYBGIDROCYPOE-UHFFFAOYSA-N	C41H64O13
CCCCCCCC(=O)O[C@H]1/C(=C/C(=O)OC)/C[C@H]2C[C@@H](OC(=O)C[C@@H](C[C@@H]3CCCC(O3)CC4C[C@@H](O[C@@H](O4)/C=C/C([C@@]1(O2)O)(C)C)CC=C)O)CO	126700655	GFSMWTKAOHWHFA-VGHHOKBMSA-N	C41H64O13
C[C@@H]1CCC2(C(C3C(O2)CC4[C@@]3(CCC5C4CC=C6[C@@]5([C@@H](C[C@@H](C6)O)O[C@H]7[C@@H]([C@H]([C@H]([C@H](O7)C)O)O)O[C@H]8[C@@H]([C@@H]([C@H]([C@@H](O8)C)O)OC(=O)C)O)C)C)C)OC1	51014259	KSIVGTKSVYIZEB-BOIVFICQSA-N	C41H64O13
CC[C@H]1[C@H](C2C3CC[C@@H]([C@]3(CCC2[C@@]4([C@]1(C[C@@H](CC4)O[C@H]5[C@@H]([C@H]([C@@H]([C@H](O5)C(=O)OC)OC(=O)C)OC(=O)C)OC(=O)C)C)C)C)[C@H](C)CCC(=O)OC)O	142522353	DHFJQECZISBOCL-UAVAPLEQSA-N	C41H64O13
C[C@H]1CC[C@]2([C@@H]([C@@H]3[C@H](O2)C[C@H]4[C@]3(CC[C@@H]5[C@@H]4CC=C6[C@]5([C@H](C[C@H](C6)O)O[C@@H]7[C@H]([C@@H]([C@@H]([C@@H](O7)C)O)O)O[C@@H]8[C@H]([C@H]([C@@H]([C@H](O8)C)O)OC(=O)C)O)C)C)C)OC1	133562568	KSIVGTKSVYIZEB-UBURTWNWSA-N	C41H64O13
C[C@]12CC[C@@H](C([C@@H]1CC[C@@]3([C@@H]2CC=C4[C@]3(CC[C@@]5([C@H]4CC(CC5)(C)C)C(=O)O)C)C)(C)C)O[C@H]6[C@@H]([C@H]([C@@H]([C@H](O6)C(=O)O)O)O[C@H]7[C@H]([C@@H]([C@@H](CO7)O)O)O)O	101532861	HWYBGIDROCYPOE-SJUKFGBOSA-N	C41H64O13
C[C@@H]1[C@H]([C@H](C[C@@H](O1)O[C@@H]2[C@H](O[C@H](C[C@@H]2O)O[C@@H]3[C@H](O[C@H](C[C@@H]3O)O[C@H]4CC[C@]5([C@@H](C4)CC[C@@H]6[C@@H]5CC[C@]7(C6(CC[C@@H]7C8=CC(=O)OC8)O)C)C)C)C)O)O	73897304	WDJUZGPOPHTGOT-XKHQMGBBSA-N	C41H64O13
C/C=C(\C)/C(=O)OC[C@@]12[C@H](C[C@@]3(C(=CC[C@H]4[C@]3(CC[C@H]5[C@@]4(CC[C@@H]([C@@]5(C)CO)O[C@H]6[C@@H]([C@H]([C@@H]([C@H](O6)C(=O)O)O)O)O)C)C)[C@@H]1CC([C@H]([C@@H]2O)O)(C)C)C)O	71721531	OMWZCLUNZCIVBN-UOPHPJGHSA-N	C41H64O13
CC(=C)[C@@H]1CC[C@]2([C@H]1[C@H]3CC[C@@H]4[C@]5(CCC(C([C@@H]5CC[C@]4([C@@]3(CC2)C)C)(C)C)O[C@@H]6[C@H]([C@H]([C@H](O[C@H]6O)C(=O)O)O)OC7C(C(C(CO7)O)O)O)C)C(=O)O	70072283	KQFNFKBFEHQBGO-JWEDHHMSSA-N	C41H64O13
C[C@H]1[C@@H]([C@@H](C[C@@H](O1)O[C@@H]2[C@H](O[C@H](C[C@@H]2OC)O[C@H]3CC[C@@]4([C@H]5C[C@H]([C@@]6([C@@](CC[C@@]6([C@@]5(CC=C4C3)O)O)(C(=O)C)O)C)OC(=O)/C=C(\C)/C(C)C)C)C)O)O	101556121	LDZDDVLCTHSLTO-RQBRPYGJSA-N	C41H64O13
CC(=C)[C@@H]1CC[C@]2(C1[C@H]3CC[C@@H]4[C@]5(CC[C@@H](C(C5CC[C@]4([C@@]3(CC2)C)C)(C)C)O[C@H]6[C@@H]([C@H]([C@@H]([C@H](O6)C(=O)O)O)O)O[C@H]7[C@@H]([C@H]([C@@H](CO7)O)O)O)C)C(=O)O	10747728	XYJCCFXORKGKBP-RLEITOBQSA-N	C41H64O13
C[C@H](C#C[C@]12[C@](O1)(C[C@H](CC2(C)C)OC(=O)C)C)O[C@H]3[C@@H]([C@H]([C@@H]([C@H](O3)COC(=O)C(C)(C)C)OC(=O)C(C)(C)C)OC(=O)C(C)(C)C)OC(=O)C(C)(C)C	11050980	ZOCLTYJOBCDMPM-BRFKZJSGSA-N	C41H64O13
CC=C(C)C(=O)OC1C(C2(C(CC1(C)C)C3=CCC4C5(CCC(C(C5CCC4(C3(CC2O)C)C)(C)CO)OC6C(C(C(C(O6)C(=O)O)O)O)O)C)CO)O	72729199	UOZWTEQSPIEUHT-UHFFFAOYSA-N	C41H64O13
C[C@@H]1CC2CCC3C(=C)CC(O3)CCCOCC[C@@H]4C([C@H]5C(O4)C([C@@H]6C(O5)CCC(O6)CC(=O)CC7[C@H](C(OC7CC(C1=C)O2)CC(CO)O)OC)O)O	139316013	LFLKWHYFGIOAHH-BXSXKPPGSA-N	C41H64O13
CCCCCCCC(=O)O[C@H]1/C(=C/C(=O)OC)/C[C@H]2CC(OC(=O)C[C@@H](C[C@@H]3CCCC(O3)CC4CC(O[C@@H](O4)/C=C/C([C@@]1(O2)O)(C)C)CC=C)O)CO	117660168	GFSMWTKAOHWHFA-REKGGPKESA-N	C41H64O13
C[C@H]1[C@@H]([C@@H](C[C@H](O1)O[C@H]2[C@H](O[C@H](C[C@H]2O)O[C@H]3[C@H](O[C@H](C[C@H]3O)O[C@@H]4CC[C@@]5([C@@H](C4)CC[C@@H]6[C@@H]5CC[C@]7([C@]6(CC[C@H]7C8=CC(=O)OC8)O)C)C)C)C)O)O	124904055	WDJUZGPOPHTGOT-DDHHJZLQSA-N	C41H64O13
C[C@@H]1[C@H]([C@H](C[C@@H](O1)O[C@@H]2[C@H](O[C@H](O[C@@H]2O)O[C@@H]3[C@H](O[C@H](C[C@@H]3O)O[C@H]4CC[C@]5([C@@H](C4)CCC6[C@@H]5CC[C@]7([C@@]6(CC[C@@H]7C8=CC(=C)OC8)O)C)C)C)C)O)O	124094016	KTRKQABWFDFEHH-MXUXOHQLSA-N	C41H64O13
CCC1C(C(C/C(=C/C=C/C(C(OC(=O)/C(=C/C(=C/C(C1O)C)/C)/OC)C(C)C(C(C)C2(CC(C(C(O2)C)C)OC(=O)/C=C/C(=O)O)O)O)OC)/C)C)O	6438732	FFXNCZHMXIHYJQ-DSRXPEASSA-N	C41H64O13
C[C@@H]1CC[C@@]2(CC[C@@]3(C(=CC[C@H]4[C@]3(CC[C@@H]5[C@@]4(CC[C@@H]([C@@]5(C)CO)O[C@H]6[C@@H]([C@H]([C@H](CO6)O)O)O)C)C)[C@@H]2C1=C)C)C(=O)O[C@H]7[C@@H]([C@H]([C@@H]([C@H](O7)CO)O)O)O	11104682	LJCUOMZSVKPSBW-PAUAZMGASA-N	C41H64O13
C[C@@H]1[C@@H]([C@H](C[C@@H](O1)O[C@H]2[C@H](O[C@H](C[C@@H]2O)O[C@H]3[C@H](O[C@H](C[C@@H]3O)O[C@H]4CC[C@]5([C@@H](C4)CC[C@@H]6[C@@H]5CC[C@]7([C@@]6(CC[C@@H]7C8=CC(=O)OC8)O)C)C)C)C)O)O	15558269	WDJUZGPOPHTGOT-QLHMFLTHSA-N	C41H64O13
C[C@@H](C#C[C@]12[C@](O1)(C[C@H](CC2(C)C)OC(=O)C)C)O[C@H]3[C@@H]([C@H]([C@@H]([C@H](O3)COC(=O)C(C)(C)C)OC(=O)C(C)(C)C)OC(=O)C(C)(C)C)OC(=O)C(C)(C)C	10996317	ZOCLTYJOBCDMPM-VUQCNOJASA-N	C41H64O13
C[C@H]1[C@@H]([C@H]([C@H]([C@@H](O1)O[C@@H]2[C@H]([C@H](CO[C@H]2O[C@H]3CC[C@]4([C@H](C3(C)C)CC[C@@]5([C@@H]4CC=C6[C@]5(CC[C@@]7([C@H]6C[C@](CC7)(C)C(=O)O)C(=O)O)C)C)C)O)O)O)O)O	11993929	GBMCCWVDXLJPRP-SRGMAGLSSA-N	C41H64O13
CCCCCCCC(=O)O[C@H]1/C(=C/C(=O)OC)/C[C@H]2C[C@@H](OC(=O)C[C@@H](C[C@@H]3CCC[C@@H](O3)C[C@@H]4CC(O[C@@H](O4)/C=C/C([C@@]1(O2)O)(C)C)CC=C)O)CO	59566103	GFSMWTKAOHWHFA-VSOHBVLHSA-N	C41H64O13
C[C@]12CC[C@@H](C([C@@H]1CC[C@@]3([C@@H]2CCC4=C5CC(CC[C@@]5(CC[C@]43C)C(=O)O)(C)C)C)(C)C)O[C@H]6[C@@H]([C@H]([C@@H]([C@H](O6)C(=O)O)O)O[C@H]7[C@@H]([C@H]([C@@H](CO7)O)O)O)O	177399	UFYCLHBSIKXUBO-PFDCPPQJSA-N	C41H64O13
C[C@@H]1[C@H]([C@H](C[C@H](O1)O[C@@H]2[C@H](O[C@H](C[C@@H]2O)O[C@@H]3[C@H](O[C@H](C[C@@H]3O)O[C@H]4CC[C@]5([C@@H](C4)CC[C@@H]6[C@@H]5CC[C@]7([C@@]6(CC[C@@H]7C8=CC(=O)OC8)O)C)C)C)C)O)O	154700044	WDJUZGPOPHTGOT-UWWSFERISA-N	C41H64O13
CC(=C)[C@@H]1CC[C@]2([C@H]1[C@H]3CC[C@@H]4[C@]5(CC[C@@H](C([C@@H]5CC[C@]4([C@@]3(CC2)C)C)(C)C)O[C@H]6[C@@H]([C@H]([C@@H]([C@H](O6)C(=O)O)O)O[C@H]7[C@@H]([C@H]([C@@H](CO7)O)O)O)O)C)C(=O)O	15819493	FATHCRLYTUASTE-ZDJWHLNDSA-N	C41H64O13
C[C@H](CC[C@@]1(CC[C@@]2(C(=C1)C=C[C@H]3[C@]2(CC[C@@H]4[C@@]3(CC[C@@H](C4(C)C)O[C@H]5[C@@H]([C@H]([C@H](CO5)O)O[C@H]6[C@@H]([C@H]([C@@H]([C@H](O6)CO)O)O)O)O)C)C)C)C(=O)O)C(=O)C	21636629	VSBDIJXQSPDVKD-PFCKPJQUSA-N	C41H64O13
C[C@@H]1[C@H]([C@H](C[C@@H](O1)O[C@@H]2[C@H](O[C@H](C[C@@H]2O)O[C@@H]3[C@H](O[C@H](C[C@@H]3O)O[C@H]4CC[C@]5(C(C4)CCC6C5CC[C@]7([C@@]6(CC[C@@H]7C8=CC(=O)OC8)O)C)C)C)C)O)O	53238302	WDJUZGPOPHTGOT-NNQFZJTCSA-N	C41H64O13
C[C@@H]1[C@H]([C@H](C[C@@H](O1)O[C@@H]2[C@H](O[C@H](C[C@@H]2O)O[C@@H]3[C@H](O[C@H](C[C@@H]3O)O[C@H]4CC[C@]5([C@@H](C4)CC[C@@H]6[C@@H]5CCC7([C@@]6(CCC7C8=CC(=O)OC8)O)C)C)C)C)O)O	129213877	WDJUZGPOPHTGOT-CGSXDQRQSA-N	C41H64O13
C[C@H]1[C@H]([C@H](C[C@H](O1)O[C@H]2[C@@H](O[C@@H](C[C@@H]2O)O[C@H]3[C@H](O[C@H](C[C@H]3O)O[C@H]4CC[C@]5([C@@H](C4)CC[C@@H]6[C@@H]5CC[C@]7([C@@]6(CC[C@H]7C8=CC(=O)OC8)O)C)C)C)C)O)O	154496480	WDJUZGPOPHTGOT-OAXVISGBSA-N	C41H64O13
CC1C(CCC(O1)OC2CCC3(C(C2)CCC4C3CC(C5(C4(CCC5C6=CC(=O)OC6)O)C)O)C)OC7CC(C(C(O7)C)OC8CC(C(C(O8)C)O)O)O	90972946	AXVBKJIVQGWOGD-UHFFFAOYSA-N	C41H64O13
C[C@@H]1CC[C@@]2(CC[C@@]3(C(=CC[C@H]4[C@]3(CC[C@@H]5[C@@]4(CC[C@@H]([C@@]5(C)CO)O[C@H]6[C@@H]([C@H]([C@@H](CO6)O)O)O)C)C)C2=C1C)C)C(=O)O[C@H]7[C@@H]([C@H]([C@@H]([C@H](O7)CO)O)O)O	16216647	SPUDUDKXAYSWJF-YNGDLQNLSA-N	C41H64O13
C[C@@H]1CC[C@@]2([C@H]([C@H]3[C@@H](O2)C[C@@H]4[C@@]3(CC[C@H]5[C@H]4CC=C6[C@@]5([C@@H](C[C@@H](C6)O)O[C@@H]7[C@@H]([C@H]([C@H]([C@H](O7)C)O)O)O[C@H]8[C@@H]([C@@H]([C@H]([C@@H](O8)C)O)OC(=O)C)O)C)C)C)OC1	91668492	KSIVGTKSVYIZEB-SMEYLFPLSA-N	C41H64O13
CCCCCCCC(=O)O[C@H]1/C(=C/C(=O)OC)/C[C@H]2CC(OC(=O)C[C@@H](C[C@@H]3CCCC(O3)CC4C[C@@H](OC(O4)/C=C/C([C@@]1(O2)O)(C)C)CC=C)O)CO	59646120	GFSMWTKAOHWHFA-LQSYIUQPSA-N	C41H64O13
C[C@@H]1CC[C@]2([C@H]([C@H]3[C@@H](O2)C[C@@H]4[C@@]3(CC[C@H]5[C@H]4CC=C6[C@@]5(CC[C@@H](C6)OC7[C@@H]([C@H]([C@@H]([C@H](O7)COC(=O)C)O)O)OC8[C@@H]([C@@H]([C@H]([C@@H](O8)C)O)O)O)C)C)C)OC1	25099123	ASIKDPMUBWNLKF-AUEHIVFTSA-N	C41H64O13
CC1[C@@H]([C@@H](C[C@@H](O1)O[C@@H]2[C@@H](C[C@@H](OC2C)O[C@@H]3[C@@H](C[C@@H](OC3C)O[C@H]4CC[C@]5([C@@H](C4)CCC6C5CC[C@]7([C@@]6(CC[C@@H]7C8=CC(=O)OC8)O)C)C)O)O)O)O	59383291	WDJUZGPOPHTGOT-BCUXUOHRSA-N	C41H64O13
C[C@@H]1[C@@H]([C@H]([C@H]([C@@H](O1)O[C@@H]2[C@H]([C@H](CO[C@H]2O[C@H]3CC[C@]4([C@H]([C@]3(C)CO)CC[C@@]5([C@@H]4CC(=O)[C@@]67[C@]5(CC[C@@]8([C@H]6CC(CC8)(C)C)C(=O)O7)C)C)C)O)O)O)O)O	137640825	VACHVGOMMMERCY-YTQGCYIDSA-N	C41H64O13
C[C@]12CC[C@@H](C(C1CC[C@@]3(C2CC=C4[C@]3(CC[C@@]5([C@H]4CC(CC5)(C)C)C(=O)O)C)C)(C)C)O[C@H]6[C@@H]([C@H]([C@@H]([C@H](O6)C(=O)O)O)O[C@H]7[C@@H]([C@H]([C@@H](CO7)O)O)O)O	10101677	HWYBGIDROCYPOE-ZBPKMQDPSA-N	C41H64O13
C[C@H](C#C[C@@]12[C@@](O1)(C[C@H](CC2(C)C)O[C@H]3[C@@H]([C@H]([C@@H]([C@H](O3)COC(=O)C(C)(C)C)OC(=O)C(C)(C)C)OC(=O)C(C)(C)C)OC(=O)C(C)(C)C)C)OC(=O)C	10876440	NXKFYFNZPKLDLH-HAROQNTDSA-N	C41H64O13
C[C@@H]1CC[C@@]2(CC[C@@]3(C(=CC[C@H]4[C@]3(CC[C@@H]5[C@@]4(CC[C@@H](C5(C)C)O[C@H]6[C@@H]([C@H]([C@@H]([C@H](O6)C)O)O)O[C@H]7[C@@H]([C@H]([C@@H](CO7)O)O)O)C)C)[C@@H]2[C@H]1C)C(=O)O)C(=O)O	101579937	CRTSEEJTRISWNE-KLTBNGOISA-N	C41H64O13
CC(=C)[C@@H]1CC[C@H]2[C@H]1[C@H]3CCC4[C@]5(CCC(C([C@@H]5CC([C@]4([C@@]3(CC2)C)C)C(=O)O)(C)C)O[C@H]6[C@@H]([C@H]([C@@H]([C@H](O6)C(=O)O)O)O[C@H]7[C@@H]([C@H]([C@@H](CO7)O)O)O)O)C	70072437	MESQEKIZSMLSCZ-HGJCFCKKSA-N	C41H64O13
C[C@@H]1[C@H]([C@H]([C@H]([C@H](O1)O[C@@H]2[C@H]([C@@H](CO[C@@H]2O[C@H]3CC[C@]4([C@H](C3(C)C)CC[C@]5([C@@H]4C[C@H](C6=C7[C@](C8(CC[C@]7(CC[C@@]65C)C(=O)O8)C)(C)O)O)C)C)O)O)O)O)O	101767092	SJXTZRXLMREHNE-XISIDXJTSA-N	C41H64O13
C[C@]12CC[C@@H]([C@@]([C@@H]1CC[C@@]3([C@@H]2CC=C4[C@]3(CC[C@@]5([C@H]4CC(CC5=O)(C)C)C)C)C)(C)CO)O[C@H]6[C@@H]([C@H]([C@@H]([C@H](O6)C(=O)O)O)O)O[C@H]7[C@@H]([C@H]([C@H](CO7)O)O)O	101859300	OCRCSTBIDCSSGA-NCKQCJEZSA-N	C41H64O13
CC1[C@H]([C@@H](C[C@@H](O1)O[C@H]2[C@@H](C[C@@H](OC2C)O[C@H]3[C@@H](C[C@@H](OC3C)O[C@H]4CC[C@]5([C@@H](C4)CCC6C5CC[C@]7([C@@]6(CC[C@@H]7C8=CC(=O)OC8)O)C)C)O)O)O)O	70837725	WDJUZGPOPHTGOT-LPNYIZLASA-N	C41H64O13
C[C@]12CC[C@H](C(C1CC[C@@]3(C2CC=C4[C@]3(CC[C@@]5([C@@H]4CC(CC5)(C)C)C(=O)O)C)C)(C)C)O[C@H]6[C@@H]([C@H]([C@@H]([C@H](O6)C(=O)O)O)O[C@H]7[C@@H]([C@H]([C@@H](CO7)O)O)O)O	131676211	HWYBGIDROCYPOE-GACSSEHMSA-N	C41H64O13
C[C@@H]1[C@@H]([C@H](C[C@@H](O1)O[C@H]2[C@H](O[C@@H](C[C@H]2O)O[C@H]3[C@H](O[C@@H](C[C@H]3O)O[C@H]4CC[C@]5([C@H](C4)CC[C@H]6[C@H]5CC[C@]7([C@@]6(CC[C@H]7C8=CC(=O)OC8)O)C)C)C)C)O)O	124924717	WDJUZGPOPHTGOT-FVLPZQTFSA-N	C41H64O13
CCCCCCCC(=O)O[C@H]1C(=CC(=O)OC)C[C@H]2C[C@@H](OC(=O)C[C@@H](CC3CCCC(O3)CC4C[C@@H](O[C@@H](O4)C=CC([C@@]1(O2)O)(C)C)CC=C)O)CO	123216547	GFSMWTKAOHWHFA-DGMWHXSVSA-N	C41H64O13
C[C@@H]1[C@@H]([C@H](C[C@H](O1)O[C@H]2[C@H](O[C@@H](C[C@@H]2O)O[C@H]3[C@H](O[C@H](C[C@@H]3O)O[C@H]4CC[C@@]5([C@@H](C4)CC[C@H]6[C@@H]5CC[C@]7([C@@]6(CC[C@H]7C8=CC(=O)OC8)O)C)C)C)C)O)O	15558252	WDJUZGPOPHTGOT-CJCOGRRXSA-N	C41H64O13
CC(=C)[C@@H]1CC[C@]2([C@H]1[C@H]3CCC4[C@]5(CCC(C([C@@H]5CC[C@]4([C@@]3(CC2)C)C)(C)C)O[C@H]6[C@@H]([C@H]([C@@H]([C@H](O6)C(=O)O)O)O)O[C@H]7[C@@H]([C@H]([C@@H](CO7)O)O)O)C)C(=O)O	70073103	XYJCCFXORKGKBP-LQPYZXISSA-N	C41H64O13
C[C@]12CC[C@@H](C(C1CC[C@@]3(C2CC=C4[C@]3(CC[C@@]5(C4CC(CC5)(C)C)C(=O)O)C)C)(C)C)O[C@H]6[C@@H]([C@H]([C@@H]([C@H](O6)C(=O)O)O[C@H]7[C@@H]([C@H]([C@@H](CO7)O)O)O)O)O	23786416	SQKCZDVVALPUHF-XDMNBDHZSA-N	C41H64O13
CCCCCCCC(=O)O[C@H]1/C(=C/C(=O)OC)/C[C@H]2C[C@@H](OC(=O)C[C@@H](C[C@@H]3CCC[C@@H](O3)C[C@@H]4C[C@@H](O[C@@H](O4)/C=C\C([C@@]1(O2)O)(C)C)CC=C)O)CO	42616075	GFSMWTKAOHWHFA-SENZIDMBSA-N	C41H64O13
C/C=C(\C)/C(=O)O[C@H]1[C@@H]([C@@]2([C@H](C[C@@]3(C(=CC[C@H]4[C@]3(CC[C@H]5[C@@]4(CC[C@@H]([C@@]5(C)CO)O[C@H]6[C@@H]([C@H]([C@@H]([C@H](O6)C(=O)O)O)O)O)C)C)[C@@H]2CC1(C)C)C)O)CO)O	71721534	UOZWTEQSPIEUHT-UOPHPJGHSA-N	C41H64O13
C[C@]12CC[C@@H](C([C@H]1CC[C@@]3([C@H]2CC=C4[C@]3(CC[C@@]5([C@H]4CC(CC5)(C)C)C(=O)O)C)C)(C)C)O[C@H]6[C@@H]([C@H]([C@@H]([C@H](O6)C(=O)O)O[C@H]7[C@@H]([C@H]([C@@H](CO7)O)O)O)O)O	10327818	SQKCZDVVALPUHF-QSLMPVAPSA-N	C41H64O13
[2H]C1=C(C(OC1=O)([2H])[2H])[C@H]2CC[C@]3([C@@]2(CC[C@H]4[C@H]3CC[C@H]5[C@@]4(CC[C@@H](C5)O[C@H]6C[C@@H]([C@@H]([C@H](O6)C)O[C@H]7C[C@@H]([C@@H]([C@H](O7)C)O[C@H]8C[C@@H]([C@@H]([C@H](O8)C)O)O)O)O)C)C)O	101378246	WDJUZGPOPHTGOT-MLJJPVATSA-N	C41H64O13
C[C@@H]1[C@H]([C@H](C[C@@H](O1)O[C@@H]2[C@H](O[C@H](C[C@@H]2O)O[C@@H]3[C@H](O[C@H](C[C@@H]3O)OC4CCC5(C(C4)CCC6C5CCC7(C6(CCC7C8=CC(=O)OC8)O)C)C)C)C)O)O	86820653	WDJUZGPOPHTGOT-ZQZXMLMPSA-N	C41H64O13
CCCCCCCC(=O)O[C@H]1C(=CC(=O)OC)C[C@H]2CC(OC(=O)C[C@@H](C[C@@H]3CCCC(O3)CC4C[C@@H](OC(O4)C=CC([C@@]1(O2)O)(C)C)CC=C)O)CO	91049163	GFSMWTKAOHWHFA-RNFPOUSCSA-N	C41H64O13
C[C@@H]1[C@H]([C@H]([C@H]([C@H](O1)O[C@@H]2[C@H]([C@@H](CO[C@@H]2O[C@@H]3CC[C@@]4([C@H](C3(C)C)CC[C@]5([C@@H]4[C@H](CC6=C7[C@]([C@]8(CC[C@]7(CC[C@@]65C)C(=O)O8)C)(C)O)O)C)C)O)O)O)O)O	101767087	ZCLOTHNFIJHYQX-NWCIXCATSA-N	C41H64O13
C[C@@H]1[C@H]([C@H](C[C@@H](O1)O[C@@H]2[C@H](O[C@H](C[C@@H]2O)O[C@@H]3[C@H](O[C@H](C[C@@H]3O)O[C@H]4CC[C@@]5([C@H]6CC[C@@]7([C@H](CC[C@@]7(C6CCC5C4)O)C8=CC(=O)OC8)C)C)C)C)O)O	10078873	WDJUZGPOPHTGOT-FLBGZGSTSA-N	C41H64O13
C[C@H]1[C@H]([C@@H](C[C@@H](O1)O[C@@H]2[C@H](O[C@H](C[C@H]2O)O[C@@H]3[C@H](O[C@H](C[C@H]3O)O[C@H]4CC[C@]5([C@@H](C4)CC[C@@H]6[C@@H]5CC[C@]7([C@@]6(CC[C@@H]7C8=CC(=O)OC8)O)C)C)C)C)O)O	124516876	WDJUZGPOPHTGOT-VTRJRKIJSA-N	C41H64O13
C[C@@H]1C[C@@H](O[C@@H](C1=C)C)CC[C@H]2C(=C)C[C@@H](O2)CCC(=O)CC3[C@@H]([C@H]4[C@@H](O3)[C@H]([C@@H]5[C@@H](O4)CC[C@@H](O5)CC(=O)C[C@H]6[C@@H](O[C@@H]([C@@H]6OC)C[C@@H](CO)O)C)O)O	135242451	BWRYXGFOEUSHML-PDQWOOFDSA-N	C41H64O13
C[C@]12CCC(C(C1CC[C@@]3([C@@H]2CC=C4[C@]3(CC[C@@]5([C@@H]4CC(=C)CC5)C(=O)O[C@H]6[C@@H]([C@H]([C@@H]([C@H](O6)CO)O)O)O)C)C)(C)C)O[C@H]7[C@@H]([C@H]([C@@H]([C@H](O7)CO)O)O)O	11997922	NCZACKWITFYXER-BBECPQLISA-N	C41H64O13
C[C@@H]1C[C@@H]2CCC3C(=C)CC(O3)CCC(=O)CCOC4C([C@@H]5C(CCC(O5)CC(=O)CC6[C@H](CC(C1=C)O2)OC([C@@H]6OC)CC(CO)O)OC4C(C)O)O	130179069	SLAUZWWZPBAVKL-UXVZXANJSA-N	C41H64O13
C[C@@H]1[C@H]([C@@H](C[C@@H](O1)O[C@H]2[C@H](O[C@@H](C[C@H]2O)O[C@H]3[C@H](O[C@@H](C[C@H]3O)O[C@H]4CC[C@]5([C@H](C4)CC[C@H]6[C@H]5CC[C@]7([C@@]6(CC[C@H]7C8=CC(=O)OC8)O)C)C)C)C)O)O	124924718	WDJUZGPOPHTGOT-LQTYXQLKSA-N	C41H64O13
C[C@H]1CC[C@@]2([C@H]([C@H]3[C@@H](O2)C[C@@H]4[C@@]3(CC[C@H]5[C@H]4CC=C6[C@@]5([C@@H](C[C@@H](C6)O)O[C@H]7[C@@H]([C@H]([C@H]([C@H](O7)C)O)O)O[C@H]8[C@@H]([C@@H]([C@H]([C@@H](O8)C)O)OC(=O)C)O)C)C)C)OC1	91973810	KSIVGTKSVYIZEB-ZAVODWKASA-N	C41H64O13
C[C@@H]1CC[C@@]2([C@H]([C@H]3[C@@H](O2)C[C@@H]4[C@@]3(CC[C@H]5[C@H]4CC=C6[C@]5([C@@H](C[C@@H](C6)O)O[C@@H]7[C@@H]([C@H]([C@H]([C@H](O7)C)O)O)O[C@H]8[C@@H]([C@@H]([C@H]([C@@H](O8)C)O)OC(=O)C)O)C)C)C)OC1	91798589	KSIVGTKSVYIZEB-PRICWPPXSA-N	C41H64O13
C[C@@H]1[C@H]([C@H](C[C@@H](O1)O[C@@H]2[C@H](O[C@H](C[C@@H]2O)O[C@@H]3[C@H](O[C@H](C[C@@H]3O)O[C@H]4CC[C@]5([C@@H](C4)CC[C@@H]6[C@@H]5CC[C@]7([C@@]6(CC[C@@H]7C8=CC(=O)OC8)O)C)C)C)C)O)O	441207	WDJUZGPOPHTGOT-XUDUSOBPSA-N	C41H64O13
C[C@]12CC[C@@H](C(C1CC[C@@]3(C2CC=C4[C@]3(C[C@H]([C@]56[C@H]4CC([C@H](C5)OC6=O)(C)C)O)C)C)(C)C)O[C@H]7[C@@H]([C@H]([C@@H]([C@H](O7)CO[C@H]8[C@@H]([C@H]([C@H](CO8)O)O)O)O)O)O	10842854	YMNUAVJTBGUEFW-ZXHXVBIHSA-N	C41H64O13
C[C@H]1[C@@H]([C@H]([C@H]([C@@H](O1)O[C@@H]2[C@H]([C@H](CO[C@H]2O[C@H]3CC[C@]4([C@H](C3(C)C)CC[C@@]5([C@@H]4[C@H](CC6=C7[C@]([C@@]8(CC[C@@]7(CC[C@]65C)C(=O)O8)C)(C)O)O)C)C)O)O)O)O)O	21593975	ZCLOTHNFIJHYQX-MRYPZGNJSA-N	C41H64O13
C[C@@H]1[C@H]([C@H](CC(O1)O[C@@H]2[C@H](OC(C[C@H]2O)O[C@@H]3[C@H](O[C@H](C[C@@H]3O)O[C@H]4CC[C@]5([C@@H](C4)CC[C@@H]6[C@@H]5CC[C@]7([C@@]6(CC[C@@H]7C8=CC(=O)OC8)O)C)C)C)C)O)O	45358123	WDJUZGPOPHTGOT-DOMBIWABSA-N	C41H64O13
CCCCCCCC(=O)O[C@H]1/C(=C/C(=O)OC)/C[C@H]2C[C@@H](OC(=O)C[C@@H](CC3CCCC(O3)CC4C[C@@H](O[C@@H](O4)/C=C/C([C@@]1(O2)O)(C)C)CC=C)O)CO	58078442	GFSMWTKAOHWHFA-KBEMVTBSSA-N	C41H64O13
C[C@H]1C[C@H](O[C@@H]([C@@H]1O[C@@H]2O[C@@H]([C@H]([C@H](O2)O)O[C@H]3C[C@@H]([C@@H]([C@H](O3)C)O)O)C)O)O[C@H]4CC[C@]5([C@@H](C4)CCC6[C@@H]5CC[C@]7([C@@]6(CC[C@@H]7C8=CC(=C)OC8)O)C)C	89988539	RGRUXVGTTPYGIQ-HLSNFFHZSA-N	C41H64O13
C[C@H]1/C=C/C=C/CC/C=C/C=C/C=C/C=C/[C@@H](C[C@H]2[C@@H]([C@H](C[C@](O2)(C[C@H](C[C@H](CCC[C@H](C[C@H](CC(=O)O[C@H]([C@@H]([C@@H]1O)C)C)O)O)O)O)O)O)C(=O)O)O	10212590	QEJJLDJLCQGXFK-YCWZHECQSA-N	C41H64O13
C[C@]12CC[C@@H](C(C1CC[C@@]3(C2CC=C4[C@]3(CC[C@@]5([C@H]4CC(CC5)(C)C)C(=O)O)C)C)(C)C)O[C@H]6[C@@H]([C@H]([C@@H]([C@H](O6)C(=O)O)O)O[C@H]7[C@@H]([C@H]([C@H](CO7)O)O)O)O	10440151	HWYBGIDROCYPOE-PPWYEZKPSA-N	C41H64O13
CCCCCCCC(=O)O[C@H]1C(=CC(=O)OC)C[C@H]2C[C@@H](OC(=O)C[C@@H](C[C@@H]3CCCC(O3)CC4C[C@@H](O[C@@H](O4)C=CC([C@@]1(O2)O)(C)C)CC=C)O)CO	123917823	GFSMWTKAOHWHFA-AEFMVXICSA-N	C41H64O13
C[C@H]1[C@@H]([C@H]([C@H]([C@@H](O1)O[C@@H]2[C@H]([C@@H]([C@H](O[C@H]2O[C@H]3CC[C@]4(C(C3(C)C)CC[C@@]5(C4CC=C6[C@]5(CC(=O)[C@@]7(C6CC(CC7)(C)C)O)C)C)C)C(=O)O)O)O)O)O)O	16103936	JNIGWXXLGZBJOT-OMDIBXJOSA-N	C41H64O13
C[C@H]1[C@@H]([C@H](C[C@H](O1)O[C@H]2[C@H](O[C@H](C[C@H]2O)O[C@H]3[C@H](O[C@H](C[C@H]3O)O[C@@H]4CC[C@@]5([C@@H](C4)CC[C@@H]6[C@@H]5CC[C@]7([C@]6(CC[C@H]7C8=CC(=O)OC8)O)C)C)C)C)O)O	124904058	WDJUZGPOPHTGOT-PPEUTASDSA-N	C41H64O13
CC1C(C(CC(O1)OC2C(OC(CC2O)OC3C(OC(CC3O)O[C@H]4CC[C@]5([C@@H](C4)CC[C@@H]6[C@@H]5CC[C@]7([C@@]6(CC[C@@H]7C8=CC(=O)OC8)O)C)C)C)C)O)O	135001586	WDJUZGPOPHTGOT-CFPTUWOPSA-N	C41H64O13
CCCC(=O)O[C@@H]1[C@H]([C@@]2(O[C@@H]([C@]([C@]1(O2)C(=O)OC(C)(C)C)(C(=O)OC(C)(C)C)O)C(=O)OC(C)(C)C)CCCCCCC3=CC=CC=C3)OC(C)(C)OC	10372986	OLVOTFLTQPFQON-SLPHWZBFSA-N	C41H64O13
C/C=C(\C)/C(=O)OC[C@@]12[C@H](C[C@@]3(C(=CC[C@H]4[C@]3(CC[C@@H]5[C@@]4(CC[C@@H]([C@@]5(C)CO)O[C@H]6[C@@H]([C@H]([C@@H]([C@H](O6)C(=O)O)O)O)O)C)C)[C@@H]1CC([C@H]([C@@H]2O)O)(C)C)C)O	14258866	OMWZCLUNZCIVBN-LHNBZPRDSA-N	C41H64O13
C[C@@H]1CC2CCC3C(=C)CC(O3)CCC(=O)C[C@@H]4C([C@@H](C(O4)C([C@@H]5CCCC(O5)CC(=O)CC6[C@H](CC(C1=C)O2)OC([C@@H]6OC)CC(CO)O)O)OC)O	147701863	GTAALWIIHLHPAJ-VEEZXOAYSA-N	C41H64O13
C[C@@H]1[C@@H]([C@H]([C@H]([C@@H](O1)O[C@@H]2[C@H]([C@H](CO[C@H]2O[C@H]3CC[C@]4([C@H]([C@]3(C)CO)CC[C@@]5([C@@H]4C(=O)C=C6[C@]5(CC[C@@]7([C@H]6CC(CC7)(C)C)C(=O)O)C)C)C)O)O)O)O)O	137659771	ALPPLWOEPYTWJF-QHFNFCRCSA-N	C41H64O13
C/C=C(\C)/C(=O)O[C@H]1[C@@H]([C@@]2([C@H](C[C@@]3(C(=CC[C@H]4[C@]3(CCC5[C@@]4(CC[C@@H]([C@@]5(C)CO)O[C@H]6[C@@H]([C@H]([C@@H]([C@H](O6)C(=O)O)O)O)O)C)C)C2CC1(C)C)C)O)CO)O	9987715	UOZWTEQSPIEUHT-VVBCZAQRSA-N	C41H64O13
C[C@@H]1[C@H]([C@H](C[C@H](O1)O[C@@H]2[C@H](O[C@@H](C[C@@H]2O)O[C@@H]3[C@H](O[C@@H](C[C@@H]3O)O[C@H]4CC[C@]5([C@@H](C4)CC[C@@H]6[C@@H]5CC[C@]7([C@@]6(CC[C@@H]7C8=CC(=O)OC8)O)C)C)C)C)O)O	73707526	WDJUZGPOPHTGOT-DTLXFLGHSA-N	C41H64O13
CC(=C)[C@@H]1CC[C@]2([C@H]1[C@H]3CC[C@@H]4[C@]5(CC[C@@H](C([C@@H]5CC[C@]4([C@@]3(CC2)C)C)(C)C)O[C@H]6[C@@H]([C@H]([C@@H]([C@H](O6)C(=O)O)O)O)O[C@H]7[C@@H]([C@H]([C@@H](CO7)O)O)O)C)C(=O)O	102593737	XYJCCFXORKGKBP-CRMFQGSTSA-N	C41H64O13
C[C@@H]1CC[C@@]2(CC[C@@]3(C(=CCC4[C@]3(CCC5[C@@]4(CC[C@@H](C5(C)C)O[C@H]6[C@@H]([C@H]([C@@H]([C@H](O6)C)O)OC7C(C(C(CO7)O)O)O)O)C)C)[C@@H]2[C@H]1C)C(=O)O)C(=O)O	45359572	BVSGHFUJMZEKGT-MMSGUKTRSA-N	C41H64O13
CC1[C@H]([C@@H](C[C@@H](O1)O[C@H]2CC[C@]3([C@@H](C2)CC[C@@H]4[C@@H]3CC[C@]5([C@@]4(CC[C@@H]5C6=CC(=O)OC6)O)C)C)O)O[C@H]7C[C@H]([C@@H](C(O7)C)O[C@H]8CC([C@@H](C(O8)C)O)O)O	126611960	WDJUZGPOPHTGOT-ZURINXDKSA-N	C41H64O13
CC1CC[C@@]2(C(C3C(O2)CC4[C@@]3(CCC5C4CC=C6[C@@]5(C(CC(C6)O)OC7C(C(C(C(O7)C)O)O)OC8C(C(C(C(O8)C)O)OC(=O)C)O)C)C)C)OC1	145706175	KSIVGTKSVYIZEB-YNSDLTNASA-N	C41H64O13
C[C@H]1[C@H]([C@H](C[C@@H](O1)O[C@@H]2[C@@H](O[C@H](C[C@@H]2O)O[C@@H]3[C@@H](O[C@H](C[C@@H]3O)O[C@H]4CC[C@]5([C@@H](C4)CC[C@@H]6[C@@H]5CC[C@]7([C@@]6(CC[C@@H]7C8=CC(=O)OC8)O)C)C)C)C)O)O	11251271	WDJUZGPOPHTGOT-PNKBMINJSA-N	C41H64O13
CC1[C@H]([C@@H](C[C@@H](O1)O[C@H]2[C@@H](C[C@@H](OC2C)O[C@H]3[C@@H](C[C@@H](OC3C)O[C@H]4CC[C@]5([C@H](C4)CCC6C5CC[C@]7([C@@]6(CC[C@@H]7C8=CC(=O)OC8)O)C)C)O)O)O)O	71165158	WDJUZGPOPHTGOT-KWRVMGPGSA-N	C41H64O13
CC1C(C(CC(O1)OC2C(OC(CC2O)OC3C(OC(CC3O)OC4CCC5(C(C4)CCC6C5CCC7(C6(CC(C7)C8=CC(=O)OC8)O)C)C)C)C)O)O	23277729	JNISRQLCXDKLSP-UHFFFAOYSA-N	C41H64O13
C[C@]12CC[C@@H](C(C1CC[C@@]3([C@@H]2CC=C4[C@]3(CC[C@@]5([C@H]4CC(CC5)(C)C)C(=O)O)C)C)(C)C)O[C@H]6[C@@H]([C@H]([C@@H]([C@H](O6)C(=O)O)O)O[C@@H]7[C@@H]([C@H]([C@@H](CO7)O)O)O)O	6918371	HWYBGIDROCYPOE-RVQBDHPJSA-N	C41H64O13
C[C@H]1C[C@@H](O[C@@H]([C@H]1OC2C[C@@H]([C@@H]([C@H](O2)C)O)O)O)O[C@@H]3[C@H](O[C@H](C[C@@H]3O)O[C@H]4CC[C@]5([C@H](C4)CCC6[C@@H]5CC[C@]7([C@@]6(CC[C@@H]7C8=CC(=O)OC8)O)C)C)C	53389553	QIQZRUVFFSNDSJ-PBOXHNLCSA-N	C41H64O13
C[C@@]12CCC3(CCC(CC3C1=CCC4C2(CCC5C4(CCC(C5(C)C)O[C@H]6[C@@H]([C@H]([C@@H]([C@H](O6)C(=O)O)O[C@H]7[C@H]([C@@H]([C@H](O7)CO)O)O)O)O)C)C)(C)C)C(=O)O	10327817	DDHCJXBGKMDIFP-YKJJNQTOSA-N	C41H64O13
CCCCCCCC(=O)O[C@H]1/C(=C/C(=O)OC)/C[C@H]2CC(OC(=O)C[C@@H](C[C@@H]3CCCC(O3)CC4C[C@@H](O[C@@H](O4)/C=C/C([C@@]1(O2)O)(C)C)CC=C)O)CO	58520734	GFSMWTKAOHWHFA-KCUZKNABSA-N	C41H64O13
C[C@@H]1[C@H]([C@H](C[C@@H](O1)O[C@@H]2[C@H](O[C@H](C[C@@H]2O)O[C@@H]3[C@H](O[C@H](C[C@@H]3O)O[C@H]4CC[C@]5([C@@H](C4)CC[C@@H]6[C@@H]5CC[C@]7([C@@]6(CC[C@H]7C8=CC(=O)OC8)O)C)C)C)C)O)O	6281	WDJUZGPOPHTGOT-ADSZZZNASA-N	C41H64O13
C[C@@H]1CC[C@@]2(CC[C@@]3(C(=CC[C@H]4[C@]3(CC[C@@H]5[C@@]4(CC[C@@H]([C@@]5(C)CO)O[C@H]6[C@@H]([C@H]([C@@H](CO6)O)O)O)C)C)[C@@H]2C1=C)C)C(=O)O[C@H]7[C@@H]([C@H]([C@@H]([C@H](O7)CO)O)O)O	102469260	LJCUOMZSVKPSBW-ITKYWHDVSA-N	C41H64O13
C[C@@H]1C(C(CC(O1)O[C@H]2[C@H](CC(OC2C)OC3[C@H](OC(CC3O)O[C@H]4CC[C@]5([C@@H](C4)CC[C@@H]6C5CC[C@]7([C@@]6(CC[C@@H]7C8=CC(=O)OC8)O)C)C)C)O)O)O	59886277	WDJUZGPOPHTGOT-ZGHLOINRSA-N	C41H64O13
CC(=C)[C@@H]1CC[C@]2([C@H]1[C@H]3CC[C@@H]4[C@]5(CC[C@@H](C(C5CC[C@]4([C@@]3(CC2)C)C)(C)C)O[C@H]6[C@@H]([C@H]([C@@H]([C@H](O6)C(=O)O)O)O[C@H]7[C@@H]([C@H]([C@@H](CO7)O)O)O)O)C)C(=O)O	10557079	FATHCRLYTUASTE-WYEVEPTJSA-N	C41H64O13
CC1(CCC2(CCC3(C(=CCC4C3(CCC5C4(CCC(C5(C)C)OC6C(C(C(C(O6)C(=O)O)OC7C(C(C(O7)CO)O)O)O)O)C)C)C2C1)C)C(=O)O)C	14355722	DDHCJXBGKMDIFP-UHFFFAOYSA-N	C41H64O13
C/C=C(\C)/C(=O)O[C@H]1[C@H]([C@@]2([C@H](C[C@@]3(C(=CC[C@H]4[C@]3(CC[C@@H]5[C@@]4(CC[C@@H]([C@@]5(C)CO)O[C@H]6[C@@H]([C@H]([C@@H]([C@H](O6)C(=O)O)O)O)O)C)C)[C@@H]2CC1(C)C)C)O)CO)O	102069189	UOZWTEQSPIEUHT-CAGGVNOOSA-N	C41H64O13
CC1C(C(C(C(O1)OC2C(C(COC2O[C@H]3CC[C@]4(C(C3(C)C)CCC5C4=C[C@@H](C67[C@]5(CC[C@@H]6[C@](OC7=O)(C)[C@H]8CCC(O8)(C)C)C)O)C)O)O)O)O)O	23427350	NQFHHYUYGUWURI-QTQZDRHMSA-N	C41H64O13
C[C@@H](C#C[C@@]12[C@@](O1)(C[C@H](CC2(C)C)OC(=O)C)C)O[C@H]3[C@@H]([C@H]([C@@H]([C@H](O3)COC(=O)C(C)(C)C)OC(=O)C(C)(C)C)OC(=O)C(C)(C)C)OC(=O)C(C)(C)C	11083234	ZOCLTYJOBCDMPM-LPYFGXLSSA-N	C41H64O13
C[C@@H]1[C@H]([C@H](C[C@@H](O1)O[C@@H]2[C@H](O[C@H](C[C@@H]2O)O[C@@H]3[C@H](O[C@H](C[C@@H]3O)O[C@H]4CC[C@]5([C@@H](C4)CC[C@@H]6[C@@H]5CC[C@]7([C@@]6(CC[C@@H]7C8=COC(=C8)O)O)C)C)C)C)O)O	145864722	KFSMYZHQQKRKMN-XUDUSOBPSA-N	C41H64O13
CCCCCCCC(=O)O[C@H]1C(=CC(=O)OC)C[C@H]2C[C@@H](OC(=O)C[C@@H](C[C@@H]3CCC[C@@H](O3)C[C@@H]4C[C@@H](O[C@@H](O4)C=CC([C@@]1(O2)O)(C)C)CC=C)O)CO	91495998	GFSMWTKAOHWHFA-AQCLNWEISA-N	C41H64O13
CCCCCCCC(=O)O[C@H]1/C(=C/C(=O)OC)/C[C@H]2C[C@@H](OC(=O)C[C@@H](C[C@@H]3CCC[C@@H](O3)CC4C[C@@H](O[C@@H](O4)/C=C/C([C@@]1(O2)O)(C)C)CC=C)O)CO	57572413	GFSMWTKAOHWHFA-LYDLNFEUSA-N	C41H64O13
C[C@@H]1CC2CC[C@H]3C(=C)CC(O3)CCC(=O)C[C@@H]4C([C@@H](C(O4)C([C@@H]5CCCC(O5)CC(=O)CC6[C@H](C(OC6CC(C1=C)O2)CC(CO)O)OC)O)OC)O	147701862	GTAALWIIHLHPAJ-PLWMSJQPSA-N	C41H64O13
C[C@H]1[C@H]([C@H](C[C@@H](O1)O[C@@H]2[C@H](O[C@H](C[C@@H]2O)O[C@H]3CC[C@@]4([C@H]5C[C@H]([C@@]6([C@@](CC[C@@]6([C@@]5(CC=C4C3)O)O)(C(=O)C)O)C)OC(=O)/C=C(/C)\C(C)C)C)C)OC)O	72696177	MLLPVUCVZHUKDX-WVAMLJGBSA-N	C41H64O13
CCCCCCCC(=O)O[C@H]1/C(=C/C(=O)OC)/C[C@H]2C[C@@H](OC(=O)C[C@@H](C[C@@H]3CCC[C@@H](O3)C[C@@H]4CC(=C(C)C)O[C@@H](O4)/C=C/C([C@@]1(O2)O)(C)C)O)CO	90360282	ZAMMPRRAPWNPBU-JLWDPPFRSA-N	C41H64O13
C[C@H]1[C@@H]([C@H]([C@H]([C@@H](O1)O[C@@H]2[C@H]([C@H](CO[C@H]2O[C@H]3CC[C@@]4([C@H]5[C@H](CC6=C7[C@]([C@@]8(CC[C@@]7(CC[C@]6([C@@]5(CCC4C3(C)C)C)C)C(=O)O8)C)(C)O)O)C)O)O)O)O)O	11664959	ZCLOTHNFIJHYQX-DNADRFLASA-N	C41H64O13
C[C@@H]1[C@H]([C@H](C[C@@H](O1)O[C@H]2[C@H](O[C@@H](C[C@H]2O)O[C@H]3[C@H](O[C@@H](C[C@H]3O)O[C@H]4CC[C@]5([C@H](C4)CC[C@H]6[C@H]5CC[C@]7([C@@]6(CC[C@H]7C8=CC(=O)OC8)O)C)C)C)C)O)O	124924720	WDJUZGPOPHTGOT-YDBHSXRUSA-N	C41H64O13
C[C@H]1[C@@H]([C@@H](C[C@H](O1)O[C@H]2[C@@H](O[C@@H](C[C@H]2O)O[C@H]3[C@@H](O[C@@H](C[C@H]3O)O[C@@H]4CC[C@@]5([C@H](C4)CC[C@H]6[C@H]5CC[C@@]7([C@]6(CC[C@H]7C8=CC(=O)OC8)O)C)C)C)C)O)O	133550152	WDJUZGPOPHTGOT-LRWKMDBOSA-N	C41H64O13
C[C@H]1[C@@H]([C@H]([C@H]([C@@H](O1)O[C@@H]2[C@H]([C@H](CO[C@H]2O[C@H]3CC[C@]4([C@H](C3(C)C)CC[C@@]5([C@@H]4C[C@H](C6=C7[C@]([C@@]8(CC[C@@]7(CC[C@]65C)C(=O)O8)C)(C)O)O)C)C)O)O)O)O)O	21593977	SJXTZRXLMREHNE-FRYXVPRBSA-N	C41H64O13
CC1(CCC2(CCC3(C(=C2C1)CCC4C3(CCC5C4(CCC(C5(C)C)OC6C(C(C(C(O6)C(=O)O)O)OC7C(C(C(CO7)O)O)O)O)C)C)C)C(=O)O)C	53463028	UFYCLHBSIKXUBO-UHFFFAOYSA-N	C41H64O13
C/C=C(\C)/C(=O)O[C@H]1[C@@H]([C@@]2([C@H](C[C@@]3(C(=CC[C@H]4[C@]3(CC[C@@H]5[C@@]4(CC[C@@H]([C@@]5(C)CO)O[C@H]6[C@@H]([C@H]([C@@H]([C@H](O6)C(=O)O)O)O)O)C)C)[C@@H]2CC1(C)C)C)O)CO)O	14264063	UOZWTEQSPIEUHT-LHNBZPRDSA-N	C41H64O13
C[C@@H]1CC[C@@]2([C@H]([C@H]3[C@@H](O2)C[C@@H]4[C@@]3(CC[C@H]5[C@H]4CC=C6[C@@]5([C@@H](C[C@@H](C6)O)O[C@H]7[C@@H]([C@H]([C@H]([C@H](O7)C)O)O)O[C@H]8[C@@H]([C@@H]([C@H]([C@@H](O8)C)O)OC(=O)C)O)C)C)C)OC1	46173858	KSIVGTKSVYIZEB-GDUJLLAZSA-N	C41H64O13
CC1[C@H]([C@@H](CC(O1)O[C@H]2[C@@H](CC(OC2C)O[C@H]3[C@@H](CC(OC3C)O[C@H]4CCC5([C@@H](C4)CCC6C5CCC7([C@@]6(CC[C@@H]7C8=CC(=O)OC8)O)C)C)O)O)O)O	121430395	WDJUZGPOPHTGOT-BEHWHNLMSA-N	C41H64O13
C[C@]12CC[C@@H](C([C@@H]1CC[C@@]3([C@@H]2CC=C4[C@]3(CC[C@@]5([C@H]4CC(CC5)(C)C)C(=O)O)C)C)(C)C)O[C@H]6[C@@H]([C@H]([C@@H]([C@H](O6)C(=O)O)O[C@H]7[C@@H]([C@H]([C@@H](O7)CO)O)O)O)O	162878	DDHCJXBGKMDIFP-LLUWHUROSA-N	C41H64O13
C[C@@H]1CC[C@@]2([C@H]([C@@H]3[C@@H](O2)C[C@@H]4[C@]3(CC[C@@H]5[C@H]4CC=C6[C@]5([C@@H](C[C@@H](C6)O)O[C@@H]7[C@@H]([C@H]([C@H]([C@H](O7)C)O)O)O[C@H]8[C@@H]([C@@H]([C@H]([C@@H](O8)C)O)OC(=O)C)O)C)C)C)OC1	125032770	KSIVGTKSVYIZEB-PNGUUVJXSA-N	C41H64O13
C[C@@H]1C[C@@H]2CC[C@H]3C(=C)CC(O3)CCC(=O)C[C@@H]4C([C@@H](C(O4)C([C@@H]5CCCC(O5)CC(=O)CC6[C@H](C(OC6CC(C1=C)O2)CC(CO)O)OC)O)OC)O	147701861	GTAALWIIHLHPAJ-IMFTWPSESA-N	C41H64O13
C[C@@H]1[C@H]([C@H](C[C@@H](O1)O[C@@H]2[C@H](OC(C[C@@H]2O)O[C@@H]3[C@H](O[C@H](C[C@@H]3O)O[C@H]4CC[C@]5(C(C4)CCC6C5CC[C@]7([C@@]6(CC[C@@H]7C8=CC(=O)OC8)O)C)C)C)C)O)O	68316900	WDJUZGPOPHTGOT-AYBUPHHGSA-N	C41H64O13
C[C@H]1[C@@H]([C@H]([C@H]([C@@H](O1)O[C@@H]2[C@H]([C@H](CO[C@H]2O[C@H]3CC[C@@]4([C@H]5C[C@H](C6=C7[C@]([C@@]8(CC[C@@]7(CC[C@]6([C@@]5(CCC4C3(C)C)C)C)C(=O)O8)C)(C)O)O)C)O)O)O)O)O	11556802	SJXTZRXLMREHNE-LIOGZNHVSA-N	C41H64O13
C[C@@H]1[C@H]2C3=CC[C@H]4[C@]([C@@]3(CC[C@]2(CCC1=C)C(=O)O)C)(CC[C@@H]5[C@@]4(C[C@H]([C@@H](C5(C)C)O[C@H]6[C@@H]([C@H]([C@@H]([C@H](O6)CO)O)O[C@H]7[C@@H]([C@H]([C@@H](CO7)O)O)O)O)O)C)C	101035470	OVSUBMGPYLUTRE-MPQNFGLWSA-N	C41H64O13
CCCCCCCC(=O)O[C@H]1C(=CC(=O)OC)C[C@H]2CC(OC(=O)C[C@@H](C[C@@H]3CCC[C@@H](O3)CC4C[C@@H](O[C@@H](O4)C=CC([C@@]1(O2)O)(C)C)CC=C)O)CO	90705826	GFSMWTKAOHWHFA-DRNUOGSNSA-N	C41H64O13
CC1[C@H]([C@@H](C[C@@H](O1)O[C@H]2[C@@H](C[C@@H](OC2C)O[C@H]3[C@@H](C[C@@H](OC3C)O[C@H]4CCC5([C@H](C4)CC[C@@H]6C5CCC7([C@@]6(CC[C@@H]7C8=CC(=O)OC8)O)C)C)O)O)O)O	134839311	WDJUZGPOPHTGOT-BAKBILPUSA-N	C41H64O13
C[C@@H]1CC[C@@]2([C@H]([C@H]3[C@@H](O2)C[C@@H]4[C@@]3(CC[C@H]5[C@H]4CC=C6[C@@]5([C@@H](C[C@@H](C6)O)O[C@H]7[C@@H]([C@H]([C@H]([C@H](O7)C)O)O)O[C@H]8[C@@H]([C@@H]([C@H]([C@@H](O8)C)O)O)OC(=O)C)C)C)C)OC1	101998833	VSZDNXXXAMERPP-JBFSNKDOSA-N	C41H64O13
CC(=C)[C@@H]1CC[C@]2([C@H]1[C@H]3CCC4[C@]5(CC[C@H](C([C@@H]5CC[C@]4([C@@]3(CC2)C)C)(C)C)[C@]6([C@@H]([C@H](O[C@H]([C@@H]6O)O)C(=O)O)O)O[C@H]7[C@@H]([C@H]([C@@H](CO7)O)O)O)C)C(=O)O	70072284	CUWZXKXDFVHHQY-PNILCELGSA-N	C41H64O13
C[C@@H]1CC[C@@]2([C@H]([C@H]3[C@@H](O2)CC4[C@@]3(CCC5C4CC=C6[C@@]5(C(CC(C6)O)O[C@H]7[C@@H]([C@H]([C@H]([C@H](O7)C)O)O)O[C@H]8[C@@H]([C@@H]([C@H]([C@@H](O8)C)O)OC(=O)C)O)C)C)C)OC1	91884698	KSIVGTKSVYIZEB-FYHPBYDPSA-N	C41H64O13
CC1[C@@H](C(C[C@@H](O1)O[C@H]2C(O[C@H](CC2O)O[C@H]3C(O[C@H](CC3O)O[C@H]4CC[C@]5([C@@H](C4)CC[C@@H]6[C@@H]5CC[C@]7([C@@]6(CC[C@@H]7C8=CC(=O)OC8)O)C)C)C)C)O)O	154809236	WDJUZGPOPHTGOT-GQXYQDEASA-N	C41H64O13
C[C@@H]1C[C@@H](O[C@@H](C1=C)C)CC[C@H]2C(=C)C[C@@H](O2)CCC(=O)C[C@@H]3[C@@H]([C@H]4[C@@H](O3)[C@H]([C@@H]5[C@@H](O4)CC[C@@H](O5)CC(=O)C[C@H]6[C@@H](O[C@@H]([C@@H]6OC)C[C@@H](CO)O)C)O)O	130179122	BWRYXGFOEUSHML-PYPKYHKWSA-N	C41H64O13
C[C@]12CCC(C(C1CC[C@@]3(C2CC=C4[C@]3(CC[C@@]5([C@@H]4CC(CC5)(C)C)C(=O)O)C)C)(C)C)O[C@H]6[C@@H]([C@H]([C@@H]([C@H](O6)C(=O)O)O)O[C@H]7[C@@H]([C@H]([C@@H](CO7)O)O)O)O	91884876	HWYBGIDROCYPOE-ANIFGBJSSA-N	C41H64O13
CC(=C)C1CC[C@]2(C1[C@H]3CC[C@@H]4[C@]5(CC[C@@H](C(C5CC[C@]4([C@@]3(CC2)C)C)(C)C)O[C@H]6[C@@H]([C@H]([C@@H]([C@H](O6)C(=O)O)O)O)O[C@H]7[C@@H]([C@H]([C@@H](CO7)O)O)O)C)C(=O)O	45114513	XYJCCFXORKGKBP-MKRMRUOFSA-N	C41H64O13
C[C@]12CC[C@@H](C([C@@H]1CC[C@@]3([C@@H]2CC=C4[C@]3(CC[C@@]5([C@H]4CC(CC5)(C)C)C(=O)O)C)C)(C)C)O[C@H]6[C@@H]([C@H]([C@@H]([C@H](O6)C(=O)O)O)O)O[C@H]7[C@@H]([C@H]([C@@H](CO7)O)O)O	21633070	CCNVMXYTOOTNCQ-WWCRPRAJSA-N	C41H64O13
C[C@]12CC[C@@H](C([C@@H]1CC[C@@]3([C@@H]2CC=C4[C@]3(CC[C@@]5([C@H]4CC(CC5)(C)C)C(=O)O)C)C)(C)C)O[C@H]6[C@@H]([C@H]([C@@H]([C@H](O6)C(=O)O)O[C@H]7[C@@H]([C@H]([C@@H](CO7)O)O)O)O)O	20056370	SQKCZDVVALPUHF-GIVLDPEDSA-N	C41H64O13
CCCCCCCC(=O)O[C@H]1/C(=C/C(=O)OC)/C[C@H]2C[C@@H](OC(=O)C[C@@H](C[C@@H]3CCC[C@@H](O3)C[C@@H]4C[C@@H](O[C@@H](O4)/C=C/C([C@@]1(O2)O)(C)C)CC=C)O)CO	11994856	GFSMWTKAOHWHFA-SMKPXPSJSA-N	C41H64O13
CC1[C@H](C(C[C@@H](O1)O[C@@H]2C(O[C@H](CC2O)O[C@@H]3C(O[C@H](CC3O)O[C@H]4CC[C@]5([C@@H](C4)CC[C@@H]6[C@@H]5CC[C@]7([C@@]6(CC[C@@H]7C8=CC(=O)OC8)O)C)C)C)C)O)O	16397785	WDJUZGPOPHTGOT-YGPXIDDYSA-N	C41H64O13
CC1CCC2(CCC3(C(=CCC4C3(CCC5C4(CCC(C5(C)CO)OC6C(C(C(CO6)O)O)O)C)C)C2C1=C)C)C(=O)OC7C(C(C(C(O7)CO)O)O)O	85400634	LJCUOMZSVKPSBW-UHFFFAOYSA-N	C41H64O13
CC1C(C(CC(O1)OC2C(OC(CC2O)OC3C(OC(CC3O)OC4CCC5([C@H]6CCC7(C(CCC7([C@@H]6CCC5C4)O)C8=CC(=O)OC8)C)C)C)C)O)O	46494868	WDJUZGPOPHTGOT-BMPBUTHOSA-N	C41H64O13
CCCCCCCC(=O)O[C@H]1/C(=C/C(=O)OC)/C[C@H]2C[C@@H](OC(=C)C[C@@H](C[C@@H]3CCCC(O3)CC4C[C@@H](O[C@@H](O4)/C=C/C([C@@]1(O2)O)(C)C)CC=O)O)CO	58460104	PANMKIAOQVAPBU-XIQPFQJTSA-N	C41H64O13
C[C@H](C#C[C@@]12[C@@](O1)(C[C@H](CC2(C)C)OC(=O)C)C)O[C@H]3[C@@H]([C@H]([C@@H]([C@H](O3)COC(=O)C(C)(C)C)OC(=O)C(C)(C)C)OC(=O)C(C)(C)C)OC(=O)C(C)(C)C	11007202	ZOCLTYJOBCDMPM-HAROQNTDSA-N	C41H64O13
C[C@H]1[C@H]([C@H](C[C@@H](O1)O[C@@H]2[C@H](O[C@H](C[C@@H]2O)O[C@H]3CC[C@@]4(C5C[C@H]([C@@]6([C@@](CC[C@@]6([C@@]5(CC=C4C3)O)O)(C(=O)C)O)C)OC(=O)/C=C(/C)\C(C)C)C)C)OC)O	73387904	MLLPVUCVZHUKDX-ZUJDEOMLSA-N	C41H64O13
C[C@@H]1[C@H]([C@H](C[C@@H](O1)O[C@@H]2[C@H](O[C@H](C[C@@H]2O)O[C@@H]3[C@H](O[C@H](C[C@@H]3O)O[C@H]4CC[C@]5([C@H](C4)CC[C@@H]6[C@H]5CC[C@]7([C@@]6(CC[C@@H]7C8=CC(=O)OC8)O)C)C)C)C)O)O	134687958	WDJUZGPOPHTGOT-NXNJIJLOSA-N	C41H64O13
CC(=C)[C@@H]1CC[C@]2([C@H]1[C@H]3CCC4[C@]5(CCC(C([C@@H]5CC[C@]4([C@@]3(CC2)C)C)(C)C)[C@]6([C@@H]([C@H](O[C@H]([C@@H]6O[C@H]7[C@@H]([C@H]([C@@H](CO7)O)O)O)O)C(=O)O)O)O)C)C(=O)O	70071193	GCCQYNHLENOGRR-JBQUEIOXSA-N	C41H64O13
CCCCCCCC(=O)O[C@H]1/C(=C/C(=O)OC)/C[C@H]2C[C@H](OC(=O)C[C@@H](C[C@@H]3CCC[C@@H](O3)C[C@@H]4C[C@@H](O[C@@H](O4)/C=C/C([C@@]1(O2)O)(C)C)CC=C)O)CO	16667488	GFSMWTKAOHWHFA-GNLPJYNQSA-N	C41H64O13
C[C@@H]1CC[C@@]2(CC[C@@]3(C(=CCC4[C@]3(CCC5[C@@]4(CC[C@@H](C5(C)C)O[C@H]6[C@@H]([C@H]([C@@H]([C@H](O6)C)O)O)O[C@H]7[C@@H]([C@H]([C@H](CO7)O)O)O)C)C)[C@@H]2[C@H]1C)C(=O)O)C(=O)O	23786457	CRTSEEJTRISWNE-LWEPFEDYSA-N	C41H64O13
C[C@@]12CC[C@@H]3[C@@]([C@H]1CC=C4[C@]2(CC[C@]56[C@H]4CC([C@H](C5)OC6=O)(C)C)C)(C[C@H]([C@@H](C3(C)C)O[C@H]7[C@@H]([C@H]([C@@H]([C@H](O7)CO)O[C@H]8[C@@H]([C@H]([C@@H](CO8)O)O)O)O)O)O)C	132518374	SAOSGOWWSCUONA-JLVIBINASA-N	C41H64O13
[3H]C1C(=C(C(=O)O1)[3H])[C@H]2CC[C@]3([C@@]2(CC[C@H]4[C@H]3CC[C@H]5[C@@]4(CC[C@@H](C5)O[C@H]6C[C@@H]([C@@H]([C@H](O6)C)O[C@H]7C[C@@H]([C@@H]([C@H](O7)C)O[C@H]8C[C@@H]([C@@H]([C@H](O8)C)O)O)O)O)C)C)O	50924540	WDJUZGPOPHTGOT-WRBHDQOLSA-N	C41H64O13
CC1C(C(CC(O1)OC2C(OC(CC2O)OC3C(OC(CC3O)O[C@H]4CC[C@]5([C@@H](C4)CC[C@@H]6[C@@H]5CC[C@]7([C@]6(CC[C@@H]7C8=CC(=O)OC8)O)C)C)C)C)O)O	134990385	WDJUZGPOPHTGOT-WGBPJQMYSA-N	C41H64O13
CC1C(CCC(O1)OC2C(OC(CC2O)OC3CCC4(C(C3)CCC5C4CC(C6(C5(CCC6C7=CC(=O)OC7)O)C)O)C)C)OC8CC(C(C(O8)C)O)O	89988540	SJHMDOJPWMOEBE-UHFFFAOYSA-N	C41H64O13
C[C@@H]1[C@H]([C@H](C[C@@H](O1)OC2[C@H](O[C@H](C[C@@H]2O)OC3[C@H](O[C@H](C[C@@H]3O)O[C@H]4CC[C@]5([C@@H](C4)CCC6C5CC[C@]7([C@@]6(CC[C@@H]7C8=CC(=O)OC8)O)C)C)C)C)O)O	138607392	WDJUZGPOPHTGOT-FHDJSHFRSA-N	C41H64O13
CC1C(C(CC(O1)OC2C(OC(CC2O)OC3C(OC(CC3O)OC4CC[C@@]5([C@H]6CC[C@@]7([C@H](CCC7([C@@H]6CCC5C4)O)C8=CC(=O)OC8)C)C)C)C)O)O	91885306	WDJUZGPOPHTGOT-ZEXXRMJKSA-N	C41H64O13
C[C@@H]1[C@H]([C@H](C[C@@H](O1)O[C@@H]2[C@H](O[C@H](C[C@@H]2O)OC3[C@H](O[C@H](C[C@@H]3O)OC4CC[C@]5([C@@H](C4)CC[C@@H]6[C@@H]5CC[C@]7([C@@]6(CC[C@@H]7C8=CC(=O)OC8)O)C)C)C)C)O)O	5351469	WDJUZGPOPHTGOT-XNEGYZOOSA-N	C41H64O13
C[C@@H]1[C@H]([C@H](C[C@@H](O1)O[C@@H]2[C@H](O[C@@H](C[C@@H]2O)O[C@@H]3[C@H](O[C@H](C[C@@H]3O)O[C@H]4CC[C@]5([C@@H](C4)CC[C@@H]6[C@@H]5CC[C@]7([C@@]6(CC[C@@H]7C8=CC(=O)OC8)O)C)C)C)C)O)O	24847903	WDJUZGPOPHTGOT-BNHFEGKLSA-N	C41H64O13
C[C@]12CC[C@@](C[C@H]1C3=CC[C@@H]4[C@]5(CC[C@@H](C([C@@H]5CC[C@]4([C@@]3(CC2)C)C)(C)C)O[C@H]6[C@@H]([C@H]([C@@H]([C@H](O6)C(=O)O)O)O)O[C@H]7[C@@H]([C@H]([C@H](CO7)O)O)O)C)(C)C(=O)O	102196453	BJBDCBHAJBEHLX-CCEMPZPPSA-N	C41H64O13
C[C@@H]1[C@H]([C@H](C[C@@H](O1)O[C@@H]2[C@H](O[C@H](C[C@@H]2O)O[C@@H]3[C@H](O[C@@H](C[C@@H]3O)O[C@H]4CC[C@]5([C@@H](C4)CC[C@@H]6[C@@H]5CC[C@]7([C@@]6(CC[C@@H]7C8=CC(=O)OC8)O)C)C)C)C)O)O	15558253	WDJUZGPOPHTGOT-PJJPTBQKSA-N	C41H64O13
CCCCCCCC(=O)O[C@H]1/C(=C/C(=O)OC)/C[C@H]2CC(OC(=O)C[C@@H](C[C@@H]3CCC[C@@H](O3)CC4C[C@@H](O[C@@H](O4)/C=C/C([C@@]1(O2)O)(C)C)CC=C)O)CO	57557624	GFSMWTKAOHWHFA-SDNPFSFVSA-N	C41H64O13
C[C@@H]1CC[C@@]2(CC[C@@]3(C(=CC[C@H]4[C@]3(CC[C@@H]5[C@@]4(CC[C@@H](C5(C)C)O[C@H]6[C@@H]([C@@H]([C@H]([C@@H](O6)C)O)O[C@H]7[C@@H]([C@H]([C@@H](CO7)O)O)O)O)C)C)[C@@H]2[C@H]1C)C(=O)O)C(=O)O	10033101	BVSGHFUJMZEKGT-WVWUUSRWSA-N	C41H64O13
C[C@H]1CC[C@@]2([C@H]([C@H]3[C@@H](O2)C[C@@H]4[C@@]3(CC[C@H]5[C@H]4CC=C6[C@@]5([C@@H](C[C@@H](C6)O)O[C@H]7[C@@H]([C@H]([C@H]([C@H](O7)C)O)O)O[C@H]8[C@@H]([C@@H]([C@H]([C@@H](O8)C)O)O)OC(=O)C)C)C)C)OC1	101998832	VSZDNXXXAMERPP-ZLNOXXBCSA-N	C41H64O13
CC1[C@H]([C@@H](C[C@@H](O1)O[C@H]2[C@@H](C[C@@H](OC2C)O[C@H]3[C@@H](C[C@@H](OC3C)O[C@H]4CCC5([C@@H](C4)CC[C@@H]6C5CCC7(C6(CC[C@@H]7C8=CC(=O)OC8)O)C)C)O)O)O)O	71023786	WDJUZGPOPHTGOT-QQAODCAJSA-N	C41H64O13
C[C@H]1[C@H]([C@H](C[C@@H](O1)O[C@@H]2[C@H](O[C@H](C[C@@H]2O)O[C@@H]3[C@H](O[C@H](C[C@@H]3O)O[C@H]4CC[C@]5([C@@H](C4)CC[C@@H]6[C@@H]5CC[C@]7([C@@]6(CC[C@@H]7C8=CC(=O)OC8)O)C)C)C)C)O)O	11968425	WDJUZGPOPHTGOT-WVLIYAMHSA-N	C41H64O13
C[C@@H]1CC[C@@]2([C@H]([C@@H]3[C@@H](O2)C[C@@H]4[C@@]3(CC[C@@H]5[C@H]4CC=C6[C@@]5([C@@H](C[C@@H](C6)O)O[C@H]7[C@@H]([C@@H]([C@H]([C@H](O7)C)O)O)O[C@H]8[C@@H]([C@@H]([C@@H]([C@@H](O8)C)O)OC(=O)C)O)C)C)C)OC1	126969744	KSIVGTKSVYIZEB-AKPDTRLISA-N	C41H64O13
C[C@]12CC[C@@H](C([C@@H]1CC[C@@]3([C@@H]2CC=C4[C@]3(CC[C@@]5([C@H]4CC(CC5)(C)C)C(=O)O)C)C)(C)C)O[C@H]6[C@H]([C@@H]([C@H]([C@@H](O6)C(=O)O)O)O[C@@H]7[C@H]([C@@H]([C@H](CO7)O)O)O)O	132399071	HWYBGIDROCYPOE-FHPGXLOVSA-N	C41H64O13
CC[C@H]1[C@@H]([C@H](C/C(=C/C=C/[C@H]([C@H](OC(=O)/C(=C/C(=C/[C@@H]([C@H]1O)C)/C)/OC)[C@H](C)[C@H]([C@@H](C)[C@]2(C[C@H]([C@H]([C@H](O2)C)C)OC(=O)/C=C/C(=O)O)O)O)OC)/C)C)O	139588909	FFXNCZHMXIHYJQ-SXEKAWBDSA-N	C41H64O13
CCOC1=C(C(=C(C(=C1OCC)OC(=O)C(=C)C)OCC)OCC)C(C)(C)C2(C=CC(C(C2(OCC)OCC)(OCC)OCC)OC(=O)C(=C)C)OCC	139949275	HAENWJWZEZOKSD-UHFFFAOYSA-N	C41H64O13
CC1C(C(CC(O1)OC2C(OC(CC2O)OC3C(OC(CC3O)O[C@H]4CCC5([C@@H](C4)CCC6C5CCC7(C6(CCC7C8=CC(=O)OC8)O)C)C)C)C)O)O	6432666	WDJUZGPOPHTGOT-QWBKWJIZSA-N	C41H64O13
